[0.217s] DEBUG:colcon:Command line arguments: ['/usr/bin/colcon', 'build']
[0.217s] DEBUG:colcon:Parsed command line arguments: Namespace(log_base=None, log_level=None, verb_name='build', build_base='build', install_base='install', merge_install=False, symlink_install=False, test_result_base=None, continue_on_error=False, executor='parallel', parallel_workers=6, event_handlers=None, ignore_user_meta=False, metas=['./colcon.meta'], base_paths=['.'], packages_ignore=None, packages_ignore_regex=None, paths=None, packages_up_to=None, packages_up_to_regex=None, packages_above=None, packages_above_and_dependencies=None, packages_above_depth=None, packages_select_by_dep=None, packages_skip_by_dep=None, packages_skip_up_to=None, packages_select_build_failed=False, packages_skip_build_finished=False, packages_select_test_failures=False, packages_skip_test_passed=False, packages_select=None, packages_skip=None, packages_select_regex=None, packages_skip_regex=None, packages_start=None, packages_end=None, allow_overriding=[], cmake_args=None, cmake_target=None, cmake_target_skip_unavailable=False, cmake_clean_cache=False, cmake_clean_first=False, cmake_force_configure=False, ament_cmake_args=None, catkin_cmake_args=None, catkin_skip_building_tests=False, verb_parser=<colcon_defaults.argument_parser.defaults.DefaultArgumentsDecorator object at 0xffff8e52f580>, verb_extension=<colcon_core.verb.build.BuildVerb object at 0xffff8e6a1270>, main=<bound method BuildVerb.main of <colcon_core.verb.build.BuildVerb object at 0xffff8e6a1270>>)
[0.580s] Level 1:colcon.colcon_core.package_discovery:discover_packages(colcon_meta) check parameters
[0.581s] Level 1:colcon.colcon_core.package_discovery:discover_packages(recursive) check parameters
[0.581s] Level 1:colcon.colcon_core.package_discovery:discover_packages(ignore) check parameters
[0.581s] Level 1:colcon.colcon_core.package_discovery:discover_packages(path) check parameters
[0.581s] Level 1:colcon.colcon_core.package_discovery:discover_packages(colcon_meta) discover
[0.581s] Level 1:colcon.colcon_core.package_discovery:discover_packages(recursive) discover
[0.581s] INFO:colcon.colcon_core.package_discovery:Crawling recursively for packages in '/home/jeff/theimc_robot'
[0.581s] Level 1:colcon.colcon_core.package_identification:_identify(.) by extensions ['ignore', 'ignore_ament_install']
[0.582s] Level 1:colcon.colcon_core.package_identification:_identify(.) by extension 'ignore'
[0.582s] Level 1:colcon.colcon_core.package_identification:_identify(.) by extension 'ignore_ament_install'
[0.582s] Level 1:colcon.colcon_core.package_identification:_identify(.) by extensions ['colcon_pkg']
[0.582s] Level 1:colcon.colcon_core.package_identification:_identify(.) by extension 'colcon_pkg'
[0.582s] Level 1:colcon.colcon_core.package_identification:_identify(.) by extensions ['colcon_meta']
[0.582s] Level 1:colcon.colcon_core.package_identification:_identify(.) by extension 'colcon_meta'
[0.582s] Level 1:colcon.colcon_core.package_identification:_identify(.) by extensions ['ros']
[0.582s] Level 1:colcon.colcon_core.package_identification:_identify(.) by extension 'ros'
[0.604s] Level 1:colcon.colcon_core.package_identification:_identify(.) by extensions ['cmake', 'python']
[0.605s] Level 1:colcon.colcon_core.package_identification:_identify(.) by extension 'cmake'
[0.605s] Level 1:colcon.colcon_core.package_identification:_identify(.) by extension 'python'
[0.605s] Level 1:colcon.colcon_core.package_identification:_identify(.) by extensions ['python_setup_py']
[0.605s] Level 1:colcon.colcon_core.package_identification:_identify(.) by extension 'python_setup_py'
[0.605s] Level 1:colcon.colcon_core.package_identification:_identify(bags) by extensions ['ignore', 'ignore_ament_install']
[0.606s] Level 1:colcon.colcon_core.package_identification:_identify(bags) by extension 'ignore'
[0.606s] Level 1:colcon.colcon_core.package_identification:_identify(bags) by extension 'ignore_ament_install'
[0.606s] Level 1:colcon.colcon_core.package_identification:_identify(bags) by extensions ['colcon_pkg']
[0.606s] Level 1:colcon.colcon_core.package_identification:_identify(bags) by extension 'colcon_pkg'
[0.606s] Level 1:colcon.colcon_core.package_identification:_identify(bags) by extensions ['colcon_meta']
[0.606s] Level 1:colcon.colcon_core.package_identification:_identify(bags) by extension 'colcon_meta'
[0.606s] Level 1:colcon.colcon_core.package_identification:_identify(bags) by extensions ['ros']
[0.606s] Level 1:colcon.colcon_core.package_identification:_identify(bags) by extension 'ros'
[0.606s] Level 1:colcon.colcon_core.package_identification:_identify(bags) by extensions ['cmake', 'python']
[0.607s] Level 1:colcon.colcon_core.package_identification:_identify(bags) by extension 'cmake'
[0.607s] Level 1:colcon.colcon_core.package_identification:_identify(bags) by extension 'python'
[0.607s] Level 1:colcon.colcon_core.package_identification:_identify(bags) by extensions ['python_setup_py']
[0.607s] Level 1:colcon.colcon_core.package_identification:_identify(bags) by extension 'python_setup_py'
[0.607s] Level 1:colcon.colcon_core.package_identification:_identify(bags/camera_odom) by extensions ['ignore', 'ignore_ament_install']
[0.607s] Level 1:colcon.colcon_core.package_identification:_identify(bags/camera_odom) by extension 'ignore'
[0.607s] Level 1:colcon.colcon_core.package_identification:_identify(bags/camera_odom) by extension 'ignore_ament_install'
[0.607s] Level 1:colcon.colcon_core.package_identification:_identify(bags/camera_odom) by extensions ['colcon_pkg']
[0.608s] Level 1:colcon.colcon_core.package_identification:_identify(bags/camera_odom) by extension 'colcon_pkg'
[0.608s] Level 1:colcon.colcon_core.package_identification:_identify(bags/camera_odom) by extensions ['colcon_meta']
[0.608s] Level 1:colcon.colcon_core.package_identification:_identify(bags/camera_odom) by extension 'colcon_meta'
[0.608s] Level 1:colcon.colcon_core.package_identification:_identify(bags/camera_odom) by extensions ['ros']
[0.608s] Level 1:colcon.colcon_core.package_identification:_identify(bags/camera_odom) by extension 'ros'
[0.608s] Level 1:colcon.colcon_core.package_identification:_identify(bags/camera_odom) by extensions ['cmake', 'python']
[0.608s] Level 1:colcon.colcon_core.package_identification:_identify(bags/camera_odom) by extension 'cmake'
[0.608s] Level 1:colcon.colcon_core.package_identification:_identify(bags/camera_odom) by extension 'python'
[0.608s] Level 1:colcon.colcon_core.package_identification:_identify(bags/camera_odom) by extensions ['python_setup_py']
[0.608s] Level 1:colcon.colcon_core.package_identification:_identify(bags/camera_odom) by extension 'python_setup_py'
[0.609s] Level 1:colcon.colcon_core.package_identification:_identify(bags/ekf_raw_teleop_01) by extensions ['ignore', 'ignore_ament_install']
[0.609s] Level 1:colcon.colcon_core.package_identification:_identify(bags/ekf_raw_teleop_01) by extension 'ignore'
[0.609s] Level 1:colcon.colcon_core.package_identification:_identify(bags/ekf_raw_teleop_01) by extension 'ignore_ament_install'
[0.609s] Level 1:colcon.colcon_core.package_identification:_identify(bags/ekf_raw_teleop_01) by extensions ['colcon_pkg']
[0.609s] Level 1:colcon.colcon_core.package_identification:_identify(bags/ekf_raw_teleop_01) by extension 'colcon_pkg'
[0.609s] Level 1:colcon.colcon_core.package_identification:_identify(bags/ekf_raw_teleop_01) by extensions ['colcon_meta']
[0.609s] Level 1:colcon.colcon_core.package_identification:_identify(bags/ekf_raw_teleop_01) by extension 'colcon_meta'
[0.609s] Level 1:colcon.colcon_core.package_identification:_identify(bags/ekf_raw_teleop_01) by extensions ['ros']
[0.609s] Level 1:colcon.colcon_core.package_identification:_identify(bags/ekf_raw_teleop_01) by extension 'ros'
[0.610s] Level 1:colcon.colcon_core.package_identification:_identify(bags/ekf_raw_teleop_01) by extensions ['cmake', 'python']
[0.610s] Level 1:colcon.colcon_core.package_identification:_identify(bags/ekf_raw_teleop_01) by extension 'cmake'
[0.610s] Level 1:colcon.colcon_core.package_identification:_identify(bags/ekf_raw_teleop_01) by extension 'python'
[0.610s] Level 1:colcon.colcon_core.package_identification:_identify(bags/ekf_raw_teleop_01) by extensions ['python_setup_py']
[0.610s] Level 1:colcon.colcon_core.package_identification:_identify(bags/ekf_raw_teleop_01) by extension 'python_setup_py'
[0.610s] Level 1:colcon.colcon_core.package_identification:_identify(bags/result_wheel_ekf) by extensions ['ignore', 'ignore_ament_install']
[0.610s] Level 1:colcon.colcon_core.package_identification:_identify(bags/result_wheel_ekf) by extension 'ignore'
[0.610s] Level 1:colcon.colcon_core.package_identification:_identify(bags/result_wheel_ekf) by extension 'ignore_ament_install'
[0.611s] Level 1:colcon.colcon_core.package_identification:_identify(bags/result_wheel_ekf) by extensions ['colcon_pkg']
[0.611s] Level 1:colcon.colcon_core.package_identification:_identify(bags/result_wheel_ekf) by extension 'colcon_pkg'
[0.611s] Level 1:colcon.colcon_core.package_identification:_identify(bags/result_wheel_ekf) by extensions ['colcon_meta']
[0.611s] Level 1:colcon.colcon_core.package_identification:_identify(bags/result_wheel_ekf) by extension 'colcon_meta'
[0.611s] Level 1:colcon.colcon_core.package_identification:_identify(bags/result_wheel_ekf) by extensions ['ros']
[0.611s] Level 1:colcon.colcon_core.package_identification:_identify(bags/result_wheel_ekf) by extension 'ros'
[0.611s] Level 1:colcon.colcon_core.package_identification:_identify(bags/result_wheel_ekf) by extensions ['cmake', 'python']
[0.611s] Level 1:colcon.colcon_core.package_identification:_identify(bags/result_wheel_ekf) by extension 'cmake'
[0.611s] Level 1:colcon.colcon_core.package_identification:_identify(bags/result_wheel_ekf) by extension 'python'
[0.611s] Level 1:colcon.colcon_core.package_identification:_identify(bags/result_wheel_ekf) by extensions ['python_setup_py']
[0.611s] Level 1:colcon.colcon_core.package_identification:_identify(bags/result_wheel_ekf) by extension 'python_setup_py'
[0.612s] Level 1:colcon.colcon_core.package_identification:_identify(bags/rotation_with_camera) by extensions ['ignore', 'ignore_ament_install']
[0.612s] Level 1:colcon.colcon_core.package_identification:_identify(bags/rotation_with_camera) by extension 'ignore'
[0.612s] Level 1:colcon.colcon_core.package_identification:_identify(bags/rotation_with_camera) by extension 'ignore_ament_install'
[0.612s] Level 1:colcon.colcon_core.package_identification:_identify(bags/rotation_with_camera) by extensions ['colcon_pkg']
[0.612s] Level 1:colcon.colcon_core.package_identification:_identify(bags/rotation_with_camera) by extension 'colcon_pkg'
[0.612s] Level 1:colcon.colcon_core.package_identification:_identify(bags/rotation_with_camera) by extensions ['colcon_meta']
[0.612s] Level 1:colcon.colcon_core.package_identification:_identify(bags/rotation_with_camera) by extension 'colcon_meta'
[0.612s] Level 1:colcon.colcon_core.package_identification:_identify(bags/rotation_with_camera) by extensions ['ros']
[0.613s] Level 1:colcon.colcon_core.package_identification:_identify(bags/rotation_with_camera) by extension 'ros'
[0.613s] Level 1:colcon.colcon_core.package_identification:_identify(bags/rotation_with_camera) by extensions ['cmake', 'python']
[0.613s] Level 1:colcon.colcon_core.package_identification:_identify(bags/rotation_with_camera) by extension 'cmake'
[0.613s] Level 1:colcon.colcon_core.package_identification:_identify(bags/rotation_with_camera) by extension 'python'
[0.613s] Level 1:colcon.colcon_core.package_identification:_identify(bags/rotation_with_camera) by extensions ['python_setup_py']
[0.613s] Level 1:colcon.colcon_core.package_identification:_identify(bags/rotation_with_camera) by extension 'python_setup_py'
[0.613s] Level 1:colcon.colcon_core.package_identification:_identify(bags/rotation_with_camera_retry) by extensions ['ignore', 'ignore_ament_install']
[0.613s] Level 1:colcon.colcon_core.package_identification:_identify(bags/rotation_with_camera_retry) by extension 'ignore'
[0.613s] Level 1:colcon.colcon_core.package_identification:_identify(bags/rotation_with_camera_retry) by extension 'ignore_ament_install'
[0.614s] Level 1:colcon.colcon_core.package_identification:_identify(bags/rotation_with_camera_retry) by extensions ['colcon_pkg']
[0.614s] Level 1:colcon.colcon_core.package_identification:_identify(bags/rotation_with_camera_retry) by extension 'colcon_pkg'
[0.614s] Level 1:colcon.colcon_core.package_identification:_identify(bags/rotation_with_camera_retry) by extensions ['colcon_meta']
[0.614s] Level 1:colcon.colcon_core.package_identification:_identify(bags/rotation_with_camera_retry) by extension 'colcon_meta'
[0.614s] Level 1:colcon.colcon_core.package_identification:_identify(bags/rotation_with_camera_retry) by extensions ['ros']
[0.614s] Level 1:colcon.colcon_core.package_identification:_identify(bags/rotation_with_camera_retry) by extension 'ros'
[0.614s] Level 1:colcon.colcon_core.package_identification:_identify(bags/rotation_with_camera_retry) by extensions ['cmake', 'python']
[0.614s] Level 1:colcon.colcon_core.package_identification:_identify(bags/rotation_with_camera_retry) by extension 'cmake'
[0.614s] Level 1:colcon.colcon_core.package_identification:_identify(bags/rotation_with_camera_retry) by extension 'python'
[0.614s] Level 1:colcon.colcon_core.package_identification:_identify(bags/rotation_with_camera_retry) by extensions ['python_setup_py']
[0.615s] Level 1:colcon.colcon_core.package_identification:_identify(bags/rotation_with_camera_retry) by extension 'python_setup_py'
[0.615s] Level 1:colcon.colcon_core.package_identification:_identify(bags/rotation_with_camera_retry2) by extensions ['ignore', 'ignore_ament_install']
[0.615s] Level 1:colcon.colcon_core.package_identification:_identify(bags/rotation_with_camera_retry2) by extension 'ignore'
[0.615s] Level 1:colcon.colcon_core.package_identification:_identify(bags/rotation_with_camera_retry2) by extension 'ignore_ament_install'
[0.615s] Level 1:colcon.colcon_core.package_identification:_identify(bags/rotation_with_camera_retry2) by extensions ['colcon_pkg']
[0.615s] Level 1:colcon.colcon_core.package_identification:_identify(bags/rotation_with_camera_retry2) by extension 'colcon_pkg'
[0.615s] Level 1:colcon.colcon_core.package_identification:_identify(bags/rotation_with_camera_retry2) by extensions ['colcon_meta']
[0.615s] Level 1:colcon.colcon_core.package_identification:_identify(bags/rotation_with_camera_retry2) by extension 'colcon_meta'
[0.615s] Level 1:colcon.colcon_core.package_identification:_identify(bags/rotation_with_camera_retry2) by extensions ['ros']
[0.616s] Level 1:colcon.colcon_core.package_identification:_identify(bags/rotation_with_camera_retry2) by extension 'ros'
[0.616s] Level 1:colcon.colcon_core.package_identification:_identify(bags/rotation_with_camera_retry2) by extensions ['cmake', 'python']
[0.616s] Level 1:colcon.colcon_core.package_identification:_identify(bags/rotation_with_camera_retry2) by extension 'cmake'
[0.616s] Level 1:colcon.colcon_core.package_identification:_identify(bags/rotation_with_camera_retry2) by extension 'python'
[0.616s] Level 1:colcon.colcon_core.package_identification:_identify(bags/rotation_with_camera_retry2) by extensions ['python_setup_py']
[0.616s] Level 1:colcon.colcon_core.package_identification:_identify(bags/rotation_with_camera_retry2) by extension 'python_setup_py'
[0.616s] Level 1:colcon.colcon_core.package_identification:_identify(bags/rotation_without_camera) by extensions ['ignore', 'ignore_ament_install']
[0.616s] Level 1:colcon.colcon_core.package_identification:_identify(bags/rotation_without_camera) by extension 'ignore'
[0.617s] Level 1:colcon.colcon_core.package_identification:_identify(bags/rotation_without_camera) by extension 'ignore_ament_install'
[0.617s] Level 1:colcon.colcon_core.package_identification:_identify(bags/rotation_without_camera) by extensions ['colcon_pkg']
[0.617s] Level 1:colcon.colcon_core.package_identification:_identify(bags/rotation_without_camera) by extension 'colcon_pkg'
[0.617s] Level 1:colcon.colcon_core.package_identification:_identify(bags/rotation_without_camera) by extensions ['colcon_meta']
[0.617s] Level 1:colcon.colcon_core.package_identification:_identify(bags/rotation_without_camera) by extension 'colcon_meta'
[0.617s] Level 1:colcon.colcon_core.package_identification:_identify(bags/rotation_without_camera) by extensions ['ros']
[0.617s] Level 1:colcon.colcon_core.package_identification:_identify(bags/rotation_without_camera) by extension 'ros'
[0.617s] Level 1:colcon.colcon_core.package_identification:_identify(bags/rotation_without_camera) by extensions ['cmake', 'python']
[0.617s] Level 1:colcon.colcon_core.package_identification:_identify(bags/rotation_without_camera) by extension 'cmake'
[0.617s] Level 1:colcon.colcon_core.package_identification:_identify(bags/rotation_without_camera) by extension 'python'
[0.618s] Level 1:colcon.colcon_core.package_identification:_identify(bags/rotation_without_camera) by extensions ['python_setup_py']
[0.618s] Level 1:colcon.colcon_core.package_identification:_identify(bags/rotation_without_camera) by extension 'python_setup_py'
[0.618s] Level 1:colcon.colcon_core.package_identification:_identify(bags/rotation_without_camera_retry) by extensions ['ignore', 'ignore_ament_install']
[0.618s] Level 1:colcon.colcon_core.package_identification:_identify(bags/rotation_without_camera_retry) by extension 'ignore'
[0.618s] Level 1:colcon.colcon_core.package_identification:_identify(bags/rotation_without_camera_retry) by extension 'ignore_ament_install'
[0.618s] Level 1:colcon.colcon_core.package_identification:_identify(bags/rotation_without_camera_retry) by extensions ['colcon_pkg']
[0.618s] Level 1:colcon.colcon_core.package_identification:_identify(bags/rotation_without_camera_retry) by extension 'colcon_pkg'
[0.618s] Level 1:colcon.colcon_core.package_identification:_identify(bags/rotation_without_camera_retry) by extensions ['colcon_meta']
[0.618s] Level 1:colcon.colcon_core.package_identification:_identify(bags/rotation_without_camera_retry) by extension 'colcon_meta'
[0.619s] Level 1:colcon.colcon_core.package_identification:_identify(bags/rotation_without_camera_retry) by extensions ['ros']
[0.619s] Level 1:colcon.colcon_core.package_identification:_identify(bags/rotation_without_camera_retry) by extension 'ros'
[0.619s] Level 1:colcon.colcon_core.package_identification:_identify(bags/rotation_without_camera_retry) by extensions ['cmake', 'python']
[0.619s] Level 1:colcon.colcon_core.package_identification:_identify(bags/rotation_without_camera_retry) by extension 'cmake'
[0.619s] Level 1:colcon.colcon_core.package_identification:_identify(bags/rotation_without_camera_retry) by extension 'python'
[0.619s] Level 1:colcon.colcon_core.package_identification:_identify(bags/rotation_without_camera_retry) by extensions ['python_setup_py']
[0.619s] Level 1:colcon.colcon_core.package_identification:_identify(bags/rotation_without_camera_retry) by extension 'python_setup_py'
[0.619s] Level 1:colcon.colcon_core.package_identification:_identify(bags/wheel_odom) by extensions ['ignore', 'ignore_ament_install']
[0.619s] Level 1:colcon.colcon_core.package_identification:_identify(bags/wheel_odom) by extension 'ignore'
[0.620s] Level 1:colcon.colcon_core.package_identification:_identify(bags/wheel_odom) by extension 'ignore_ament_install'
[0.620s] Level 1:colcon.colcon_core.package_identification:_identify(bags/wheel_odom) by extensions ['colcon_pkg']
[0.620s] Level 1:colcon.colcon_core.package_identification:_identify(bags/wheel_odom) by extension 'colcon_pkg'
[0.620s] Level 1:colcon.colcon_core.package_identification:_identify(bags/wheel_odom) by extensions ['colcon_meta']
[0.620s] Level 1:colcon.colcon_core.package_identification:_identify(bags/wheel_odom) by extension 'colcon_meta'
[0.620s] Level 1:colcon.colcon_core.package_identification:_identify(bags/wheel_odom) by extensions ['ros']
[0.620s] Level 1:colcon.colcon_core.package_identification:_identify(bags/wheel_odom) by extension 'ros'
[0.620s] Level 1:colcon.colcon_core.package_identification:_identify(bags/wheel_odom) by extensions ['cmake', 'python']
[0.620s] Level 1:colcon.colcon_core.package_identification:_identify(bags/wheel_odom) by extension 'cmake'
[0.620s] Level 1:colcon.colcon_core.package_identification:_identify(bags/wheel_odom) by extension 'python'
[0.621s] Level 1:colcon.colcon_core.package_identification:_identify(bags/wheel_odom) by extensions ['python_setup_py']
[0.621s] Level 1:colcon.colcon_core.package_identification:_identify(bags/wheel_odom) by extension 'python_setup_py'
[0.621s] Level 1:colcon.colcon_core.package_identification:_identify(build) by extensions ['ignore', 'ignore_ament_install']
[0.621s] Level 1:colcon.colcon_core.package_identification:_identify(build) by extension 'ignore'
[0.621s] Level 1:colcon.colcon_core.package_identification:_identify(build) ignored
[0.621s] Level 1:colcon.colcon_core.package_identification:_identify(config) by extensions ['ignore', 'ignore_ament_install']
[0.621s] Level 1:colcon.colcon_core.package_identification:_identify(config) by extension 'ignore'
[0.622s] Level 1:colcon.colcon_core.package_identification:_identify(config) by extension 'ignore_ament_install'
[0.622s] Level 1:colcon.colcon_core.package_identification:_identify(config) by extensions ['colcon_pkg']
[0.622s] Level 1:colcon.colcon_core.package_identification:_identify(config) by extension 'colcon_pkg'
[0.622s] Level 1:colcon.colcon_core.package_identification:_identify(config) by extensions ['colcon_meta']
[0.622s] Level 1:colcon.colcon_core.package_identification:_identify(config) by extension 'colcon_meta'
[0.622s] Level 1:colcon.colcon_core.package_identification:_identify(config) by extensions ['ros']
[0.622s] Level 1:colcon.colcon_core.package_identification:_identify(config) by extension 'ros'
[0.622s] Level 1:colcon.colcon_core.package_identification:_identify(config) by extensions ['cmake', 'python']
[0.622s] Level 1:colcon.colcon_core.package_identification:_identify(config) by extension 'cmake'
[0.622s] Level 1:colcon.colcon_core.package_identification:_identify(config) by extension 'python'
[0.623s] Level 1:colcon.colcon_core.package_identification:_identify(config) by extensions ['python_setup_py']
[0.623s] Level 1:colcon.colcon_core.package_identification:_identify(config) by extension 'python_setup_py'
[0.623s] Level 1:colcon.colcon_core.package_identification:_identify(debug) by extensions ['ignore', 'ignore_ament_install']
[0.623s] Level 1:colcon.colcon_core.package_identification:_identify(debug) by extension 'ignore'
[0.623s] Level 1:colcon.colcon_core.package_identification:_identify(debug) by extension 'ignore_ament_install'
[0.623s] Level 1:colcon.colcon_core.package_identification:_identify(debug) by extensions ['colcon_pkg']
[0.623s] Level 1:colcon.colcon_core.package_identification:_identify(debug) by extension 'colcon_pkg'
[0.623s] Level 1:colcon.colcon_core.package_identification:_identify(debug) by extensions ['colcon_meta']
[0.623s] Level 1:colcon.colcon_core.package_identification:_identify(debug) by extension 'colcon_meta'
[0.624s] Level 1:colcon.colcon_core.package_identification:_identify(debug) by extensions ['ros']
[0.624s] Level 1:colcon.colcon_core.package_identification:_identify(debug) by extension 'ros'
[0.624s] Level 1:colcon.colcon_core.package_identification:_identify(debug) by extensions ['cmake', 'python']
[0.624s] Level 1:colcon.colcon_core.package_identification:_identify(debug) by extension 'cmake'
[0.624s] Level 1:colcon.colcon_core.package_identification:_identify(debug) by extension 'python'
[0.624s] Level 1:colcon.colcon_core.package_identification:_identify(debug) by extensions ['python_setup_py']
[0.624s] Level 1:colcon.colcon_core.package_identification:_identify(debug) by extension 'python_setup_py'
[0.624s] Level 1:colcon.colcon_core.package_identification:_identify(install) by extensions ['ignore', 'ignore_ament_install']
[0.624s] Level 1:colcon.colcon_core.package_identification:_identify(install) by extension 'ignore'
[0.625s] Level 1:colcon.colcon_core.package_identification:_identify(install) ignored
[0.625s] Level 1:colcon.colcon_core.package_identification:_identify(log) by extensions ['ignore', 'ignore_ament_install']
[0.625s] Level 1:colcon.colcon_core.package_identification:_identify(log) by extension 'ignore'
[0.625s] Level 1:colcon.colcon_core.package_identification:_identify(log) ignored
[0.625s] Level 1:colcon.colcon_core.package_identification:_identify(ros_logs) by extensions ['ignore', 'ignore_ament_install']
[0.625s] Level 1:colcon.colcon_core.package_identification:_identify(ros_logs) by extension 'ignore'
[0.625s] Level 1:colcon.colcon_core.package_identification:_identify(ros_logs) by extension 'ignore_ament_install'
[0.626s] Level 1:colcon.colcon_core.package_identification:_identify(ros_logs) by extensions ['colcon_pkg']
[0.626s] Level 1:colcon.colcon_core.package_identification:_identify(ros_logs) by extension 'colcon_pkg'
[0.626s] Level 1:colcon.colcon_core.package_identification:_identify(ros_logs) by extensions ['colcon_meta']
[0.626s] Level 1:colcon.colcon_core.package_identification:_identify(ros_logs) by extension 'colcon_meta'
[0.626s] Level 1:colcon.colcon_core.package_identification:_identify(ros_logs) by extensions ['ros']
[0.626s] Level 1:colcon.colcon_core.package_identification:_identify(ros_logs) by extension 'ros'
[0.626s] Level 1:colcon.colcon_core.package_identification:_identify(ros_logs) by extensions ['cmake', 'python']
[0.626s] Level 1:colcon.colcon_core.package_identification:_identify(ros_logs) by extension 'cmake'
[0.626s] Level 1:colcon.colcon_core.package_identification:_identify(ros_logs) by extension 'python'
[0.626s] Level 1:colcon.colcon_core.package_identification:_identify(ros_logs) by extensions ['python_setup_py']
[0.626s] Level 1:colcon.colcon_core.package_identification:_identify(ros_logs) by extension 'python_setup_py'
[0.627s] Level 1:colcon.colcon_core.package_identification:_identify(src) by extensions ['ignore', 'ignore_ament_install']
[0.627s] Level 1:colcon.colcon_core.package_identification:_identify(src) by extension 'ignore'
[0.627s] Level 1:colcon.colcon_core.package_identification:_identify(src) by extension 'ignore_ament_install'
[0.627s] Level 1:colcon.colcon_core.package_identification:_identify(src) by extensions ['colcon_pkg']
[0.627s] Level 1:colcon.colcon_core.package_identification:_identify(src) by extension 'colcon_pkg'
[0.627s] Level 1:colcon.colcon_core.package_identification:_identify(src) by extensions ['colcon_meta']
[0.627s] Level 1:colcon.colcon_core.package_identification:_identify(src) by extension 'colcon_meta'
[0.627s] Level 1:colcon.colcon_core.package_identification:_identify(src) by extensions ['ros']
[0.627s] Level 1:colcon.colcon_core.package_identification:_identify(src) by extension 'ros'
[0.628s] Level 1:colcon.colcon_core.package_identification:_identify(src) by extensions ['cmake', 'python']
[0.628s] Level 1:colcon.colcon_core.package_identification:_identify(src) by extension 'cmake'
[0.628s] Level 1:colcon.colcon_core.package_identification:_identify(src) by extension 'python'
[0.628s] Level 1:colcon.colcon_core.package_identification:_identify(src) by extensions ['python_setup_py']
[0.628s] Level 1:colcon.colcon_core.package_identification:_identify(src) by extension 'python_setup_py'
[0.628s] Level 1:colcon.colcon_core.package_identification:_identify(src/camera_perception_pkg) by extensions ['ignore', 'ignore_ament_install']
[0.628s] Level 1:colcon.colcon_core.package_identification:_identify(src/camera_perception_pkg) by extension 'ignore'
[0.628s] Level 1:colcon.colcon_core.package_identification:_identify(src/camera_perception_pkg) by extension 'ignore_ament_install'
[0.629s] Level 1:colcon.colcon_core.package_identification:_identify(src/camera_perception_pkg) by extensions ['colcon_pkg']
[0.629s] Level 1:colcon.colcon_core.package_identification:_identify(src/camera_perception_pkg) by extension 'colcon_pkg'
[0.629s] Level 1:colcon.colcon_core.package_identification:_identify(src/camera_perception_pkg) by extensions ['colcon_meta']
[0.629s] Level 1:colcon.colcon_core.package_identification:_identify(src/camera_perception_pkg) by extension 'colcon_meta'
[0.629s] Level 1:colcon.colcon_core.package_identification:_identify(src/camera_perception_pkg) by extensions ['ros']
[0.629s] Level 1:colcon.colcon_core.package_identification:_identify(src/camera_perception_pkg) by extension 'ros'
[0.634s] DEBUG:colcon.colcon_core.package_identification:Package 'src/camera_perception_pkg' with type 'ros.ament_python' and name 'camera_perception_pkg'
[0.634s] Level 1:colcon.colcon_core.package_identification:_identify(src/config) by extensions ['ignore', 'ignore_ament_install']
[0.635s] Level 1:colcon.colcon_core.package_identification:_identify(src/config) by extension 'ignore'
[0.635s] Level 1:colcon.colcon_core.package_identification:_identify(src/config) by extension 'ignore_ament_install'
[0.635s] Level 1:colcon.colcon_core.package_identification:_identify(src/config) by extensions ['colcon_pkg']
[0.635s] Level 1:colcon.colcon_core.package_identification:_identify(src/config) by extension 'colcon_pkg'
[0.635s] Level 1:colcon.colcon_core.package_identification:_identify(src/config) by extensions ['colcon_meta']
[0.635s] Level 1:colcon.colcon_core.package_identification:_identify(src/config) by extension 'colcon_meta'
[0.635s] Level 1:colcon.colcon_core.package_identification:_identify(src/config) by extensions ['ros']
[0.635s] Level 1:colcon.colcon_core.package_identification:_identify(src/config) by extension 'ros'
[0.636s] Level 1:colcon.colcon_core.package_identification:_identify(src/config) by extensions ['cmake', 'python']
[0.636s] Level 1:colcon.colcon_core.package_identification:_identify(src/config) by extension 'cmake'
[0.636s] Level 1:colcon.colcon_core.package_identification:_identify(src/config) by extension 'python'
[0.636s] Level 1:colcon.colcon_core.package_identification:_identify(src/config) by extensions ['python_setup_py']
[0.636s] Level 1:colcon.colcon_core.package_identification:_identify(src/config) by extension 'python_setup_py'
[0.636s] Level 1:colcon.colcon_core.package_identification:_identify(src/debug_pkg) by extensions ['ignore', 'ignore_ament_install']
[0.636s] Level 1:colcon.colcon_core.package_identification:_identify(src/debug_pkg) by extension 'ignore'
[0.636s] Level 1:colcon.colcon_core.package_identification:_identify(src/debug_pkg) by extension 'ignore_ament_install'
[0.637s] Level 1:colcon.colcon_core.package_identification:_identify(src/debug_pkg) by extensions ['colcon_pkg']
[0.637s] Level 1:colcon.colcon_core.package_identification:_identify(src/debug_pkg) by extension 'colcon_pkg'
[0.637s] Level 1:colcon.colcon_core.package_identification:_identify(src/debug_pkg) by extensions ['colcon_meta']
[0.637s] Level 1:colcon.colcon_core.package_identification:_identify(src/debug_pkg) by extension 'colcon_meta'
[0.637s] Level 1:colcon.colcon_core.package_identification:_identify(src/debug_pkg) by extensions ['ros']
[0.637s] Level 1:colcon.colcon_core.package_identification:_identify(src/debug_pkg) by extension 'ros'
[0.638s] DEBUG:colcon.colcon_core.package_identification:Package 'src/debug_pkg' with type 'ros.ament_python' and name 'debug_pkg'
[0.638s] Level 1:colcon.colcon_core.package_identification:_identify(src/decision_making_pkg) by extensions ['ignore', 'ignore_ament_install']
[0.639s] Level 1:colcon.colcon_core.package_identification:_identify(src/decision_making_pkg) by extension 'ignore'
[0.639s] Level 1:colcon.colcon_core.package_identification:_identify(src/decision_making_pkg) by extension 'ignore_ament_install'
[0.639s] Level 1:colcon.colcon_core.package_identification:_identify(src/decision_making_pkg) by extensions ['colcon_pkg']
[0.639s] Level 1:colcon.colcon_core.package_identification:_identify(src/decision_making_pkg) by extension 'colcon_pkg'
[0.639s] Level 1:colcon.colcon_core.package_identification:_identify(src/decision_making_pkg) by extensions ['colcon_meta']
[0.639s] Level 1:colcon.colcon_core.package_identification:_identify(src/decision_making_pkg) by extension 'colcon_meta'
[0.639s] Level 1:colcon.colcon_core.package_identification:_identify(src/decision_making_pkg) by extensions ['ros']
[0.639s] Level 1:colcon.colcon_core.package_identification:_identify(src/decision_making_pkg) by extension 'ros'
[0.641s] DEBUG:colcon.colcon_core.package_identification:Package 'src/decision_making_pkg' with type 'ros.ament_python' and name 'decision_making_pkg'
[0.641s] Level 1:colcon.colcon_core.package_identification:_identify(src/interfaces_pkg) by extensions ['ignore', 'ignore_ament_install']
[0.642s] Level 1:colcon.colcon_core.package_identification:_identify(src/interfaces_pkg) by extension 'ignore'
[0.642s] Level 1:colcon.colcon_core.package_identification:_identify(src/interfaces_pkg) by extension 'ignore_ament_install'
[0.642s] Level 1:colcon.colcon_core.package_identification:_identify(src/interfaces_pkg) by extensions ['colcon_pkg']
[0.642s] Level 1:colcon.colcon_core.package_identification:_identify(src/interfaces_pkg) by extension 'colcon_pkg'
[0.642s] Level 1:colcon.colcon_core.package_identification:_identify(src/interfaces_pkg) by extensions ['colcon_meta']
[0.642s] Level 1:colcon.colcon_core.package_identification:_identify(src/interfaces_pkg) by extension 'colcon_meta'
[0.642s] Level 1:colcon.colcon_core.package_identification:_identify(src/interfaces_pkg) by extensions ['ros']
[0.642s] Level 1:colcon.colcon_core.package_identification:_identify(src/interfaces_pkg) by extension 'ros'
[0.644s] DEBUG:colcon.colcon_core.package_identification:Package 'src/interfaces_pkg' with type 'ros.ament_cmake' and name 'interfaces_pkg'
[0.644s] Level 1:colcon.colcon_core.package_identification:_identify(src/localizer_server) by extensions ['ignore', 'ignore_ament_install']
[0.644s] Level 1:colcon.colcon_core.package_identification:_identify(src/localizer_server) by extension 'ignore'
[0.644s] Level 1:colcon.colcon_core.package_identification:_identify(src/localizer_server) by extension 'ignore_ament_install'
[0.644s] Level 1:colcon.colcon_core.package_identification:_identify(src/localizer_server) by extensions ['colcon_pkg']
[0.644s] Level 1:colcon.colcon_core.package_identification:_identify(src/localizer_server) by extension 'colcon_pkg'
[0.644s] Level 1:colcon.colcon_core.package_identification:_identify(src/localizer_server) by extensions ['colcon_meta']
[0.644s] Level 1:colcon.colcon_core.package_identification:_identify(src/localizer_server) by extension 'colcon_meta'
[0.645s] Level 1:colcon.colcon_core.package_identification:_identify(src/localizer_server) by extensions ['ros']
[0.645s] Level 1:colcon.colcon_core.package_identification:_identify(src/localizer_server) by extension 'ros'
[0.646s] DEBUG:colcon.colcon_core.package_identification:Package 'src/localizer_server' with type 'ros.ament_python' and name 'localizer_server'
[0.646s] Level 1:colcon.colcon_core.package_identification:_identify(src/sllidar_ros2) by extensions ['ignore', 'ignore_ament_install']
[0.646s] Level 1:colcon.colcon_core.package_identification:_identify(src/sllidar_ros2) by extension 'ignore'
[0.646s] Level 1:colcon.colcon_core.package_identification:_identify(src/sllidar_ros2) by extension 'ignore_ament_install'
[0.647s] Level 1:colcon.colcon_core.package_identification:_identify(src/sllidar_ros2) by extensions ['colcon_pkg']
[0.647s] Level 1:colcon.colcon_core.package_identification:_identify(src/sllidar_ros2) by extension 'colcon_pkg'
[0.647s] Level 1:colcon.colcon_core.package_identification:_identify(src/sllidar_ros2) by extensions ['colcon_meta']
[0.647s] Level 1:colcon.colcon_core.package_identification:_identify(src/sllidar_ros2) by extension 'colcon_meta'
[0.647s] Level 1:colcon.colcon_core.package_identification:_identify(src/sllidar_ros2) by extensions ['ros']
[0.647s] Level 1:colcon.colcon_core.package_identification:_identify(src/sllidar_ros2) by extension 'ros'
[0.648s] DEBUG:colcon.colcon_core.package_identification:Package 'src/sllidar_ros2' with type 'ros.ament_cmake' and name 'sllidar_ros2'
[0.648s] Level 1:colcon.colcon_core.package_identification:_identify(src/theimc_bringup) by extensions ['ignore', 'ignore_ament_install']
[0.649s] Level 1:colcon.colcon_core.package_identification:_identify(src/theimc_bringup) by extension 'ignore'
[0.649s] Level 1:colcon.colcon_core.package_identification:_identify(src/theimc_bringup) by extension 'ignore_ament_install'
[0.649s] Level 1:colcon.colcon_core.package_identification:_identify(src/theimc_bringup) by extensions ['colcon_pkg']
[0.649s] Level 1:colcon.colcon_core.package_identification:_identify(src/theimc_bringup) by extension 'colcon_pkg'
[0.649s] Level 1:colcon.colcon_core.package_identification:_identify(src/theimc_bringup) by extensions ['colcon_meta']
[0.649s] Level 1:colcon.colcon_core.package_identification:_identify(src/theimc_bringup) by extension 'colcon_meta'
[0.649s] Level 1:colcon.colcon_core.package_identification:_identify(src/theimc_bringup) by extensions ['ros']
[0.649s] Level 1:colcon.colcon_core.package_identification:_identify(src/theimc_bringup) by extension 'ros'
[0.651s] DEBUG:colcon.colcon_core.package_identification:Package 'src/theimc_bringup' with type 'ros.ament_python' and name 'theimc_bringup'
[0.652s] Level 1:colcon.colcon_core.package_identification:_identify(src/theimc_bt_nodes) by extensions ['ignore', 'ignore_ament_install']
[0.652s] Level 1:colcon.colcon_core.package_identification:_identify(src/theimc_bt_nodes) by extension 'ignore'
[0.652s] Level 1:colcon.colcon_core.package_identification:_identify(src/theimc_bt_nodes) by extension 'ignore_ament_install'
[0.652s] Level 1:colcon.colcon_core.package_identification:_identify(src/theimc_bt_nodes) by extensions ['colcon_pkg']
[0.652s] Level 1:colcon.colcon_core.package_identification:_identify(src/theimc_bt_nodes) by extension 'colcon_pkg'
[0.652s] Level 1:colcon.colcon_core.package_identification:_identify(src/theimc_bt_nodes) by extensions ['colcon_meta']
[0.652s] Level 1:colcon.colcon_core.package_identification:_identify(src/theimc_bt_nodes) by extension 'colcon_meta'
[0.652s] Level 1:colcon.colcon_core.package_identification:_identify(src/theimc_bt_nodes) by extensions ['ros']
[0.653s] Level 1:colcon.colcon_core.package_identification:_identify(src/theimc_bt_nodes) by extension 'ros'
[0.655s] DEBUG:colcon.colcon_core.package_identification:Package 'src/theimc_bt_nodes' with type 'ros.ament_cmake' and name 'theimc_bt_nodes'
[0.655s] Level 1:colcon.colcon_core.package_identification:_identify(src/theimc_description) by extensions ['ignore', 'ignore_ament_install']
[0.655s] Level 1:colcon.colcon_core.package_identification:_identify(src/theimc_description) by extension 'ignore'
[0.655s] Level 1:colcon.colcon_core.package_identification:_identify(src/theimc_description) by extension 'ignore_ament_install'
[0.655s] Level 1:colcon.colcon_core.package_identification:_identify(src/theimc_description) by extensions ['colcon_pkg']
[0.655s] Level 1:colcon.colcon_core.package_identification:_identify(src/theimc_description) by extension 'colcon_pkg'
[0.656s] Level 1:colcon.colcon_core.package_identification:_identify(src/theimc_description) by extensions ['colcon_meta']
[0.656s] Level 1:colcon.colcon_core.package_identification:_identify(src/theimc_description) by extension 'colcon_meta'
[0.656s] Level 1:colcon.colcon_core.package_identification:_identify(src/theimc_description) by extensions ['ros']
[0.656s] Level 1:colcon.colcon_core.package_identification:_identify(src/theimc_description) by extension 'ros'
[0.657s] DEBUG:colcon.colcon_core.package_identification:Package 'src/theimc_description' with type 'ros.ament_cmake' and name 'theimc_description'
[0.657s] Level 1:colcon.colcon_core.package_identification:_identify(src/theimc_navigation2) by extensions ['ignore', 'ignore_ament_install']
[0.657s] Level 1:colcon.colcon_core.package_identification:_identify(src/theimc_navigation2) by extension 'ignore'
[0.658s] Level 1:colcon.colcon_core.package_identification:_identify(src/theimc_navigation2) by extension 'ignore_ament_install'
[0.658s] Level 1:colcon.colcon_core.package_identification:_identify(src/theimc_navigation2) by extensions ['colcon_pkg']
[0.658s] Level 1:colcon.colcon_core.package_identification:_identify(src/theimc_navigation2) by extension 'colcon_pkg'
[0.658s] Level 1:colcon.colcon_core.package_identification:_identify(src/theimc_navigation2) by extensions ['colcon_meta']
[0.658s] Level 1:colcon.colcon_core.package_identification:_identify(src/theimc_navigation2) by extension 'colcon_meta'
[0.658s] Level 1:colcon.colcon_core.package_identification:_identify(src/theimc_navigation2) by extensions ['ros']
[0.658s] Level 1:colcon.colcon_core.package_identification:_identify(src/theimc_navigation2) by extension 'ros'
[0.661s] DEBUG:colcon.colcon_core.package_identification:Package 'src/theimc_navigation2' with type 'ros.ament_cmake' and name 'theimc_navigation2'
[0.661s] Level 1:colcon.colcon_core.package_identification:_identify(src/theimc_teleop) by extensions ['ignore', 'ignore_ament_install']
[0.661s] Level 1:colcon.colcon_core.package_identification:_identify(src/theimc_teleop) by extension 'ignore'
[0.661s] Level 1:colcon.colcon_core.package_identification:_identify(src/theimc_teleop) by extension 'ignore_ament_install'
[0.661s] Level 1:colcon.colcon_core.package_identification:_identify(src/theimc_teleop) by extensions ['colcon_pkg']
[0.661s] Level 1:colcon.colcon_core.package_identification:_identify(src/theimc_teleop) by extension 'colcon_pkg'
[0.661s] Level 1:colcon.colcon_core.package_identification:_identify(src/theimc_teleop) by extensions ['colcon_meta']
[0.661s] Level 1:colcon.colcon_core.package_identification:_identify(src/theimc_teleop) by extension 'colcon_meta'
[0.662s] Level 1:colcon.colcon_core.package_identification:_identify(src/theimc_teleop) by extensions ['ros']
[0.662s] Level 1:colcon.colcon_core.package_identification:_identify(src/theimc_teleop) by extension 'ros'
[0.663s] DEBUG:colcon.colcon_core.package_identification:Package 'src/theimc_teleop' with type 'ros.ament_python' and name 'theimc_teleop'
[0.663s] Level 1:colcon.colcon_core.package_discovery:discover_packages(recursive) using defaults
[0.663s] Level 1:colcon.colcon_core.package_discovery:discover_packages(ignore) discover
[0.663s] Level 1:colcon.colcon_core.package_discovery:discover_packages(ignore) using defaults
[0.663s] Level 1:colcon.colcon_core.package_discovery:discover_packages(path) discover
[0.663s] Level 1:colcon.colcon_core.package_discovery:discover_packages(path) using defaults
[0.736s] Level 1:colcon.colcon_core.package_discovery:discover_packages(prefix_path) check parameters
[0.736s] Level 1:colcon.colcon_core.package_discovery:discover_packages(prefix_path) discover
[0.738s] WARNING:colcon.colcon_ros.prefix_path.ament:The path '/home/jeff/theimc_robot/install/theimc_teleop' in the environment variable AMENT_PREFIX_PATH doesn't exist
[0.738s] WARNING:colcon.colcon_ros.prefix_path.ament:The path '/home/jeff/theimc_robot/install/theimc_navigation2' in the environment variable AMENT_PREFIX_PATH doesn't exist
[0.738s] WARNING:colcon.colcon_ros.prefix_path.ament:The path '/home/jeff/theimc_robot/install/theimc_description' in the environment variable AMENT_PREFIX_PATH doesn't exist
[0.738s] WARNING:colcon.colcon_ros.prefix_path.ament:The path '/home/jeff/theimc_robot/install/theimc_bringup' in the environment variable AMENT_PREFIX_PATH doesn't exist
[0.738s] WARNING:colcon.colcon_ros.prefix_path.ament:The path '/home/jeff/theimc_robot/install/sllidar_ros2' in the environment variable AMENT_PREFIX_PATH doesn't exist
[0.738s] WARNING:colcon.colcon_ros.prefix_path.ament:The path '/home/jeff/theimc_robot/install/localizer_server' in the environment variable AMENT_PREFIX_PATH doesn't exist
[0.738s] WARNING:colcon.colcon_ros.prefix_path.ament:The path '/home/jeff/theimc_robot/install/decision_making_pkg' in the environment variable AMENT_PREFIX_PATH doesn't exist
[0.739s] WARNING:colcon.colcon_ros.prefix_path.ament:The path '/home/jeff/theimc_robot/install/interfaces_pkg' in the environment variable AMENT_PREFIX_PATH doesn't exist
[0.739s] WARNING:colcon.colcon_ros.prefix_path.ament:The path '/home/jeff/theimc_robot/install/debug_pkg' in the environment variable AMENT_PREFIX_PATH doesn't exist
[0.739s] WARNING:colcon.colcon_ros.prefix_path.ament:The path '/home/jeff/theimc_robot/install/camera_perception_pkg' in the environment variable AMENT_PREFIX_PATH doesn't exist
[0.739s] WARNING:colcon.colcon_ros.prefix_path.catkin:The path '/home/jeff/theimc_robot/install/theimc_navigation2' in the environment variable CMAKE_PREFIX_PATH doesn't exist
[0.739s] WARNING:colcon.colcon_ros.prefix_path.catkin:The path '/home/jeff/theimc_robot/install/theimc_description' in the environment variable CMAKE_PREFIX_PATH doesn't exist
[0.739s] WARNING:colcon.colcon_ros.prefix_path.catkin:The path '/home/jeff/theimc_robot/install/sllidar_ros2' in the environment variable CMAKE_PREFIX_PATH doesn't exist
[0.739s] WARNING:colcon.colcon_ros.prefix_path.catkin:The path '/home/jeff/theimc_robot/install/interfaces_pkg' in the environment variable CMAKE_PREFIX_PATH doesn't exist
[0.741s] DEBUG:colcon.colcon_installed_package_information.package_discovery:Found 1 installed packages in /home/jeff/theimc_robot/install
[0.744s] DEBUG:colcon.colcon_installed_package_information.package_discovery:Found 356 installed packages in /opt/ros/humble
[0.747s] Level 1:colcon.colcon_core.package_discovery:discover_packages(prefix_path) using defaults
[0.843s] Level 5:colcon.colcon_core.verb:set package 'camera_perception_pkg' build argument 'cmake_args' from command line to 'None'
[0.843s] Level 5:colcon.colcon_core.verb:set package 'camera_perception_pkg' build argument 'cmake_target' from command line to 'None'
[0.843s] Level 5:colcon.colcon_core.verb:set package 'camera_perception_pkg' build argument 'cmake_target_skip_unavailable' from command line to 'False'
[0.843s] Level 5:colcon.colcon_core.verb:set package 'camera_perception_pkg' build argument 'cmake_clean_cache' from command line to 'False'
[0.843s] Level 5:colcon.colcon_core.verb:set package 'camera_perception_pkg' build argument 'cmake_clean_first' from command line to 'False'
[0.843s] Level 5:colcon.colcon_core.verb:set package 'camera_perception_pkg' build argument 'cmake_force_configure' from command line to 'False'
[0.843s] Level 5:colcon.colcon_core.verb:set package 'camera_perception_pkg' build argument 'ament_cmake_args' from command line to 'None'
[0.844s] Level 5:colcon.colcon_core.verb:set package 'camera_perception_pkg' build argument 'catkin_cmake_args' from command line to 'None'
[0.844s] Level 5:colcon.colcon_core.verb:set package 'camera_perception_pkg' build argument 'catkin_skip_building_tests' from command line to 'False'
[0.844s] DEBUG:colcon.colcon_core.verb:Building package 'camera_perception_pkg' with the following arguments: {'ament_cmake_args': None, 'build_base': '/home/jeff/theimc_robot/build/camera_perception_pkg', 'catkin_cmake_args': None, 'catkin_skip_building_tests': False, 'cmake_args': None, 'cmake_clean_cache': False, 'cmake_clean_first': False, 'cmake_force_configure': False, 'cmake_target': None, 'cmake_target_skip_unavailable': False, 'install_base': '/home/jeff/theimc_robot/install/camera_perception_pkg', 'merge_install': False, 'path': '/home/jeff/theimc_robot/src/camera_perception_pkg', 'symlink_install': False, 'test_result_base': None}
[0.844s] Level 5:colcon.colcon_core.verb:set package 'debug_pkg' build argument 'cmake_args' from command line to 'None'
[0.844s] Level 5:colcon.colcon_core.verb:set package 'debug_pkg' build argument 'cmake_target' from command line to 'None'
[0.844s] Level 5:colcon.colcon_core.verb:set package 'debug_pkg' build argument 'cmake_target_skip_unavailable' from command line to 'False'
[0.844s] Level 5:colcon.colcon_core.verb:set package 'debug_pkg' build argument 'cmake_clean_cache' from command line to 'False'
[0.844s] Level 5:colcon.colcon_core.verb:set package 'debug_pkg' build argument 'cmake_clean_first' from command line to 'False'
[0.845s] Level 5:colcon.colcon_core.verb:set package 'debug_pkg' build argument 'cmake_force_configure' from command line to 'False'
[0.845s] Level 5:colcon.colcon_core.verb:set package 'debug_pkg' build argument 'ament_cmake_args' from command line to 'None'
[0.845s] Level 5:colcon.colcon_core.verb:set package 'debug_pkg' build argument 'catkin_cmake_args' from command line to 'None'
[0.845s] Level 5:colcon.colcon_core.verb:set package 'debug_pkg' build argument 'catkin_skip_building_tests' from command line to 'False'
[0.845s] DEBUG:colcon.colcon_core.verb:Building package 'debug_pkg' with the following arguments: {'ament_cmake_args': None, 'build_base': '/home/jeff/theimc_robot/build/debug_pkg', 'catkin_cmake_args': None, 'catkin_skip_building_tests': False, 'cmake_args': None, 'cmake_clean_cache': False, 'cmake_clean_first': False, 'cmake_force_configure': False, 'cmake_target': None, 'cmake_target_skip_unavailable': False, 'install_base': '/home/jeff/theimc_robot/install/debug_pkg', 'merge_install': False, 'path': '/home/jeff/theimc_robot/src/debug_pkg', 'symlink_install': False, 'test_result_base': None}
[0.845s] Level 5:colcon.colcon_core.verb:set package 'interfaces_pkg' build argument 'cmake_args' from command line to 'None'
[0.845s] Level 5:colcon.colcon_core.verb:set package 'interfaces_pkg' build argument 'cmake_target' from command line to 'None'
[0.845s] Level 5:colcon.colcon_core.verb:set package 'interfaces_pkg' build argument 'cmake_target_skip_unavailable' from command line to 'False'
[0.845s] Level 5:colcon.colcon_core.verb:set package 'interfaces_pkg' build argument 'cmake_clean_cache' from command line to 'False'
[0.845s] Level 5:colcon.colcon_core.verb:set package 'interfaces_pkg' build argument 'cmake_clean_first' from command line to 'False'
[0.846s] Level 5:colcon.colcon_core.verb:set package 'interfaces_pkg' build argument 'cmake_force_configure' from command line to 'False'
[0.846s] Level 5:colcon.colcon_core.verb:set package 'interfaces_pkg' build argument 'ament_cmake_args' from command line to 'None'
[0.846s] Level 5:colcon.colcon_core.verb:set package 'interfaces_pkg' build argument 'catkin_cmake_args' from command line to 'None'
[0.846s] Level 5:colcon.colcon_core.verb:set package 'interfaces_pkg' build argument 'catkin_skip_building_tests' from command line to 'False'
[0.846s] DEBUG:colcon.colcon_core.verb:Building package 'interfaces_pkg' with the following arguments: {'ament_cmake_args': None, 'build_base': '/home/jeff/theimc_robot/build/interfaces_pkg', 'catkin_cmake_args': None, 'catkin_skip_building_tests': False, 'cmake_args': None, 'cmake_clean_cache': False, 'cmake_clean_first': False, 'cmake_force_configure': False, 'cmake_target': None, 'cmake_target_skip_unavailable': False, 'install_base': '/home/jeff/theimc_robot/install/interfaces_pkg', 'merge_install': False, 'path': '/home/jeff/theimc_robot/src/interfaces_pkg', 'symlink_install': False, 'test_result_base': None}
[0.846s] Level 5:colcon.colcon_core.verb:set package 'localizer_server' build argument 'cmake_args' from command line to 'None'
[0.846s] Level 5:colcon.colcon_core.verb:set package 'localizer_server' build argument 'cmake_target' from command line to 'None'
[0.846s] Level 5:colcon.colcon_core.verb:set package 'localizer_server' build argument 'cmake_target_skip_unavailable' from command line to 'False'
[0.846s] Level 5:colcon.colcon_core.verb:set package 'localizer_server' build argument 'cmake_clean_cache' from command line to 'False'
[0.846s] Level 5:colcon.colcon_core.verb:set package 'localizer_server' build argument 'cmake_clean_first' from command line to 'False'
[0.847s] Level 5:colcon.colcon_core.verb:set package 'localizer_server' build argument 'cmake_force_configure' from command line to 'False'
[0.847s] Level 5:colcon.colcon_core.verb:set package 'localizer_server' build argument 'ament_cmake_args' from command line to 'None'
[0.847s] Level 5:colcon.colcon_core.verb:set package 'localizer_server' build argument 'catkin_cmake_args' from command line to 'None'
[0.847s] Level 5:colcon.colcon_core.verb:set package 'localizer_server' build argument 'catkin_skip_building_tests' from command line to 'False'
[0.847s] DEBUG:colcon.colcon_core.verb:Building package 'localizer_server' with the following arguments: {'ament_cmake_args': None, 'build_base': '/home/jeff/theimc_robot/build/localizer_server', 'catkin_cmake_args': None, 'catkin_skip_building_tests': False, 'cmake_args': None, 'cmake_clean_cache': False, 'cmake_clean_first': False, 'cmake_force_configure': False, 'cmake_target': None, 'cmake_target_skip_unavailable': False, 'install_base': '/home/jeff/theimc_robot/install/localizer_server', 'merge_install': False, 'path': '/home/jeff/theimc_robot/src/localizer_server', 'symlink_install': False, 'test_result_base': None}
[0.847s] Level 5:colcon.colcon_core.verb:set package 'sllidar_ros2' build argument 'cmake_args' from command line to 'None'
[0.847s] Level 5:colcon.colcon_core.verb:set package 'sllidar_ros2' build argument 'cmake_target' from command line to 'None'
[0.847s] Level 5:colcon.colcon_core.verb:set package 'sllidar_ros2' build argument 'cmake_target_skip_unavailable' from command line to 'False'
[0.847s] Level 5:colcon.colcon_core.verb:set package 'sllidar_ros2' build argument 'cmake_clean_cache' from command line to 'False'
[0.847s] Level 5:colcon.colcon_core.verb:set package 'sllidar_ros2' build argument 'cmake_clean_first' from command line to 'False'
[0.848s] Level 5:colcon.colcon_core.verb:set package 'sllidar_ros2' build argument 'cmake_force_configure' from command line to 'False'
[0.848s] Level 5:colcon.colcon_core.verb:set package 'sllidar_ros2' build argument 'ament_cmake_args' from command line to 'None'
[0.848s] Level 5:colcon.colcon_core.verb:set package 'sllidar_ros2' build argument 'catkin_cmake_args' from command line to 'None'
[0.848s] Level 5:colcon.colcon_core.verb:set package 'sllidar_ros2' build argument 'catkin_skip_building_tests' from command line to 'False'
[0.848s] DEBUG:colcon.colcon_core.verb:Building package 'sllidar_ros2' with the following arguments: {'ament_cmake_args': None, 'build_base': '/home/jeff/theimc_robot/build/sllidar_ros2', 'catkin_cmake_args': None, 'catkin_skip_building_tests': False, 'cmake_args': None, 'cmake_clean_cache': False, 'cmake_clean_first': False, 'cmake_force_configure': False, 'cmake_target': None, 'cmake_target_skip_unavailable': False, 'install_base': '/home/jeff/theimc_robot/install/sllidar_ros2', 'merge_install': False, 'path': '/home/jeff/theimc_robot/src/sllidar_ros2', 'symlink_install': False, 'test_result_base': None}
[0.848s] Level 5:colcon.colcon_core.verb:set package 'theimc_bringup' build argument 'cmake_args' from command line to 'None'
[0.848s] Level 5:colcon.colcon_core.verb:set package 'theimc_bringup' build argument 'cmake_target' from command line to 'None'
[0.848s] Level 5:colcon.colcon_core.verb:set package 'theimc_bringup' build argument 'cmake_target_skip_unavailable' from command line to 'False'
[0.848s] Level 5:colcon.colcon_core.verb:set package 'theimc_bringup' build argument 'cmake_clean_cache' from command line to 'False'
[0.848s] Level 5:colcon.colcon_core.verb:set package 'theimc_bringup' build argument 'cmake_clean_first' from command line to 'False'
[0.849s] Level 5:colcon.colcon_core.verb:set package 'theimc_bringup' build argument 'cmake_force_configure' from command line to 'False'
[0.849s] Level 5:colcon.colcon_core.verb:set package 'theimc_bringup' build argument 'ament_cmake_args' from command line to 'None'
[0.849s] Level 5:colcon.colcon_core.verb:set package 'theimc_bringup' build argument 'catkin_cmake_args' from command line to 'None'
[0.849s] Level 5:colcon.colcon_core.verb:set package 'theimc_bringup' build argument 'catkin_skip_building_tests' from command line to 'False'
[0.849s] DEBUG:colcon.colcon_core.verb:Building package 'theimc_bringup' with the following arguments: {'ament_cmake_args': None, 'build_base': '/home/jeff/theimc_robot/build/theimc_bringup', 'catkin_cmake_args': None, 'catkin_skip_building_tests': False, 'cmake_args': None, 'cmake_clean_cache': False, 'cmake_clean_first': False, 'cmake_force_configure': False, 'cmake_target': None, 'cmake_target_skip_unavailable': False, 'install_base': '/home/jeff/theimc_robot/install/theimc_bringup', 'merge_install': False, 'path': '/home/jeff/theimc_robot/src/theimc_bringup', 'symlink_install': False, 'test_result_base': None}
[0.849s] Level 5:colcon.colcon_core.verb:set package 'theimc_description' build argument 'cmake_args' from command line to 'None'
[0.849s] Level 5:colcon.colcon_core.verb:set package 'theimc_description' build argument 'cmake_target' from command line to 'None'
[0.849s] Level 5:colcon.colcon_core.verb:set package 'theimc_description' build argument 'cmake_target_skip_unavailable' from command line to 'False'
[0.849s] Level 5:colcon.colcon_core.verb:set package 'theimc_description' build argument 'cmake_clean_cache' from command line to 'False'
[0.849s] Level 5:colcon.colcon_core.verb:set package 'theimc_description' build argument 'cmake_clean_first' from command line to 'False'
[0.849s] Level 5:colcon.colcon_core.verb:set package 'theimc_description' build argument 'cmake_force_configure' from command line to 'False'
[0.850s] Level 5:colcon.colcon_core.verb:set package 'theimc_description' build argument 'ament_cmake_args' from command line to 'None'
[0.850s] Level 5:colcon.colcon_core.verb:set package 'theimc_description' build argument 'catkin_cmake_args' from command line to 'None'
[0.850s] Level 5:colcon.colcon_core.verb:set package 'theimc_description' build argument 'catkin_skip_building_tests' from command line to 'False'
[0.850s] DEBUG:colcon.colcon_core.verb:Building package 'theimc_description' with the following arguments: {'ament_cmake_args': None, 'build_base': '/home/jeff/theimc_robot/build/theimc_description', 'catkin_cmake_args': None, 'catkin_skip_building_tests': False, 'cmake_args': None, 'cmake_clean_cache': False, 'cmake_clean_first': False, 'cmake_force_configure': False, 'cmake_target': None, 'cmake_target_skip_unavailable': False, 'install_base': '/home/jeff/theimc_robot/install/theimc_description', 'merge_install': False, 'path': '/home/jeff/theimc_robot/src/theimc_description', 'symlink_install': False, 'test_result_base': None}
[0.850s] Level 5:colcon.colcon_core.verb:set package 'theimc_navigation2' build argument 'cmake_args' from command line to 'None'
[0.850s] Level 5:colcon.colcon_core.verb:set package 'theimc_navigation2' build argument 'cmake_target' from command line to 'None'
[0.850s] Level 5:colcon.colcon_core.verb:set package 'theimc_navigation2' build argument 'cmake_target_skip_unavailable' from command line to 'False'
[0.850s] Level 5:colcon.colcon_core.verb:set package 'theimc_navigation2' build argument 'cmake_clean_cache' from command line to 'False'
[0.850s] Level 5:colcon.colcon_core.verb:set package 'theimc_navigation2' build argument 'cmake_clean_first' from command line to 'False'
[0.850s] Level 5:colcon.colcon_core.verb:set package 'theimc_navigation2' build argument 'cmake_force_configure' from command line to 'False'
[0.850s] Level 5:colcon.colcon_core.verb:set package 'theimc_navigation2' build argument 'ament_cmake_args' from command line to 'None'
[0.851s] Level 5:colcon.colcon_core.verb:set package 'theimc_navigation2' build argument 'catkin_cmake_args' from command line to 'None'
[0.851s] Level 5:colcon.colcon_core.verb:set package 'theimc_navigation2' build argument 'catkin_skip_building_tests' from command line to 'False'
[0.851s] DEBUG:colcon.colcon_core.verb:Building package 'theimc_navigation2' with the following arguments: {'ament_cmake_args': None, 'build_base': '/home/jeff/theimc_robot/build/theimc_navigation2', 'catkin_cmake_args': None, 'catkin_skip_building_tests': False, 'cmake_args': None, 'cmake_clean_cache': False, 'cmake_clean_first': False, 'cmake_force_configure': False, 'cmake_target': None, 'cmake_target_skip_unavailable': False, 'install_base': '/home/jeff/theimc_robot/install/theimc_navigation2', 'merge_install': False, 'path': '/home/jeff/theimc_robot/src/theimc_navigation2', 'symlink_install': False, 'test_result_base': None}
[0.851s] Level 5:colcon.colcon_core.verb:set package 'theimc_teleop' build argument 'cmake_args' from command line to 'None'
[0.851s] Level 5:colcon.colcon_core.verb:set package 'theimc_teleop' build argument 'cmake_target' from command line to 'None'
[0.851s] Level 5:colcon.colcon_core.verb:set package 'theimc_teleop' build argument 'cmake_target_skip_unavailable' from command line to 'False'
[0.851s] Level 5:colcon.colcon_core.verb:set package 'theimc_teleop' build argument 'cmake_clean_cache' from command line to 'False'
[0.851s] Level 5:colcon.colcon_core.verb:set package 'theimc_teleop' build argument 'cmake_clean_first' from command line to 'False'
[0.851s] Level 5:colcon.colcon_core.verb:set package 'theimc_teleop' build argument 'cmake_force_configure' from command line to 'False'
[0.852s] Level 5:colcon.colcon_core.verb:set package 'theimc_teleop' build argument 'ament_cmake_args' from command line to 'None'
[0.852s] Level 5:colcon.colcon_core.verb:set package 'theimc_teleop' build argument 'catkin_cmake_args' from command line to 'None'
[0.852s] Level 5:colcon.colcon_core.verb:set package 'theimc_teleop' build argument 'catkin_skip_building_tests' from command line to 'False'
[0.852s] DEBUG:colcon.colcon_core.verb:Building package 'theimc_teleop' with the following arguments: {'ament_cmake_args': None, 'build_base': '/home/jeff/theimc_robot/build/theimc_teleop', 'catkin_cmake_args': None, 'catkin_skip_building_tests': False, 'cmake_args': None, 'cmake_clean_cache': False, 'cmake_clean_first': False, 'cmake_force_configure': False, 'cmake_target': None, 'cmake_target_skip_unavailable': False, 'install_base': '/home/jeff/theimc_robot/install/theimc_teleop', 'merge_install': False, 'path': '/home/jeff/theimc_robot/src/theimc_teleop', 'symlink_install': False, 'test_result_base': None}
[0.852s] Level 5:colcon.colcon_core.verb:set package 'decision_making_pkg' build argument 'cmake_args' from command line to 'None'
[0.852s] Level 5:colcon.colcon_core.verb:set package 'decision_making_pkg' build argument 'cmake_target' from command line to 'None'
[0.852s] Level 5:colcon.colcon_core.verb:set package 'decision_making_pkg' build argument 'cmake_target_skip_unavailable' from command line to 'False'
[0.852s] Level 5:colcon.colcon_core.verb:set package 'decision_making_pkg' build argument 'cmake_clean_cache' from command line to 'False'
[0.852s] Level 5:colcon.colcon_core.verb:set package 'decision_making_pkg' build argument 'cmake_clean_first' from command line to 'False'
[0.852s] Level 5:colcon.colcon_core.verb:set package 'decision_making_pkg' build argument 'cmake_force_configure' from command line to 'False'
[0.852s] Level 5:colcon.colcon_core.verb:set package 'decision_making_pkg' build argument 'ament_cmake_args' from command line to 'None'
[0.853s] Level 5:colcon.colcon_core.verb:set package 'decision_making_pkg' build argument 'catkin_cmake_args' from command line to 'None'
[0.853s] Level 5:colcon.colcon_core.verb:set package 'decision_making_pkg' build argument 'catkin_skip_building_tests' from command line to 'False'
[0.853s] DEBUG:colcon.colcon_core.verb:Building package 'decision_making_pkg' with the following arguments: {'ament_cmake_args': None, 'build_base': '/home/jeff/theimc_robot/build/decision_making_pkg', 'catkin_cmake_args': None, 'catkin_skip_building_tests': False, 'cmake_args': None, 'cmake_clean_cache': False, 'cmake_clean_first': False, 'cmake_force_configure': False, 'cmake_target': None, 'cmake_target_skip_unavailable': False, 'install_base': '/home/jeff/theimc_robot/install/decision_making_pkg', 'merge_install': False, 'path': '/home/jeff/theimc_robot/src/decision_making_pkg', 'symlink_install': False, 'test_result_base': None}
[0.853s] Level 5:colcon.colcon_core.verb:set package 'theimc_bt_nodes' build argument 'cmake_args' from command line to 'None'
[0.853s] Level 5:colcon.colcon_core.verb:set package 'theimc_bt_nodes' build argument 'cmake_target' from command line to 'None'
[0.853s] Level 5:colcon.colcon_core.verb:set package 'theimc_bt_nodes' build argument 'cmake_target_skip_unavailable' from command line to 'False'
[0.853s] Level 5:colcon.colcon_core.verb:set package 'theimc_bt_nodes' build argument 'cmake_clean_cache' from command line to 'False'
[0.853s] Level 5:colcon.colcon_core.verb:set package 'theimc_bt_nodes' build argument 'cmake_clean_first' from command line to 'False'
[0.853s] Level 5:colcon.colcon_core.verb:set package 'theimc_bt_nodes' build argument 'cmake_force_configure' from command line to 'False'
[0.853s] Level 5:colcon.colcon_core.verb:set package 'theimc_bt_nodes' build argument 'ament_cmake_args' from command line to 'None'
[0.853s] Level 5:colcon.colcon_core.verb:set package 'theimc_bt_nodes' build argument 'catkin_cmake_args' from command line to 'None'
[0.854s] Level 5:colcon.colcon_core.verb:set package 'theimc_bt_nodes' build argument 'catkin_skip_building_tests' from command line to 'False'
[0.854s] DEBUG:colcon.colcon_core.verb:Building package 'theimc_bt_nodes' with the following arguments: {'ament_cmake_args': None, 'build_base': '/home/jeff/theimc_robot/build/theimc_bt_nodes', 'catkin_cmake_args': None, 'catkin_skip_building_tests': False, 'cmake_args': None, 'cmake_clean_cache': False, 'cmake_clean_first': False, 'cmake_force_configure': False, 'cmake_target': None, 'cmake_target_skip_unavailable': False, 'install_base': '/home/jeff/theimc_robot/install/theimc_bt_nodes', 'merge_install': False, 'path': '/home/jeff/theimc_robot/src/theimc_bt_nodes', 'symlink_install': False, 'test_result_base': None}
[0.854s] INFO:colcon.colcon_core.executor:Executing jobs using 'parallel' executor
[0.856s] DEBUG:colcon.colcon_parallel_executor.executor.parallel:run_until_complete
[0.857s] INFO:colcon.colcon_ros.task.ament_cmake.build:Building ROS package in '/home/jeff/theimc_robot/src/interfaces_pkg' with build type 'ament_cmake'
[0.857s] INFO:colcon.colcon_cmake.task.cmake.build:Building CMake package in '/home/jeff/theimc_robot/src/interfaces_pkg'
[0.861s] INFO:colcon.colcon_core.plugin_system:Skipping extension 'colcon_core.shell.bat': Not used on non-Windows systems
[0.862s] INFO:colcon.colcon_core.shell:Skip shell extension 'powershell' for command environment: Not usable outside of PowerShell
[0.862s] DEBUG:colcon.colcon_core.shell:Skip shell extension 'dsv' for command environment
[0.869s] INFO:colcon.colcon_ros.task.ament_cmake.build:Building ROS package in '/home/jeff/theimc_robot/src/theimc_navigation2' with build type 'ament_cmake'
[0.870s] INFO:colcon.colcon_cmake.task.cmake.build:Building CMake package in '/home/jeff/theimc_robot/src/theimc_navigation2'
[0.870s] INFO:colcon.colcon_core.shell:Skip shell extension 'powershell' for command environment: Not usable outside of PowerShell
[0.870s] DEBUG:colcon.colcon_core.shell:Skip shell extension 'dsv' for command environment
[0.877s] INFO:colcon.colcon_ros.task.ament_python.build:Building ROS package in '/home/jeff/theimc_robot/src/camera_perception_pkg' with build type 'ament_python'
[0.877s] Level 1:colcon.colcon_core.shell:create_environment_hook('camera_perception_pkg', 'ament_prefix_path')
[0.878s] INFO:colcon.colcon_core.shell:Creating environment hook '/home/jeff/theimc_robot/install/camera_perception_pkg/share/camera_perception_pkg/hook/ament_prefix_path.ps1'
[0.880s] INFO:colcon.colcon_core.shell:Creating environment descriptor '/home/jeff/theimc_robot/install/camera_perception_pkg/share/camera_perception_pkg/hook/ament_prefix_path.dsv'
[0.881s] INFO:colcon.colcon_core.shell:Creating environment hook '/home/jeff/theimc_robot/install/camera_perception_pkg/share/camera_perception_pkg/hook/ament_prefix_path.sh'
[0.882s] INFO:colcon.colcon_core.shell:Skip shell extension 'powershell' for command environment: Not usable outside of PowerShell
[0.883s] DEBUG:colcon.colcon_core.shell:Skip shell extension 'dsv' for command environment
[0.890s] INFO:colcon.colcon_ros.task.ament_python.build:Building ROS package in '/home/jeff/theimc_robot/src/debug_pkg' with build type 'ament_python'
[0.890s] Level 1:colcon.colcon_core.shell:create_environment_hook('debug_pkg', 'ament_prefix_path')
[0.891s] INFO:colcon.colcon_core.shell:Creating environment hook '/home/jeff/theimc_robot/install/debug_pkg/share/debug_pkg/hook/ament_prefix_path.ps1'
[0.892s] INFO:colcon.colcon_core.shell:Creating environment descriptor '/home/jeff/theimc_robot/install/debug_pkg/share/debug_pkg/hook/ament_prefix_path.dsv'
[0.893s] INFO:colcon.colcon_core.shell:Creating environment hook '/home/jeff/theimc_robot/install/debug_pkg/share/debug_pkg/hook/ament_prefix_path.sh'
[0.894s] INFO:colcon.colcon_core.shell:Skip shell extension 'powershell' for command environment: Not usable outside of PowerShell
[0.895s] DEBUG:colcon.colcon_core.shell:Skip shell extension 'dsv' for command environment
[0.901s] INFO:colcon.colcon_ros.task.ament_python.build:Building ROS package in '/home/jeff/theimc_robot/src/localizer_server' with build type 'ament_python'
[0.902s] Level 1:colcon.colcon_core.shell:create_environment_hook('localizer_server', 'ament_prefix_path')
[0.902s] INFO:colcon.colcon_core.shell:Creating environment hook '/home/jeff/theimc_robot/install/localizer_server/share/localizer_server/hook/ament_prefix_path.ps1'
[0.904s] INFO:colcon.colcon_core.shell:Creating environment descriptor '/home/jeff/theimc_robot/install/localizer_server/share/localizer_server/hook/ament_prefix_path.dsv'
[0.904s] INFO:colcon.colcon_core.shell:Creating environment hook '/home/jeff/theimc_robot/install/localizer_server/share/localizer_server/hook/ament_prefix_path.sh'
[0.905s] INFO:colcon.colcon_core.shell:Skip shell extension 'powershell' for command environment: Not usable outside of PowerShell
[0.906s] DEBUG:colcon.colcon_core.shell:Skip shell extension 'dsv' for command environment
[0.912s] INFO:colcon.colcon_ros.task.ament_cmake.build:Building ROS package in '/home/jeff/theimc_robot/src/sllidar_ros2' with build type 'ament_cmake'
[0.912s] INFO:colcon.colcon_cmake.task.cmake.build:Building CMake package in '/home/jeff/theimc_robot/src/sllidar_ros2'
[0.913s] INFO:colcon.colcon_core.shell:Skip shell extension 'powershell' for command environment: Not usable outside of PowerShell
[0.913s] DEBUG:colcon.colcon_core.shell:Skip shell extension 'dsv' for command environment
[0.927s] DEBUG:colcon.colcon_core.event_handler.log_command:Invoking command in '/home/jeff/theimc_robot/build/interfaces_pkg': CMAKE_PREFIX_PATH=${CMAKE_PREFIX_PATH}:/home/jeff/theimc_robot/install/theimc_teleop:/home/jeff/theimc_robot/install/theimc_bringup:/home/jeff/theimc_robot/install/localizer_server:/home/jeff/theimc_robot/install/decision_making_pkg:/home/jeff/theimc_robot/install/debug_pkg:/home/jeff/theimc_robot/install/camera_perception_pkg:/opt/ros/humble /usr/bin/cmake /home/jeff/theimc_robot/src/interfaces_pkg -DCMAKE_INSTALL_PREFIX=/home/jeff/theimc_robot/install/interfaces_pkg
[0.934s] DEBUG:colcon.colcon_core.event_handler.log_command:Invoking command in '/home/jeff/theimc_robot/build/theimc_navigation2': CMAKE_PREFIX_PATH=${CMAKE_PREFIX_PATH}:/home/jeff/theimc_robot/install/theimc_teleop:/home/jeff/theimc_robot/install/theimc_bringup:/home/jeff/theimc_robot/install/localizer_server:/home/jeff/theimc_robot/install/decision_making_pkg:/home/jeff/theimc_robot/install/debug_pkg:/home/jeff/theimc_robot/install/camera_perception_pkg:/opt/ros/humble /usr/bin/cmake /home/jeff/theimc_robot/src/theimc_navigation2 -DCMAKE_INSTALL_PREFIX=/home/jeff/theimc_robot/install/theimc_navigation2
[1.520s] INFO:colcon.colcon_core.task.python.build:Building Python package in '/home/jeff/theimc_robot/src/camera_perception_pkg'
[1.521s] INFO:colcon.colcon_core.shell:Skip shell extension 'powershell' for command environment: Not usable outside of PowerShell
[1.521s] DEBUG:colcon.colcon_core.shell:Skip shell extension 'dsv' for command environment
[2.126s] INFO:colcon.colcon_core.task.python.build:Building Python package in '/home/jeff/theimc_robot/src/debug_pkg'
[2.127s] INFO:colcon.colcon_core.shell:Skip shell extension 'powershell' for command environment: Not usable outside of PowerShell
[2.127s] DEBUG:colcon.colcon_core.shell:Skip shell extension 'dsv' for command environment
[2.726s] INFO:colcon.colcon_core.task.python.build:Building Python package in '/home/jeff/theimc_robot/src/localizer_server'
[2.727s] INFO:colcon.colcon_core.shell:Skip shell extension 'powershell' for command environment: Not usable outside of PowerShell
[2.727s] DEBUG:colcon.colcon_core.shell:Skip shell extension 'dsv' for command environment
[2.758s] DEBUG:colcon.colcon_core.event_handler.log_command:Invoking command in '/home/jeff/theimc_robot/build/sllidar_ros2': CMAKE_PREFIX_PATH=${CMAKE_PREFIX_PATH}:/home/jeff/theimc_robot/install/theimc_teleop:/home/jeff/theimc_robot/install/theimc_bringup:/home/jeff/theimc_robot/install/localizer_server:/home/jeff/theimc_robot/install/decision_making_pkg:/home/jeff/theimc_robot/install/debug_pkg:/home/jeff/theimc_robot/install/camera_perception_pkg:/opt/ros/humble /usr/bin/cmake /home/jeff/theimc_robot/src/sllidar_ros2 -DCMAKE_INSTALL_PREFIX=/home/jeff/theimc_robot/install/sllidar_ros2
[3.728s] DEBUG:colcon.colcon_core.task.python.build:Available setuptools commands: alias, symlink_data, egg_info, rotate, sdist, bdist_wheel, build_py, build_ext, easy_install, build, bdist, develop, bdist_rpm, test, install_egg_info, setopt, install, install_lib, saveopts, upload, build_clib, check, bdist_egg, bdist_dumb, install_headers, build_scripts, clean, install_scripts, install_data, register, upload_docs, dist_info
[3.745s] DEBUG:colcon.colcon_core.event_handler.log_command:Invoking command in '/home/jeff/theimc_robot/src/debug_pkg': PYTHONPATH=/home/jeff/theimc_robot/build/debug_pkg/prefix_override:/usr/lib/python3/dist-packages/colcon_core/task/python/colcon_distutils_commands:/home/jeff/theimc_robot/install/debug_pkg/lib/python3.10/site-packages:${PYTHONPATH} /usr/bin/python3 -W ignore:setup.py install is deprecated -W ignore:easy_install command is deprecated setup.py egg_info --egg-base ../../build/debug_pkg build --build-base /home/jeff/theimc_robot/build/debug_pkg/build install --record /home/jeff/theimc_robot/build/debug_pkg/install.log --install-scripts $base/lib/debug_pkg --single-version-externally-managed install_data
[3.747s] DEBUG:colcon.colcon_core.task.python.build:Available setuptools commands: alias, symlink_data, egg_info, rotate, sdist, bdist_wheel, build_py, build_ext, easy_install, build, bdist, develop, bdist_rpm, test, install_egg_info, setopt, install, install_lib, saveopts, upload, build_clib, check, bdist_egg, bdist_dumb, install_headers, build_scripts, clean, install_scripts, install_data, register, upload_docs, dist_info
[3.752s] DEBUG:colcon.colcon_core.event_handler.log_command:Invoking command in '/home/jeff/theimc_robot/src/localizer_server': PYTHONPATH=/home/jeff/theimc_robot/build/localizer_server/prefix_override:/usr/lib/python3/dist-packages/colcon_core/task/python/colcon_distutils_commands:/home/jeff/theimc_robot/install/localizer_server/lib/python3.10/site-packages:${PYTHONPATH} /usr/bin/python3 -W ignore:setup.py install is deprecated -W ignore:easy_install command is deprecated setup.py egg_info --egg-base ../../build/localizer_server build --build-base /home/jeff/theimc_robot/build/localizer_server/build install --record /home/jeff/theimc_robot/build/localizer_server/install.log --install-scripts $base/lib/localizer_server --single-version-externally-managed install_data
[3.753s] DEBUG:colcon.colcon_core.task.python.build:Available setuptools commands: alias, symlink_data, egg_info, rotate, sdist, bdist_wheel, build_py, build_ext, easy_install, build, bdist, develop, bdist_rpm, test, install_egg_info, setopt, install, install_lib, saveopts, upload, build_clib, check, bdist_egg, bdist_dumb, install_headers, build_scripts, clean, install_scripts, install_data, register, upload_docs, dist_info
[3.762s] DEBUG:colcon.colcon_core.event_handler.log_command:Invoking command in '/home/jeff/theimc_robot/src/camera_perception_pkg': PYTHONPATH=/home/jeff/theimc_robot/build/camera_perception_pkg/prefix_override:/usr/lib/python3/dist-packages/colcon_core/task/python/colcon_distutils_commands:/home/jeff/theimc_robot/install/camera_perception_pkg/lib/python3.10/site-packages:${PYTHONPATH} /usr/bin/python3 -W ignore:setup.py install is deprecated -W ignore:easy_install command is deprecated setup.py egg_info --egg-base ../../build/camera_perception_pkg build --build-base /home/jeff/theimc_robot/build/camera_perception_pkg/build install --record /home/jeff/theimc_robot/build/camera_perception_pkg/install.log --install-scripts $base/lib/camera_perception_pkg --single-version-externally-managed install_data
[4.558s] Level 1:colcon.colcon_core.environment:checking '/home/jeff/theimc_robot/install/localizer_server' for CMake module files
[4.559s] Level 1:colcon.colcon_core.environment:checking '/home/jeff/theimc_robot/install/localizer_server' for CMake config files
[4.562s] Level 1:colcon.colcon_core.environment:checking '/home/jeff/theimc_robot/install/localizer_server/lib'
[4.563s] Level 1:colcon.colcon_core.environment:checking '/home/jeff/theimc_robot/install/localizer_server/bin'
[4.563s] Level 1:colcon.colcon_core.environment:checking '/home/jeff/theimc_robot/install/localizer_server/lib/pkgconfig/localizer_server.pc'
[4.564s] Level 1:colcon.colcon_core.environment:checking '/home/jeff/theimc_robot/install/localizer_server/lib/python3.10/site-packages'
[4.564s] Level 1:colcon.colcon_core.shell:create_environment_hook('localizer_server', 'pythonpath')
[4.565s] INFO:colcon.colcon_core.shell:Creating environment hook '/home/jeff/theimc_robot/install/localizer_server/share/localizer_server/hook/pythonpath.ps1'
[4.567s] INFO:colcon.colcon_core.shell:Creating environment descriptor '/home/jeff/theimc_robot/install/localizer_server/share/localizer_server/hook/pythonpath.dsv'
[4.569s] INFO:colcon.colcon_core.shell:Creating environment hook '/home/jeff/theimc_robot/install/localizer_server/share/localizer_server/hook/pythonpath.sh'
[4.571s] Level 1:colcon.colcon_core.environment:checking '/home/jeff/theimc_robot/install/localizer_server/bin'
[4.572s] Level 1:colcon.colcon_core.environment:create_environment_scripts_only(localizer_server)
[4.573s] INFO:colcon.colcon_core.shell:Creating package script '/home/jeff/theimc_robot/install/localizer_server/share/localizer_server/package.ps1'
[4.576s] INFO:colcon.colcon_core.shell:Creating package descriptor '/home/jeff/theimc_robot/install/localizer_server/share/localizer_server/package.dsv'
[4.580s] DEBUG:colcon.colcon_core.event_handler.log_command:Invoked command in '/home/jeff/theimc_robot/src/localizer_server' returned '0': PYTHONPATH=/home/jeff/theimc_robot/build/localizer_server/prefix_override:/usr/lib/python3/dist-packages/colcon_core/task/python/colcon_distutils_commands:/home/jeff/theimc_robot/install/localizer_server/lib/python3.10/site-packages:${PYTHONPATH} /usr/bin/python3 -W ignore:setup.py install is deprecated -W ignore:easy_install command is deprecated setup.py egg_info --egg-base ../../build/localizer_server build --build-base /home/jeff/theimc_robot/build/localizer_server/build install --record /home/jeff/theimc_robot/build/localizer_server/install.log --install-scripts $base/lib/localizer_server --single-version-externally-managed install_data
[4.581s] INFO:colcon.colcon_core.shell:Creating package script '/home/jeff/theimc_robot/install/localizer_server/share/localizer_server/package.sh'
[4.583s] INFO:colcon.colcon_core.shell:Creating package script '/home/jeff/theimc_robot/install/localizer_server/share/localizer_server/package.bash'
[4.585s] INFO:colcon.colcon_core.shell:Creating package script '/home/jeff/theimc_robot/install/localizer_server/share/localizer_server/package.zsh'
[4.588s] Level 1:colcon.colcon_core.environment:create_file_with_runtime_dependencies(/home/jeff/theimc_robot/install/localizer_server/share/colcon-core/packages/localizer_server)
[4.591s] INFO:colcon.colcon_ros.task.ament_python.build:Building ROS package in '/home/jeff/theimc_robot/src/theimc_bringup' with build type 'ament_python'
[4.591s] Level 1:colcon.colcon_core.shell:create_environment_hook('theimc_bringup', 'ament_prefix_path')
[4.592s] INFO:colcon.colcon_core.shell:Creating environment hook '/home/jeff/theimc_robot/install/theimc_bringup/share/theimc_bringup/hook/ament_prefix_path.ps1'
[4.594s] INFO:colcon.colcon_core.shell:Creating environment descriptor '/home/jeff/theimc_robot/install/theimc_bringup/share/theimc_bringup/hook/ament_prefix_path.dsv'
[4.595s] INFO:colcon.colcon_core.shell:Creating environment hook '/home/jeff/theimc_robot/install/theimc_bringup/share/theimc_bringup/hook/ament_prefix_path.sh'
[4.596s] INFO:colcon.colcon_core.shell:Skip shell extension 'powershell' for command environment: Not usable outside of PowerShell
[4.596s] DEBUG:colcon.colcon_core.shell:Skip shell extension 'dsv' for command environment
[4.607s] Level 1:colcon.colcon_core.environment:checking '/home/jeff/theimc_robot/install/debug_pkg' for CMake module files
[4.609s] DEBUG:colcon.colcon_core.event_handler.log_command:Invoked command in '/home/jeff/theimc_robot/src/debug_pkg' returned '0': PYTHONPATH=/home/jeff/theimc_robot/build/debug_pkg/prefix_override:/usr/lib/python3/dist-packages/colcon_core/task/python/colcon_distutils_commands:/home/jeff/theimc_robot/install/debug_pkg/lib/python3.10/site-packages:${PYTHONPATH} /usr/bin/python3 -W ignore:setup.py install is deprecated -W ignore:easy_install command is deprecated setup.py egg_info --egg-base ../../build/debug_pkg build --build-base /home/jeff/theimc_robot/build/debug_pkg/build install --record /home/jeff/theimc_robot/build/debug_pkg/install.log --install-scripts $base/lib/debug_pkg --single-version-externally-managed install_data
[4.609s] Level 1:colcon.colcon_core.environment:checking '/home/jeff/theimc_robot/install/debug_pkg' for CMake config files
[4.611s] Level 1:colcon.colcon_core.environment:checking '/home/jeff/theimc_robot/install/debug_pkg/lib'
[4.611s] Level 1:colcon.colcon_core.environment:checking '/home/jeff/theimc_robot/install/debug_pkg/bin'
[4.611s] Level 1:colcon.colcon_core.environment:checking '/home/jeff/theimc_robot/install/debug_pkg/lib/pkgconfig/debug_pkg.pc'
[4.612s] Level 1:colcon.colcon_core.environment:checking '/home/jeff/theimc_robot/install/debug_pkg/lib/python3.10/site-packages'
[4.612s] Level 1:colcon.colcon_core.shell:create_environment_hook('debug_pkg', 'pythonpath')
[4.612s] INFO:colcon.colcon_core.shell:Creating environment hook '/home/jeff/theimc_robot/install/debug_pkg/share/debug_pkg/hook/pythonpath.ps1'
[4.614s] INFO:colcon.colcon_core.shell:Creating environment descriptor '/home/jeff/theimc_robot/install/debug_pkg/share/debug_pkg/hook/pythonpath.dsv'
[4.614s] INFO:colcon.colcon_core.shell:Creating environment hook '/home/jeff/theimc_robot/install/debug_pkg/share/debug_pkg/hook/pythonpath.sh'
[4.616s] Level 1:colcon.colcon_core.environment:checking '/home/jeff/theimc_robot/install/debug_pkg/bin'
[4.616s] Level 1:colcon.colcon_core.environment:create_environment_scripts_only(debug_pkg)
[4.617s] INFO:colcon.colcon_core.shell:Creating package script '/home/jeff/theimc_robot/install/debug_pkg/share/debug_pkg/package.ps1'
[4.618s] INFO:colcon.colcon_core.shell:Creating package descriptor '/home/jeff/theimc_robot/install/debug_pkg/share/debug_pkg/package.dsv'
[4.619s] INFO:colcon.colcon_core.shell:Creating package script '/home/jeff/theimc_robot/install/debug_pkg/share/debug_pkg/package.sh'
[4.620s] INFO:colcon.colcon_core.shell:Creating package script '/home/jeff/theimc_robot/install/debug_pkg/share/debug_pkg/package.bash'
[4.622s] INFO:colcon.colcon_core.shell:Creating package script '/home/jeff/theimc_robot/install/debug_pkg/share/debug_pkg/package.zsh'
[4.623s] Level 1:colcon.colcon_core.environment:create_file_with_runtime_dependencies(/home/jeff/theimc_robot/install/debug_pkg/share/colcon-core/packages/debug_pkg)
[4.625s] INFO:colcon.colcon_ros.task.ament_cmake.build:Building ROS package in '/home/jeff/theimc_robot/src/theimc_description' with build type 'ament_cmake'
[4.625s] INFO:colcon.colcon_cmake.task.cmake.build:Building CMake package in '/home/jeff/theimc_robot/src/theimc_description'
[4.626s] INFO:colcon.colcon_core.shell:Skip shell extension 'powershell' for command environment: Not usable outside of PowerShell
[4.626s] DEBUG:colcon.colcon_core.shell:Skip shell extension 'dsv' for command environment
[4.636s] Level 1:colcon.colcon_core.environment:checking '/home/jeff/theimc_robot/install/camera_perception_pkg' for CMake module files
[4.638s] DEBUG:colcon.colcon_core.event_handler.log_command:Invoked command in '/home/jeff/theimc_robot/src/camera_perception_pkg' returned '0': PYTHONPATH=/home/jeff/theimc_robot/build/camera_perception_pkg/prefix_override:/usr/lib/python3/dist-packages/colcon_core/task/python/colcon_distutils_commands:/home/jeff/theimc_robot/install/camera_perception_pkg/lib/python3.10/site-packages:${PYTHONPATH} /usr/bin/python3 -W ignore:setup.py install is deprecated -W ignore:easy_install command is deprecated setup.py egg_info --egg-base ../../build/camera_perception_pkg build --build-base /home/jeff/theimc_robot/build/camera_perception_pkg/build install --record /home/jeff/theimc_robot/build/camera_perception_pkg/install.log --install-scripts $base/lib/camera_perception_pkg --single-version-externally-managed install_data
[4.639s] Level 1:colcon.colcon_core.environment:checking '/home/jeff/theimc_robot/install/camera_perception_pkg' for CMake config files
[4.640s] Level 1:colcon.colcon_core.environment:checking '/home/jeff/theimc_robot/install/camera_perception_pkg/lib'
[4.641s] Level 1:colcon.colcon_core.environment:checking '/home/jeff/theimc_robot/install/camera_perception_pkg/bin'
[4.641s] Level 1:colcon.colcon_core.environment:checking '/home/jeff/theimc_robot/install/camera_perception_pkg/lib/pkgconfig/camera_perception_pkg.pc'
[4.641s] Level 1:colcon.colcon_core.environment:checking '/home/jeff/theimc_robot/install/camera_perception_pkg/lib/python3.10/site-packages'
[4.642s] Level 1:colcon.colcon_core.shell:create_environment_hook('camera_perception_pkg', 'pythonpath')
[4.642s] INFO:colcon.colcon_core.shell:Creating environment hook '/home/jeff/theimc_robot/install/camera_perception_pkg/share/camera_perception_pkg/hook/pythonpath.ps1'
[4.643s] INFO:colcon.colcon_core.shell:Creating environment descriptor '/home/jeff/theimc_robot/install/camera_perception_pkg/share/camera_perception_pkg/hook/pythonpath.dsv'
[4.644s] INFO:colcon.colcon_core.shell:Creating environment hook '/home/jeff/theimc_robot/install/camera_perception_pkg/share/camera_perception_pkg/hook/pythonpath.sh'
[4.646s] Level 1:colcon.colcon_core.environment:checking '/home/jeff/theimc_robot/install/camera_perception_pkg/bin'
[4.646s] Level 1:colcon.colcon_core.environment:create_environment_scripts_only(camera_perception_pkg)
[4.646s] INFO:colcon.colcon_core.shell:Creating package script '/home/jeff/theimc_robot/install/camera_perception_pkg/share/camera_perception_pkg/package.ps1'
[4.648s] INFO:colcon.colcon_core.shell:Creating package descriptor '/home/jeff/theimc_robot/install/camera_perception_pkg/share/camera_perception_pkg/package.dsv'
[4.649s] INFO:colcon.colcon_core.shell:Creating package script '/home/jeff/theimc_robot/install/camera_perception_pkg/share/camera_perception_pkg/package.sh'
[4.650s] INFO:colcon.colcon_core.shell:Creating package script '/home/jeff/theimc_robot/install/camera_perception_pkg/share/camera_perception_pkg/package.bash'
[4.651s] INFO:colcon.colcon_core.shell:Creating package script '/home/jeff/theimc_robot/install/camera_perception_pkg/share/camera_perception_pkg/package.zsh'
[4.651s] Level 1:colcon.colcon_core.environment:create_file_with_runtime_dependencies(/home/jeff/theimc_robot/install/camera_perception_pkg/share/colcon-core/packages/camera_perception_pkg)
[5.278s] INFO:colcon.colcon_core.task.python.build:Building Python package in '/home/jeff/theimc_robot/src/theimc_bringup'
[5.279s] INFO:colcon.colcon_core.shell:Skip shell extension 'powershell' for command environment: Not usable outside of PowerShell
[5.279s] DEBUG:colcon.colcon_core.shell:Skip shell extension 'dsv' for command environment
[5.289s] INFO:colcon.colcon_ros.task.ament_python.build:Building ROS package in '/home/jeff/theimc_robot/src/theimc_teleop' with build type 'ament_python'
[5.289s] Level 1:colcon.colcon_core.shell:create_environment_hook('theimc_teleop', 'ament_prefix_path')
[5.290s] INFO:colcon.colcon_core.shell:Creating environment hook '/home/jeff/theimc_robot/install/theimc_teleop/share/theimc_teleop/hook/ament_prefix_path.ps1'
[5.292s] INFO:colcon.colcon_core.shell:Creating environment descriptor '/home/jeff/theimc_robot/install/theimc_teleop/share/theimc_teleop/hook/ament_prefix_path.dsv'
[5.293s] INFO:colcon.colcon_core.shell:Creating environment hook '/home/jeff/theimc_robot/install/theimc_teleop/share/theimc_teleop/hook/ament_prefix_path.sh'
[5.295s] INFO:colcon.colcon_core.shell:Skip shell extension 'powershell' for command environment: Not usable outside of PowerShell
[5.295s] DEBUG:colcon.colcon_core.shell:Skip shell extension 'dsv' for command environment
[5.304s] DEBUG:colcon.colcon_core.event_handler.log_command:Invoked command in '/home/jeff/theimc_robot/build/theimc_navigation2' returned '0': CMAKE_PREFIX_PATH=${CMAKE_PREFIX_PATH}:/home/jeff/theimc_robot/install/theimc_teleop:/home/jeff/theimc_robot/install/theimc_bringup:/home/jeff/theimc_robot/install/localizer_server:/home/jeff/theimc_robot/install/decision_making_pkg:/home/jeff/theimc_robot/install/debug_pkg:/home/jeff/theimc_robot/install/camera_perception_pkg:/opt/ros/humble /usr/bin/cmake /home/jeff/theimc_robot/src/theimc_navigation2 -DCMAKE_INSTALL_PREFIX=/home/jeff/theimc_robot/install/theimc_navigation2
[5.309s] DEBUG:colcon.colcon_core.event_handler.log_command:Invoking command in '/home/jeff/theimc_robot/build/theimc_navigation2': CMAKE_PREFIX_PATH=${CMAKE_PREFIX_PATH}:/home/jeff/theimc_robot/install/theimc_teleop:/home/jeff/theimc_robot/install/theimc_bringup:/home/jeff/theimc_robot/install/localizer_server:/home/jeff/theimc_robot/install/decision_making_pkg:/home/jeff/theimc_robot/install/debug_pkg:/home/jeff/theimc_robot/install/camera_perception_pkg:/opt/ros/humble /usr/bin/cmake --build /home/jeff/theimc_robot/build/theimc_navigation2 -- -j6 -l6
[5.315s] DEBUG:colcon.colcon_core.event_handler.log_command:Invoking command in '/home/jeff/theimc_robot/build/theimc_description': CMAKE_PREFIX_PATH=${CMAKE_PREFIX_PATH}:/home/jeff/theimc_robot/install/theimc_teleop:/home/jeff/theimc_robot/install/theimc_bringup:/home/jeff/theimc_robot/install/localizer_server:/home/jeff/theimc_robot/install/decision_making_pkg:/home/jeff/theimc_robot/install/debug_pkg:/home/jeff/theimc_robot/install/camera_perception_pkg:/opt/ros/humble /usr/bin/cmake /home/jeff/theimc_robot/src/theimc_description -DCMAKE_INSTALL_PREFIX=/home/jeff/theimc_robot/install/theimc_description
[5.989s] INFO:colcon.colcon_core.task.python.build:Building Python package in '/home/jeff/theimc_robot/src/theimc_teleop'
[5.989s] INFO:colcon.colcon_core.shell:Skip shell extension 'powershell' for command environment: Not usable outside of PowerShell
[5.990s] DEBUG:colcon.colcon_core.shell:Skip shell extension 'dsv' for command environment
[6.001s] DEBUG:colcon.colcon_core.event_handler.log_command:Invoked command in '/home/jeff/theimc_robot/build/sllidar_ros2' returned '0': CMAKE_PREFIX_PATH=${CMAKE_PREFIX_PATH}:/home/jeff/theimc_robot/install/theimc_teleop:/home/jeff/theimc_robot/install/theimc_bringup:/home/jeff/theimc_robot/install/localizer_server:/home/jeff/theimc_robot/install/decision_making_pkg:/home/jeff/theimc_robot/install/debug_pkg:/home/jeff/theimc_robot/install/camera_perception_pkg:/opt/ros/humble /usr/bin/cmake /home/jeff/theimc_robot/src/sllidar_ros2 -DCMAKE_INSTALL_PREFIX=/home/jeff/theimc_robot/install/sllidar_ros2
[6.004s] DEBUG:colcon.colcon_core.event_handler.log_command:Invoking command in '/home/jeff/theimc_robot/build/sllidar_ros2': CMAKE_PREFIX_PATH=${CMAKE_PREFIX_PATH}:/home/jeff/theimc_robot/install/theimc_teleop:/home/jeff/theimc_robot/install/theimc_bringup:/home/jeff/theimc_robot/install/localizer_server:/home/jeff/theimc_robot/install/decision_making_pkg:/home/jeff/theimc_robot/install/debug_pkg:/home/jeff/theimc_robot/install/camera_perception_pkg:/opt/ros/humble /usr/bin/cmake --build /home/jeff/theimc_robot/build/sllidar_ros2 -- -j6 -l6
[6.005s] DEBUG:colcon.colcon_core.event_handler.log_command:Invoked command in '/home/jeff/theimc_robot/build/interfaces_pkg' returned '0': CMAKE_PREFIX_PATH=${CMAKE_PREFIX_PATH}:/home/jeff/theimc_robot/install/theimc_teleop:/home/jeff/theimc_robot/install/theimc_bringup:/home/jeff/theimc_robot/install/localizer_server:/home/jeff/theimc_robot/install/decision_making_pkg:/home/jeff/theimc_robot/install/debug_pkg:/home/jeff/theimc_robot/install/camera_perception_pkg:/opt/ros/humble /usr/bin/cmake /home/jeff/theimc_robot/src/interfaces_pkg -DCMAKE_INSTALL_PREFIX=/home/jeff/theimc_robot/install/interfaces_pkg
[6.008s] DEBUG:colcon.colcon_core.event_handler.log_command:Invoking command in '/home/jeff/theimc_robot/build/interfaces_pkg': CMAKE_PREFIX_PATH=${CMAKE_PREFIX_PATH}:/home/jeff/theimc_robot/install/theimc_teleop:/home/jeff/theimc_robot/install/theimc_bringup:/home/jeff/theimc_robot/install/localizer_server:/home/jeff/theimc_robot/install/decision_making_pkg:/home/jeff/theimc_robot/install/debug_pkg:/home/jeff/theimc_robot/install/camera_perception_pkg:/opt/ros/humble /usr/bin/cmake --build /home/jeff/theimc_robot/build/interfaces_pkg -- -j6 -l6
[6.412s] DEBUG:colcon.colcon_core.task.python.build:Available setuptools commands: alias, symlink_data, egg_info, rotate, sdist, bdist_wheel, build_py, build_ext, easy_install, build, bdist, develop, bdist_rpm, test, install_egg_info, setopt, install, install_lib, saveopts, upload, build_clib, check, bdist_egg, bdist_dumb, install_headers, build_scripts, clean, install_scripts, install_data, register, upload_docs, dist_info
[6.422s] DEBUG:colcon.colcon_core.event_handler.log_command:Invoking command in '/home/jeff/theimc_robot/src/theimc_bringup': PYTHONPATH=/home/jeff/theimc_robot/build/theimc_bringup/prefix_override:/usr/lib/python3/dist-packages/colcon_core/task/python/colcon_distutils_commands:/home/jeff/theimc_robot/install/theimc_bringup/lib/python3.10/site-packages:${PYTHONPATH} /usr/bin/python3 -W ignore:setup.py install is deprecated -W ignore:easy_install command is deprecated setup.py egg_info --egg-base ../../build/theimc_bringup build --build-base /home/jeff/theimc_robot/build/theimc_bringup/build install --record /home/jeff/theimc_robot/build/theimc_bringup/install.log --install-scripts $base/lib/theimc_bringup --single-version-externally-managed install_data
[7.957s] DEBUG:colcon.colcon_core.task.python.build:Available setuptools commands: alias, symlink_data, egg_info, rotate, sdist, bdist_wheel, build_py, build_ext, easy_install, build, bdist, develop, bdist_rpm, test, install_egg_info, setopt, install, install_lib, saveopts, upload, build_clib, check, bdist_egg, bdist_dumb, install_headers, build_scripts, clean, install_scripts, install_data, register, upload_docs, dist_info
[7.981s] DEBUG:colcon.colcon_core.event_handler.log_command:Invoking command in '/home/jeff/theimc_robot/src/theimc_teleop': PYTHONPATH=/home/jeff/theimc_robot/build/theimc_teleop/prefix_override:/usr/lib/python3/dist-packages/colcon_core/task/python/colcon_distutils_commands:/home/jeff/theimc_robot/install/theimc_teleop/lib/python3.10/site-packages:${PYTHONPATH} /usr/bin/python3 -W ignore:setup.py install is deprecated -W ignore:easy_install command is deprecated setup.py egg_info --egg-base ../../build/theimc_teleop build --build-base /home/jeff/theimc_robot/build/theimc_teleop/build install --record /home/jeff/theimc_robot/build/theimc_teleop/install.log --install-scripts $base/lib/theimc_teleop --single-version-externally-managed install_data
[8.180s] DEBUG:colcon.colcon_core.event_handler.log_command:Invoked command in '/home/jeff/theimc_robot/build/theimc_description' returned '0': CMAKE_PREFIX_PATH=${CMAKE_PREFIX_PATH}:/home/jeff/theimc_robot/install/theimc_teleop:/home/jeff/theimc_robot/install/theimc_bringup:/home/jeff/theimc_robot/install/localizer_server:/home/jeff/theimc_robot/install/decision_making_pkg:/home/jeff/theimc_robot/install/debug_pkg:/home/jeff/theimc_robot/install/camera_perception_pkg:/opt/ros/humble /usr/bin/cmake /home/jeff/theimc_robot/src/theimc_description -DCMAKE_INSTALL_PREFIX=/home/jeff/theimc_robot/install/theimc_description
[8.194s] DEBUG:colcon.colcon_core.event_handler.log_command:Invoking command in '/home/jeff/theimc_robot/build/theimc_description': CMAKE_PREFIX_PATH=${CMAKE_PREFIX_PATH}:/home/jeff/theimc_robot/install/theimc_teleop:/home/jeff/theimc_robot/install/theimc_bringup:/home/jeff/theimc_robot/install/localizer_server:/home/jeff/theimc_robot/install/decision_making_pkg:/home/jeff/theimc_robot/install/debug_pkg:/home/jeff/theimc_robot/install/camera_perception_pkg:/opt/ros/humble /usr/bin/cmake --build /home/jeff/theimc_robot/build/theimc_description -- -j6 -l6
[8.566s] DEBUG:colcon.colcon_core.event_handler.log_command:Invoked command in '/home/jeff/theimc_robot/build/theimc_description' returned '0': CMAKE_PREFIX_PATH=${CMAKE_PREFIX_PATH}:/home/jeff/theimc_robot/install/theimc_teleop:/home/jeff/theimc_robot/install/theimc_bringup:/home/jeff/theimc_robot/install/localizer_server:/home/jeff/theimc_robot/install/decision_making_pkg:/home/jeff/theimc_robot/install/debug_pkg:/home/jeff/theimc_robot/install/camera_perception_pkg:/opt/ros/humble /usr/bin/cmake --build /home/jeff/theimc_robot/build/theimc_description -- -j6 -l6
[8.613s] DEBUG:colcon.colcon_core.event_handler.log_command:Invoking command in '/home/jeff/theimc_robot/build/theimc_description': CMAKE_PREFIX_PATH=${CMAKE_PREFIX_PATH}:/home/jeff/theimc_robot/install/theimc_teleop:/home/jeff/theimc_robot/install/theimc_bringup:/home/jeff/theimc_robot/install/localizer_server:/home/jeff/theimc_robot/install/decision_making_pkg:/home/jeff/theimc_robot/install/debug_pkg:/home/jeff/theimc_robot/install/camera_perception_pkg:/opt/ros/humble /usr/bin/cmake --install /home/jeff/theimc_robot/build/theimc_description
[8.628s] Level 1:colcon.colcon_core.environment:checking '/home/jeff/theimc_robot/install/theimc_bringup' for CMake module files
[8.629s] Level 1:colcon.colcon_core.environment:checking '/home/jeff/theimc_robot/install/theimc_bringup' for CMake config files
[8.630s] Level 1:colcon.colcon_core.environment:checking '/home/jeff/theimc_robot/install/theimc_bringup/lib'
[8.631s] Level 1:colcon.colcon_core.environment:checking '/home/jeff/theimc_robot/install/theimc_bringup/bin'
[8.631s] Level 1:colcon.colcon_core.environment:checking '/home/jeff/theimc_robot/install/theimc_bringup/lib/pkgconfig/theimc_bringup.pc'
[8.632s] DEBUG:colcon.colcon_core.event_handler.log_command:Invoked command in '/home/jeff/theimc_robot/src/theimc_bringup' returned '0': PYTHONPATH=/home/jeff/theimc_robot/build/theimc_bringup/prefix_override:/usr/lib/python3/dist-packages/colcon_core/task/python/colcon_distutils_commands:/home/jeff/theimc_robot/install/theimc_bringup/lib/python3.10/site-packages:${PYTHONPATH} /usr/bin/python3 -W ignore:setup.py install is deprecated -W ignore:easy_install command is deprecated setup.py egg_info --egg-base ../../build/theimc_bringup build --build-base /home/jeff/theimc_robot/build/theimc_bringup/build install --record /home/jeff/theimc_robot/build/theimc_bringup/install.log --install-scripts $base/lib/theimc_bringup --single-version-externally-managed install_data
[8.632s] Level 1:colcon.colcon_core.environment:checking '/home/jeff/theimc_robot/install/theimc_bringup/lib/python3.10/site-packages'
[8.632s] Level 1:colcon.colcon_core.shell:create_environment_hook('theimc_bringup', 'pythonpath')
[8.633s] INFO:colcon.colcon_core.shell:Creating environment hook '/home/jeff/theimc_robot/install/theimc_bringup/share/theimc_bringup/hook/pythonpath.ps1'
[8.634s] INFO:colcon.colcon_core.shell:Creating environment descriptor '/home/jeff/theimc_robot/install/theimc_bringup/share/theimc_bringup/hook/pythonpath.dsv'
[8.635s] INFO:colcon.colcon_core.shell:Creating environment hook '/home/jeff/theimc_robot/install/theimc_bringup/share/theimc_bringup/hook/pythonpath.sh'
[8.637s] Level 1:colcon.colcon_core.environment:checking '/home/jeff/theimc_robot/install/theimc_bringup/bin'
[8.637s] Level 1:colcon.colcon_core.environment:create_environment_scripts_only(theimc_bringup)
[8.638s] INFO:colcon.colcon_core.shell:Creating package script '/home/jeff/theimc_robot/install/theimc_bringup/share/theimc_bringup/package.ps1'
[8.644s] INFO:colcon.colcon_core.shell:Creating package descriptor '/home/jeff/theimc_robot/install/theimc_bringup/share/theimc_bringup/package.dsv'
[8.645s] INFO:colcon.colcon_core.shell:Creating package script '/home/jeff/theimc_robot/install/theimc_bringup/share/theimc_bringup/package.sh'
[8.654s] INFO:colcon.colcon_core.shell:Creating package script '/home/jeff/theimc_robot/install/theimc_bringup/share/theimc_bringup/package.bash'
[8.655s] INFO:colcon.colcon_core.shell:Creating package script '/home/jeff/theimc_robot/install/theimc_bringup/share/theimc_bringup/package.zsh'
[8.656s] Level 1:colcon.colcon_core.environment:create_file_with_runtime_dependencies(/home/jeff/theimc_robot/install/theimc_bringup/share/colcon-core/packages/theimc_bringup)
[8.711s] Level 1:colcon.colcon_core.environment:create_environment_scripts_only(theimc_description)
[8.712s] Level 1:colcon.colcon_core.environment:checking '/home/jeff/theimc_robot/install/theimc_description' for CMake module files
[8.712s] DEBUG:colcon.colcon_core.event_handler.log_command:Invoked command in '/home/jeff/theimc_robot/build/theimc_description' returned '0': CMAKE_PREFIX_PATH=${CMAKE_PREFIX_PATH}:/home/jeff/theimc_robot/install/theimc_teleop:/home/jeff/theimc_robot/install/theimc_bringup:/home/jeff/theimc_robot/install/localizer_server:/home/jeff/theimc_robot/install/decision_making_pkg:/home/jeff/theimc_robot/install/debug_pkg:/home/jeff/theimc_robot/install/camera_perception_pkg:/opt/ros/humble /usr/bin/cmake --install /home/jeff/theimc_robot/build/theimc_description
[8.715s] Level 1:colcon.colcon_core.environment:checking '/home/jeff/theimc_robot/install/theimc_description' for CMake config files
[8.715s] Level 1:colcon.colcon_core.shell:create_environment_hook('theimc_description', 'cmake_prefix_path')
[8.716s] INFO:colcon.colcon_core.shell:Creating environment hook '/home/jeff/theimc_robot/install/theimc_description/share/theimc_description/hook/cmake_prefix_path.ps1'
[8.717s] INFO:colcon.colcon_core.shell:Creating environment descriptor '/home/jeff/theimc_robot/install/theimc_description/share/theimc_description/hook/cmake_prefix_path.dsv'
[8.718s] INFO:colcon.colcon_core.shell:Creating environment hook '/home/jeff/theimc_robot/install/theimc_description/share/theimc_description/hook/cmake_prefix_path.sh'
[8.719s] Level 1:colcon.colcon_core.environment:checking '/home/jeff/theimc_robot/install/theimc_description/bin'
[8.719s] Level 1:colcon.colcon_core.environment:checking '/home/jeff/theimc_robot/install/theimc_description/lib/pkgconfig/theimc_description.pc'
[8.720s] Level 1:colcon.colcon_core.environment:checking '/home/jeff/theimc_robot/install/theimc_description/lib/python3.10/site-packages'
[8.721s] Level 1:colcon.colcon_core.environment:checking '/home/jeff/theimc_robot/install/theimc_description/bin'
[8.721s] INFO:colcon.colcon_core.shell:Creating package script '/home/jeff/theimc_robot/install/theimc_description/share/theimc_description/package.ps1'
[8.722s] INFO:colcon.colcon_core.shell:Creating package descriptor '/home/jeff/theimc_robot/install/theimc_description/share/theimc_description/package.dsv'
[8.723s] INFO:colcon.colcon_core.shell:Creating package script '/home/jeff/theimc_robot/install/theimc_description/share/theimc_description/package.sh'
[8.724s] INFO:colcon.colcon_core.shell:Creating package script '/home/jeff/theimc_robot/install/theimc_description/share/theimc_description/package.bash'
[8.725s] INFO:colcon.colcon_core.shell:Creating package script '/home/jeff/theimc_robot/install/theimc_description/share/theimc_description/package.zsh'
[8.726s] Level 1:colcon.colcon_core.environment:create_file_with_runtime_dependencies(/home/jeff/theimc_robot/install/theimc_description/share/colcon-core/packages/theimc_description)
[8.740s] Level 1:colcon.colcon_core.environment:create_environment_scripts_only(theimc_description)
[8.741s] Level 1:colcon.colcon_core.environment:checking '/home/jeff/theimc_robot/install/theimc_description' for CMake module files
[8.742s] Level 1:colcon.colcon_core.environment:checking '/home/jeff/theimc_robot/install/theimc_description' for CMake config files
[8.742s] Level 1:colcon.colcon_core.shell:create_environment_hook('theimc_description', 'cmake_prefix_path')
[8.743s] INFO:colcon.colcon_core.shell:Creating environment hook '/home/jeff/theimc_robot/install/theimc_description/share/theimc_description/hook/cmake_prefix_path.ps1'
[8.744s] INFO:colcon.colcon_core.shell:Creating environment descriptor '/home/jeff/theimc_robot/install/theimc_description/share/theimc_description/hook/cmake_prefix_path.dsv'
[8.745s] INFO:colcon.colcon_core.shell:Creating environment hook '/home/jeff/theimc_robot/install/theimc_description/share/theimc_description/hook/cmake_prefix_path.sh'
[8.746s] Level 1:colcon.colcon_core.environment:checking '/home/jeff/theimc_robot/install/theimc_description/bin'
[8.746s] Level 1:colcon.colcon_core.environment:checking '/home/jeff/theimc_robot/install/theimc_description/lib/pkgconfig/theimc_description.pc'
[8.759s] Level 1:colcon.colcon_core.environment:checking '/home/jeff/theimc_robot/install/theimc_description/lib/python3.10/site-packages'
[8.760s] Level 1:colcon.colcon_core.environment:checking '/home/jeff/theimc_robot/install/theimc_description/bin'
[8.761s] INFO:colcon.colcon_core.shell:Creating package script '/home/jeff/theimc_robot/install/theimc_description/share/theimc_description/package.ps1'
[8.763s] INFO:colcon.colcon_core.shell:Creating package descriptor '/home/jeff/theimc_robot/install/theimc_description/share/theimc_description/package.dsv'
[8.764s] INFO:colcon.colcon_core.shell:Creating package script '/home/jeff/theimc_robot/install/theimc_description/share/theimc_description/package.sh'
[8.765s] INFO:colcon.colcon_core.shell:Creating package script '/home/jeff/theimc_robot/install/theimc_description/share/theimc_description/package.bash'
[8.766s] INFO:colcon.colcon_core.shell:Creating package script '/home/jeff/theimc_robot/install/theimc_description/share/theimc_description/package.zsh'
[8.767s] Level 1:colcon.colcon_core.environment:create_file_with_runtime_dependencies(/home/jeff/theimc_robot/install/theimc_description/share/colcon-core/packages/theimc_description)
[9.477s] Level 1:colcon.colcon_core.environment:checking '/home/jeff/theimc_robot/install/theimc_teleop' for CMake module files
[9.478s] Level 1:colcon.colcon_core.environment:checking '/home/jeff/theimc_robot/install/theimc_teleop' for CMake config files
[9.481s] DEBUG:colcon.colcon_core.event_handler.log_command:Invoked command in '/home/jeff/theimc_robot/src/theimc_teleop' returned '0': PYTHONPATH=/home/jeff/theimc_robot/build/theimc_teleop/prefix_override:/usr/lib/python3/dist-packages/colcon_core/task/python/colcon_distutils_commands:/home/jeff/theimc_robot/install/theimc_teleop/lib/python3.10/site-packages:${PYTHONPATH} /usr/bin/python3 -W ignore:setup.py install is deprecated -W ignore:easy_install command is deprecated setup.py egg_info --egg-base ../../build/theimc_teleop build --build-base /home/jeff/theimc_robot/build/theimc_teleop/build install --record /home/jeff/theimc_robot/build/theimc_teleop/install.log --install-scripts $base/lib/theimc_teleop --single-version-externally-managed install_data
[9.483s] Level 1:colcon.colcon_core.environment:checking '/home/jeff/theimc_robot/install/theimc_teleop/lib'
[9.483s] Level 1:colcon.colcon_core.environment:checking '/home/jeff/theimc_robot/install/theimc_teleop/bin'
[9.483s] Level 1:colcon.colcon_core.environment:checking '/home/jeff/theimc_robot/install/theimc_teleop/lib/pkgconfig/theimc_teleop.pc'
[9.484s] Level 1:colcon.colcon_core.environment:checking '/home/jeff/theimc_robot/install/theimc_teleop/lib/python3.10/site-packages'
[9.484s] Level 1:colcon.colcon_core.shell:create_environment_hook('theimc_teleop', 'pythonpath')
[9.485s] INFO:colcon.colcon_core.shell:Creating environment hook '/home/jeff/theimc_robot/install/theimc_teleop/share/theimc_teleop/hook/pythonpath.ps1'
[9.486s] INFO:colcon.colcon_core.shell:Creating environment descriptor '/home/jeff/theimc_robot/install/theimc_teleop/share/theimc_teleop/hook/pythonpath.dsv'
[9.488s] INFO:colcon.colcon_core.shell:Creating environment hook '/home/jeff/theimc_robot/install/theimc_teleop/share/theimc_teleop/hook/pythonpath.sh'
[9.490s] Level 1:colcon.colcon_core.environment:checking '/home/jeff/theimc_robot/install/theimc_teleop/bin'
[9.496s] Level 1:colcon.colcon_core.environment:create_environment_scripts_only(theimc_teleop)
[9.497s] INFO:colcon.colcon_core.shell:Creating package script '/home/jeff/theimc_robot/install/theimc_teleop/share/theimc_teleop/package.ps1'
[9.499s] INFO:colcon.colcon_core.shell:Creating package descriptor '/home/jeff/theimc_robot/install/theimc_teleop/share/theimc_teleop/package.dsv'
[9.501s] INFO:colcon.colcon_core.shell:Creating package script '/home/jeff/theimc_robot/install/theimc_teleop/share/theimc_teleop/package.sh'
[9.512s] INFO:colcon.colcon_core.shell:Creating package script '/home/jeff/theimc_robot/install/theimc_teleop/share/theimc_teleop/package.bash'
[9.513s] INFO:colcon.colcon_core.shell:Creating package script '/home/jeff/theimc_robot/install/theimc_teleop/share/theimc_teleop/package.zsh'
[9.514s] Level 1:colcon.colcon_core.environment:create_file_with_runtime_dependencies(/home/jeff/theimc_robot/install/theimc_teleop/share/colcon-core/packages/theimc_teleop)
[37.593s] DEBUG:colcon.colcon_core.event_handler.log_command:Invoked command in '/home/jeff/theimc_robot/build/sllidar_ros2' returned '0': CMAKE_PREFIX_PATH=${CMAKE_PREFIX_PATH}:/home/jeff/theimc_robot/install/theimc_teleop:/home/jeff/theimc_robot/install/theimc_bringup:/home/jeff/theimc_robot/install/localizer_server:/home/jeff/theimc_robot/install/decision_making_pkg:/home/jeff/theimc_robot/install/debug_pkg:/home/jeff/theimc_robot/install/camera_perception_pkg:/opt/ros/humble /usr/bin/cmake --build /home/jeff/theimc_robot/build/sllidar_ros2 -- -j6 -l6
[37.596s] DEBUG:colcon.colcon_core.event_handler.log_command:Invoking command in '/home/jeff/theimc_robot/build/sllidar_ros2': CMAKE_PREFIX_PATH=${CMAKE_PREFIX_PATH}:/home/jeff/theimc_robot/install/theimc_teleop:/home/jeff/theimc_robot/install/theimc_bringup:/home/jeff/theimc_robot/install/localizer_server:/home/jeff/theimc_robot/install/decision_making_pkg:/home/jeff/theimc_robot/install/debug_pkg:/home/jeff/theimc_robot/install/camera_perception_pkg:/opt/ros/humble /usr/bin/cmake --install /home/jeff/theimc_robot/build/sllidar_ros2
[37.643s] Level 1:colcon.colcon_core.environment:create_environment_scripts_only(sllidar_ros2)
[37.644s] Level 1:colcon.colcon_core.environment:checking '/home/jeff/theimc_robot/install/sllidar_ros2' for CMake module files
[37.644s] DEBUG:colcon.colcon_core.event_handler.log_command:Invoked command in '/home/jeff/theimc_robot/build/sllidar_ros2' returned '0': CMAKE_PREFIX_PATH=${CMAKE_PREFIX_PATH}:/home/jeff/theimc_robot/install/theimc_teleop:/home/jeff/theimc_robot/install/theimc_bringup:/home/jeff/theimc_robot/install/localizer_server:/home/jeff/theimc_robot/install/decision_making_pkg:/home/jeff/theimc_robot/install/debug_pkg:/home/jeff/theimc_robot/install/camera_perception_pkg:/opt/ros/humble /usr/bin/cmake --install /home/jeff/theimc_robot/build/sllidar_ros2
[37.645s] Level 1:colcon.colcon_core.environment:checking '/home/jeff/theimc_robot/install/sllidar_ros2' for CMake config files
[37.646s] Level 1:colcon.colcon_core.shell:create_environment_hook('sllidar_ros2', 'cmake_prefix_path')
[37.646s] INFO:colcon.colcon_core.shell:Creating environment hook '/home/jeff/theimc_robot/install/sllidar_ros2/share/sllidar_ros2/hook/cmake_prefix_path.ps1'
[37.647s] INFO:colcon.colcon_core.shell:Creating environment descriptor '/home/jeff/theimc_robot/install/sllidar_ros2/share/sllidar_ros2/hook/cmake_prefix_path.dsv'
[37.648s] INFO:colcon.colcon_core.shell:Creating environment hook '/home/jeff/theimc_robot/install/sllidar_ros2/share/sllidar_ros2/hook/cmake_prefix_path.sh'
[37.649s] Level 1:colcon.colcon_core.environment:checking '/home/jeff/theimc_robot/install/sllidar_ros2/lib'
[37.649s] Level 1:colcon.colcon_core.environment:checking '/home/jeff/theimc_robot/install/sllidar_ros2/bin'
[37.650s] Level 1:colcon.colcon_core.environment:checking '/home/jeff/theimc_robot/install/sllidar_ros2/lib/pkgconfig/sllidar_ros2.pc'
[37.650s] Level 1:colcon.colcon_core.environment:checking '/home/jeff/theimc_robot/install/sllidar_ros2/lib/python3.10/site-packages'
[37.651s] Level 1:colcon.colcon_core.environment:checking '/home/jeff/theimc_robot/install/sllidar_ros2/bin'
[37.651s] INFO:colcon.colcon_core.shell:Creating package script '/home/jeff/theimc_robot/install/sllidar_ros2/share/sllidar_ros2/package.ps1'
[37.653s] INFO:colcon.colcon_core.shell:Creating package descriptor '/home/jeff/theimc_robot/install/sllidar_ros2/share/sllidar_ros2/package.dsv'
[37.654s] INFO:colcon.colcon_core.shell:Creating package script '/home/jeff/theimc_robot/install/sllidar_ros2/share/sllidar_ros2/package.sh'
[37.654s] INFO:colcon.colcon_core.shell:Creating package script '/home/jeff/theimc_robot/install/sllidar_ros2/share/sllidar_ros2/package.bash'
[37.655s] INFO:colcon.colcon_core.shell:Creating package script '/home/jeff/theimc_robot/install/sllidar_ros2/share/sllidar_ros2/package.zsh'
[37.656s] Level 1:colcon.colcon_core.environment:create_file_with_runtime_dependencies(/home/jeff/theimc_robot/install/sllidar_ros2/share/colcon-core/packages/sllidar_ros2)
[37.657s] Level 1:colcon.colcon_core.environment:create_environment_scripts_only(sllidar_ros2)
[37.658s] Level 1:colcon.colcon_core.environment:checking '/home/jeff/theimc_robot/install/sllidar_ros2' for CMake module files
[37.658s] Level 1:colcon.colcon_core.environment:checking '/home/jeff/theimc_robot/install/sllidar_ros2' for CMake config files
[37.659s] Level 1:colcon.colcon_core.shell:create_environment_hook('sllidar_ros2', 'cmake_prefix_path')
[37.659s] INFO:colcon.colcon_core.shell:Creating environment hook '/home/jeff/theimc_robot/install/sllidar_ros2/share/sllidar_ros2/hook/cmake_prefix_path.ps1'
[37.660s] INFO:colcon.colcon_core.shell:Creating environment descriptor '/home/jeff/theimc_robot/install/sllidar_ros2/share/sllidar_ros2/hook/cmake_prefix_path.dsv'
[37.661s] INFO:colcon.colcon_core.shell:Creating environment hook '/home/jeff/theimc_robot/install/sllidar_ros2/share/sllidar_ros2/hook/cmake_prefix_path.sh'
[37.662s] Level 1:colcon.colcon_core.environment:checking '/home/jeff/theimc_robot/install/sllidar_ros2/lib'
[37.662s] Level 1:colcon.colcon_core.environment:checking '/home/jeff/theimc_robot/install/sllidar_ros2/bin'
[37.663s] Level 1:colcon.colcon_core.environment:checking '/home/jeff/theimc_robot/install/sllidar_ros2/lib/pkgconfig/sllidar_ros2.pc'
[37.663s] Level 1:colcon.colcon_core.environment:checking '/home/jeff/theimc_robot/install/sllidar_ros2/lib/python3.10/site-packages'
[37.664s] Level 1:colcon.colcon_core.environment:checking '/home/jeff/theimc_robot/install/sllidar_ros2/bin'
[37.664s] INFO:colcon.colcon_core.shell:Creating package script '/home/jeff/theimc_robot/install/sllidar_ros2/share/sllidar_ros2/package.ps1'
[37.666s] INFO:colcon.colcon_core.shell:Creating package descriptor '/home/jeff/theimc_robot/install/sllidar_ros2/share/sllidar_ros2/package.dsv'
[37.667s] INFO:colcon.colcon_core.shell:Creating package script '/home/jeff/theimc_robot/install/sllidar_ros2/share/sllidar_ros2/package.sh'
[37.668s] INFO:colcon.colcon_core.shell:Creating package script '/home/jeff/theimc_robot/install/sllidar_ros2/share/sllidar_ros2/package.bash'
[37.669s] INFO:colcon.colcon_core.shell:Creating package script '/home/jeff/theimc_robot/install/sllidar_ros2/share/sllidar_ros2/package.zsh'
[37.670s] Level 1:colcon.colcon_core.environment:create_file_with_runtime_dependencies(/home/jeff/theimc_robot/install/sllidar_ros2/share/colcon-core/packages/sllidar_ros2)
[40.105s] DEBUG:colcon.colcon_core.event_handler.log_command:Invoked command in '/home/jeff/theimc_robot/build/theimc_navigation2' returned '0': CMAKE_PREFIX_PATH=${CMAKE_PREFIX_PATH}:/home/jeff/theimc_robot/install/theimc_teleop:/home/jeff/theimc_robot/install/theimc_bringup:/home/jeff/theimc_robot/install/localizer_server:/home/jeff/theimc_robot/install/decision_making_pkg:/home/jeff/theimc_robot/install/debug_pkg:/home/jeff/theimc_robot/install/camera_perception_pkg:/opt/ros/humble /usr/bin/cmake --build /home/jeff/theimc_robot/build/theimc_navigation2 -- -j6 -l6
[40.109s] DEBUG:colcon.colcon_core.event_handler.log_command:Invoking command in '/home/jeff/theimc_robot/build/theimc_navigation2': CMAKE_PREFIX_PATH=${CMAKE_PREFIX_PATH}:/home/jeff/theimc_robot/install/theimc_teleop:/home/jeff/theimc_robot/install/theimc_bringup:/home/jeff/theimc_robot/install/localizer_server:/home/jeff/theimc_robot/install/decision_making_pkg:/home/jeff/theimc_robot/install/debug_pkg:/home/jeff/theimc_robot/install/camera_perception_pkg:/opt/ros/humble /usr/bin/cmake --install /home/jeff/theimc_robot/build/theimc_navigation2
[40.164s] Level 1:colcon.colcon_core.environment:create_environment_scripts_only(theimc_navigation2)
[40.165s] Level 1:colcon.colcon_core.environment:checking '/home/jeff/theimc_robot/install/theimc_navigation2' for CMake module files
[40.167s] DEBUG:colcon.colcon_core.event_handler.log_command:Invoked command in '/home/jeff/theimc_robot/build/theimc_navigation2' returned '0': CMAKE_PREFIX_PATH=${CMAKE_PREFIX_PATH}:/home/jeff/theimc_robot/install/theimc_teleop:/home/jeff/theimc_robot/install/theimc_bringup:/home/jeff/theimc_robot/install/localizer_server:/home/jeff/theimc_robot/install/decision_making_pkg:/home/jeff/theimc_robot/install/debug_pkg:/home/jeff/theimc_robot/install/camera_perception_pkg:/opt/ros/humble /usr/bin/cmake --install /home/jeff/theimc_robot/build/theimc_navigation2
[40.167s] Level 1:colcon.colcon_core.environment:checking '/home/jeff/theimc_robot/install/theimc_navigation2' for CMake config files
[40.168s] Level 1:colcon.colcon_core.shell:create_environment_hook('theimc_navigation2', 'cmake_prefix_path')
[40.169s] INFO:colcon.colcon_core.shell:Creating environment hook '/home/jeff/theimc_robot/install/theimc_navigation2/share/theimc_navigation2/hook/cmake_prefix_path.ps1'
[40.170s] INFO:colcon.colcon_core.shell:Creating environment descriptor '/home/jeff/theimc_robot/install/theimc_navigation2/share/theimc_navigation2/hook/cmake_prefix_path.dsv'
[40.170s] INFO:colcon.colcon_core.shell:Creating environment hook '/home/jeff/theimc_robot/install/theimc_navigation2/share/theimc_navigation2/hook/cmake_prefix_path.sh'
[40.171s] Level 1:colcon.colcon_core.environment:checking '/home/jeff/theimc_robot/install/theimc_navigation2/lib'
[40.172s] Level 1:colcon.colcon_core.shell:create_environment_hook('theimc_navigation2', 'ld_library_path_lib')
[40.172s] INFO:colcon.colcon_core.shell:Creating environment hook '/home/jeff/theimc_robot/install/theimc_navigation2/share/theimc_navigation2/hook/ld_library_path_lib.ps1'
[40.173s] INFO:colcon.colcon_core.shell:Creating environment descriptor '/home/jeff/theimc_robot/install/theimc_navigation2/share/theimc_navigation2/hook/ld_library_path_lib.dsv'
[40.173s] INFO:colcon.colcon_core.shell:Creating environment hook '/home/jeff/theimc_robot/install/theimc_navigation2/share/theimc_navigation2/hook/ld_library_path_lib.sh'
[40.174s] Level 1:colcon.colcon_core.environment:checking '/home/jeff/theimc_robot/install/theimc_navigation2/bin'
[40.174s] Level 1:colcon.colcon_core.environment:checking '/home/jeff/theimc_robot/install/theimc_navigation2/lib/pkgconfig/theimc_navigation2.pc'
[40.175s] Level 1:colcon.colcon_core.environment:checking '/home/jeff/theimc_robot/install/theimc_navigation2/lib/python3.10/site-packages'
[40.175s] Level 1:colcon.colcon_core.environment:checking '/home/jeff/theimc_robot/install/theimc_navigation2/bin'
[40.176s] INFO:colcon.colcon_core.shell:Creating package script '/home/jeff/theimc_robot/install/theimc_navigation2/share/theimc_navigation2/package.ps1'
[40.177s] INFO:colcon.colcon_core.shell:Creating package descriptor '/home/jeff/theimc_robot/install/theimc_navigation2/share/theimc_navigation2/package.dsv'
[40.178s] INFO:colcon.colcon_core.shell:Creating package script '/home/jeff/theimc_robot/install/theimc_navigation2/share/theimc_navigation2/package.sh'
[40.179s] INFO:colcon.colcon_core.shell:Creating package script '/home/jeff/theimc_robot/install/theimc_navigation2/share/theimc_navigation2/package.bash'
[40.180s] INFO:colcon.colcon_core.shell:Creating package script '/home/jeff/theimc_robot/install/theimc_navigation2/share/theimc_navigation2/package.zsh'
[40.180s] Level 1:colcon.colcon_core.environment:create_file_with_runtime_dependencies(/home/jeff/theimc_robot/install/theimc_navigation2/share/colcon-core/packages/theimc_navigation2)
[40.182s] Level 1:colcon.colcon_core.environment:create_environment_scripts_only(theimc_navigation2)
[40.182s] Level 1:colcon.colcon_core.environment:checking '/home/jeff/theimc_robot/install/theimc_navigation2' for CMake module files
[40.183s] Level 1:colcon.colcon_core.environment:checking '/home/jeff/theimc_robot/install/theimc_navigation2' for CMake config files
[40.184s] Level 1:colcon.colcon_core.shell:create_environment_hook('theimc_navigation2', 'cmake_prefix_path')
[40.184s] INFO:colcon.colcon_core.shell:Creating environment hook '/home/jeff/theimc_robot/install/theimc_navigation2/share/theimc_navigation2/hook/cmake_prefix_path.ps1'
[40.185s] INFO:colcon.colcon_core.shell:Creating environment descriptor '/home/jeff/theimc_robot/install/theimc_navigation2/share/theimc_navigation2/hook/cmake_prefix_path.dsv'
[40.186s] INFO:colcon.colcon_core.shell:Creating environment hook '/home/jeff/theimc_robot/install/theimc_navigation2/share/theimc_navigation2/hook/cmake_prefix_path.sh'
[40.187s] Level 1:colcon.colcon_core.environment:checking '/home/jeff/theimc_robot/install/theimc_navigation2/lib'
[40.187s] Level 1:colcon.colcon_core.shell:create_environment_hook('theimc_navigation2', 'ld_library_path_lib')
[40.187s] INFO:colcon.colcon_core.shell:Creating environment hook '/home/jeff/theimc_robot/install/theimc_navigation2/share/theimc_navigation2/hook/ld_library_path_lib.ps1'
[40.188s] INFO:colcon.colcon_core.shell:Creating environment descriptor '/home/jeff/theimc_robot/install/theimc_navigation2/share/theimc_navigation2/hook/ld_library_path_lib.dsv'
[40.189s] INFO:colcon.colcon_core.shell:Creating environment hook '/home/jeff/theimc_robot/install/theimc_navigation2/share/theimc_navigation2/hook/ld_library_path_lib.sh'
[40.190s] Level 1:colcon.colcon_core.environment:checking '/home/jeff/theimc_robot/install/theimc_navigation2/bin'
[40.190s] Level 1:colcon.colcon_core.environment:checking '/home/jeff/theimc_robot/install/theimc_navigation2/lib/pkgconfig/theimc_navigation2.pc'
[40.190s] Level 1:colcon.colcon_core.environment:checking '/home/jeff/theimc_robot/install/theimc_navigation2/lib/python3.10/site-packages'
[40.191s] Level 1:colcon.colcon_core.environment:checking '/home/jeff/theimc_robot/install/theimc_navigation2/bin'
[40.192s] INFO:colcon.colcon_core.shell:Creating package script '/home/jeff/theimc_robot/install/theimc_navigation2/share/theimc_navigation2/package.ps1'
[40.193s] INFO:colcon.colcon_core.shell:Creating package descriptor '/home/jeff/theimc_robot/install/theimc_navigation2/share/theimc_navigation2/package.dsv'
[40.194s] INFO:colcon.colcon_core.shell:Creating package script '/home/jeff/theimc_robot/install/theimc_navigation2/share/theimc_navigation2/package.sh'
[40.195s] INFO:colcon.colcon_core.shell:Creating package script '/home/jeff/theimc_robot/install/theimc_navigation2/share/theimc_navigation2/package.bash'
[40.196s] INFO:colcon.colcon_core.shell:Creating package script '/home/jeff/theimc_robot/install/theimc_navigation2/share/theimc_navigation2/package.zsh'
[40.198s] Level 1:colcon.colcon_core.environment:create_file_with_runtime_dependencies(/home/jeff/theimc_robot/install/theimc_navigation2/share/colcon-core/packages/theimc_navigation2)
[44.159s] DEBUG:colcon.colcon_core.event_handler.log_command:Invoked command in '/home/jeff/theimc_robot/build/interfaces_pkg' returned '0': CMAKE_PREFIX_PATH=${CMAKE_PREFIX_PATH}:/home/jeff/theimc_robot/install/theimc_teleop:/home/jeff/theimc_robot/install/theimc_bringup:/home/jeff/theimc_robot/install/localizer_server:/home/jeff/theimc_robot/install/decision_making_pkg:/home/jeff/theimc_robot/install/debug_pkg:/home/jeff/theimc_robot/install/camera_perception_pkg:/opt/ros/humble /usr/bin/cmake --build /home/jeff/theimc_robot/build/interfaces_pkg -- -j6 -l6
[44.165s] DEBUG:colcon.colcon_core.event_handler.log_command:Invoking command in '/home/jeff/theimc_robot/build/interfaces_pkg': CMAKE_PREFIX_PATH=${CMAKE_PREFIX_PATH}:/home/jeff/theimc_robot/install/theimc_teleop:/home/jeff/theimc_robot/install/theimc_bringup:/home/jeff/theimc_robot/install/localizer_server:/home/jeff/theimc_robot/install/decision_making_pkg:/home/jeff/theimc_robot/install/debug_pkg:/home/jeff/theimc_robot/install/camera_perception_pkg:/opt/ros/humble /usr/bin/cmake --install /home/jeff/theimc_robot/build/interfaces_pkg
[44.450s] Level 1:colcon.colcon_core.environment:create_environment_scripts_only(interfaces_pkg)
[44.451s] Level 1:colcon.colcon_core.environment:checking '/home/jeff/theimc_robot/install/interfaces_pkg' for CMake module files
[44.453s] DEBUG:colcon.colcon_core.event_handler.log_command:Invoked command in '/home/jeff/theimc_robot/build/interfaces_pkg' returned '0': CMAKE_PREFIX_PATH=${CMAKE_PREFIX_PATH}:/home/jeff/theimc_robot/install/theimc_teleop:/home/jeff/theimc_robot/install/theimc_bringup:/home/jeff/theimc_robot/install/localizer_server:/home/jeff/theimc_robot/install/decision_making_pkg:/home/jeff/theimc_robot/install/debug_pkg:/home/jeff/theimc_robot/install/camera_perception_pkg:/opt/ros/humble /usr/bin/cmake --install /home/jeff/theimc_robot/build/interfaces_pkg
[44.455s] Level 1:colcon.colcon_core.environment:checking '/home/jeff/theimc_robot/install/interfaces_pkg' for CMake config files
[44.459s] Level 1:colcon.colcon_core.shell:create_environment_hook('interfaces_pkg', 'cmake_prefix_path')
[44.460s] INFO:colcon.colcon_core.shell:Creating environment hook '/home/jeff/theimc_robot/install/interfaces_pkg/share/interfaces_pkg/hook/cmake_prefix_path.ps1'
[44.462s] INFO:colcon.colcon_core.shell:Creating environment descriptor '/home/jeff/theimc_robot/install/interfaces_pkg/share/interfaces_pkg/hook/cmake_prefix_path.dsv'
[44.463s] INFO:colcon.colcon_core.shell:Creating environment hook '/home/jeff/theimc_robot/install/interfaces_pkg/share/interfaces_pkg/hook/cmake_prefix_path.sh'
[44.465s] Level 1:colcon.colcon_core.environment:checking '/home/jeff/theimc_robot/install/interfaces_pkg/lib'
[44.465s] Level 1:colcon.colcon_core.shell:create_environment_hook('interfaces_pkg', 'ld_library_path_lib')
[44.466s] INFO:colcon.colcon_core.shell:Creating environment hook '/home/jeff/theimc_robot/install/interfaces_pkg/share/interfaces_pkg/hook/ld_library_path_lib.ps1'
[44.468s] INFO:colcon.colcon_core.shell:Creating environment descriptor '/home/jeff/theimc_robot/install/interfaces_pkg/share/interfaces_pkg/hook/ld_library_path_lib.dsv'
[44.469s] INFO:colcon.colcon_core.shell:Creating environment hook '/home/jeff/theimc_robot/install/interfaces_pkg/share/interfaces_pkg/hook/ld_library_path_lib.sh'
[44.471s] Level 1:colcon.colcon_core.environment:checking '/home/jeff/theimc_robot/install/interfaces_pkg/bin'
[44.472s] Level 1:colcon.colcon_core.environment:checking '/home/jeff/theimc_robot/install/interfaces_pkg/lib/pkgconfig/interfaces_pkg.pc'
[44.472s] Level 1:colcon.colcon_core.environment:checking '/home/jeff/theimc_robot/install/interfaces_pkg/lib/python3.10/site-packages'
[44.474s] Level 1:colcon.colcon_core.environment:checking '/home/jeff/theimc_robot/install/interfaces_pkg/bin'
[44.475s] INFO:colcon.colcon_core.shell:Creating package script '/home/jeff/theimc_robot/install/interfaces_pkg/share/interfaces_pkg/package.ps1'
[44.478s] INFO:colcon.colcon_core.shell:Creating package descriptor '/home/jeff/theimc_robot/install/interfaces_pkg/share/interfaces_pkg/package.dsv'
[44.479s] INFO:colcon.colcon_core.shell:Creating package script '/home/jeff/theimc_robot/install/interfaces_pkg/share/interfaces_pkg/package.sh'
[44.480s] INFO:colcon.colcon_core.shell:Creating package script '/home/jeff/theimc_robot/install/interfaces_pkg/share/interfaces_pkg/package.bash'
[44.481s] INFO:colcon.colcon_core.shell:Creating package script '/home/jeff/theimc_robot/install/interfaces_pkg/share/interfaces_pkg/package.zsh'
[44.481s] Level 1:colcon.colcon_core.environment:create_file_with_runtime_dependencies(/home/jeff/theimc_robot/install/interfaces_pkg/share/colcon-core/packages/interfaces_pkg)
[44.483s] Level 1:colcon.colcon_core.environment:create_environment_scripts_only(interfaces_pkg)
[44.484s] Level 1:colcon.colcon_core.environment:checking '/home/jeff/theimc_robot/install/interfaces_pkg' for CMake module files
[44.486s] Level 1:colcon.colcon_core.environment:checking '/home/jeff/theimc_robot/install/interfaces_pkg' for CMake config files
[44.490s] Level 1:colcon.colcon_core.shell:create_environment_hook('interfaces_pkg', 'cmake_prefix_path')
[44.491s] INFO:colcon.colcon_core.shell:Creating environment hook '/home/jeff/theimc_robot/install/interfaces_pkg/share/interfaces_pkg/hook/cmake_prefix_path.ps1'
[44.492s] INFO:colcon.colcon_core.shell:Creating environment descriptor '/home/jeff/theimc_robot/install/interfaces_pkg/share/interfaces_pkg/hook/cmake_prefix_path.dsv'
[44.493s] INFO:colcon.colcon_core.shell:Creating environment hook '/home/jeff/theimc_robot/install/interfaces_pkg/share/interfaces_pkg/hook/cmake_prefix_path.sh'
[44.494s] Level 1:colcon.colcon_core.environment:checking '/home/jeff/theimc_robot/install/interfaces_pkg/lib'
[44.494s] Level 1:colcon.colcon_core.shell:create_environment_hook('interfaces_pkg', 'ld_library_path_lib')
[44.495s] INFO:colcon.colcon_core.shell:Creating environment hook '/home/jeff/theimc_robot/install/interfaces_pkg/share/interfaces_pkg/hook/ld_library_path_lib.ps1'
[44.496s] INFO:colcon.colcon_core.shell:Creating environment descriptor '/home/jeff/theimc_robot/install/interfaces_pkg/share/interfaces_pkg/hook/ld_library_path_lib.dsv'
[44.497s] INFO:colcon.colcon_core.shell:Creating environment hook '/home/jeff/theimc_robot/install/interfaces_pkg/share/interfaces_pkg/hook/ld_library_path_lib.sh'
[44.498s] Level 1:colcon.colcon_core.environment:checking '/home/jeff/theimc_robot/install/interfaces_pkg/bin'
[44.498s] Level 1:colcon.colcon_core.environment:checking '/home/jeff/theimc_robot/install/interfaces_pkg/lib/pkgconfig/interfaces_pkg.pc'
[44.499s] Level 1:colcon.colcon_core.environment:checking '/home/jeff/theimc_robot/install/interfaces_pkg/lib/python3.10/site-packages'
[44.500s] Level 1:colcon.colcon_core.environment:checking '/home/jeff/theimc_robot/install/interfaces_pkg/bin'
[44.501s] INFO:colcon.colcon_core.shell:Creating package script '/home/jeff/theimc_robot/install/interfaces_pkg/share/interfaces_pkg/package.ps1'
[44.503s] INFO:colcon.colcon_core.shell:Creating package descriptor '/home/jeff/theimc_robot/install/interfaces_pkg/share/interfaces_pkg/package.dsv'
[44.505s] INFO:colcon.colcon_core.shell:Creating package script '/home/jeff/theimc_robot/install/interfaces_pkg/share/interfaces_pkg/package.sh'
[44.506s] INFO:colcon.colcon_core.shell:Creating package script '/home/jeff/theimc_robot/install/interfaces_pkg/share/interfaces_pkg/package.bash'
[44.507s] INFO:colcon.colcon_core.shell:Creating package script '/home/jeff/theimc_robot/install/interfaces_pkg/share/interfaces_pkg/package.zsh'
[44.508s] Level 1:colcon.colcon_core.environment:create_file_with_runtime_dependencies(/home/jeff/theimc_robot/install/interfaces_pkg/share/colcon-core/packages/interfaces_pkg)
[44.509s] INFO:colcon.colcon_ros.task.ament_python.build:Building ROS package in '/home/jeff/theimc_robot/src/decision_making_pkg' with build type 'ament_python'
[44.509s] Level 1:colcon.colcon_core.shell:create_environment_hook('decision_making_pkg', 'ament_prefix_path')
[44.510s] INFO:colcon.colcon_core.shell:Creating environment hook '/home/jeff/theimc_robot/install/decision_making_pkg/share/decision_making_pkg/hook/ament_prefix_path.ps1'
[44.512s] INFO:colcon.colcon_core.shell:Creating environment descriptor '/home/jeff/theimc_robot/install/decision_making_pkg/share/decision_making_pkg/hook/ament_prefix_path.dsv'
[44.514s] INFO:colcon.colcon_core.shell:Creating environment hook '/home/jeff/theimc_robot/install/decision_making_pkg/share/decision_making_pkg/hook/ament_prefix_path.sh'
[44.515s] INFO:colcon.colcon_core.shell:Skip shell extension 'powershell' for command environment: Not usable outside of PowerShell
[44.516s] DEBUG:colcon.colcon_core.shell:Skip shell extension 'dsv' for command environment
[44.528s] INFO:colcon.colcon_ros.task.ament_cmake.build:Building ROS package in '/home/jeff/theimc_robot/src/theimc_bt_nodes' with build type 'ament_cmake'
[44.529s] INFO:colcon.colcon_cmake.task.cmake.build:Building CMake package in '/home/jeff/theimc_robot/src/theimc_bt_nodes'
[44.530s] INFO:colcon.colcon_core.shell:Skip shell extension 'powershell' for command environment: Not usable outside of PowerShell
[44.530s] DEBUG:colcon.colcon_core.shell:Skip shell extension 'dsv' for command environment
[45.153s] INFO:colcon.colcon_core.task.python.build:Building Python package in '/home/jeff/theimc_robot/src/decision_making_pkg'
[45.154s] INFO:colcon.colcon_core.shell:Skip shell extension 'powershell' for command environment: Not usable outside of PowerShell
[45.154s] DEBUG:colcon.colcon_core.shell:Skip shell extension 'dsv' for command environment
[45.173s] DEBUG:colcon.colcon_core.event_handler.log_command:Invoking command in '/home/jeff/theimc_robot/build/theimc_bt_nodes': CMAKE_PREFIX_PATH=/home/jeff/theimc_robot/install/theimc_navigation2:/home/jeff/theimc_robot/install/interfaces_pkg:/home/jeff/theimc_robot/install/theimc_bt_nodes:/home/jeff/theimc_robot/install/theimc_description:/home/jeff/theimc_robot/install/sllidar_ros2:/home/jeff/theimc_robot/install/theimc_teleop:/home/jeff/theimc_robot/install/theimc_bringup:/home/jeff/theimc_robot/install/localizer_server:/home/jeff/theimc_robot/install/decision_making_pkg:/home/jeff/theimc_robot/install/debug_pkg:/home/jeff/theimc_robot/install/camera_perception_pkg:/opt/ros/humble LD_LIBRARY_PATH=/home/jeff/theimc_robot/install/theimc_navigation2/lib:/home/jeff/theimc_robot/install/interfaces_pkg/lib:/usr/local/cuda/lib64:/usr/local/cuda/lib64:/home/jeff/theimc_robot/install/theimc_bt_nodes/lib:/opt/ros/humble/opt/rviz_ogre_vendor/lib:/opt/ros/humble/lib/aarch64-linux-gnu:/opt/ros/humble/lib /usr/bin/cmake /home/jeff/theimc_robot/src/theimc_bt_nodes -DCMAKE_INSTALL_PREFIX=/home/jeff/theimc_robot/install/theimc_bt_nodes
[45.988s] DEBUG:colcon.colcon_core.task.python.build:Available setuptools commands: alias, symlink_data, egg_info, rotate, sdist, bdist_wheel, build_py, build_ext, easy_install, build, bdist, develop, bdist_rpm, test, install_egg_info, setopt, install, install_lib, saveopts, upload, build_clib, check, bdist_egg, bdist_dumb, install_headers, build_scripts, clean, install_scripts, install_data, register, upload_docs, dist_info
[45.994s] DEBUG:colcon.colcon_core.event_handler.log_command:Invoking command in '/home/jeff/theimc_robot/src/decision_making_pkg': CMAKE_PREFIX_PATH=/home/jeff/theimc_robot/install/interfaces_pkg:/home/jeff/theimc_robot/install/theimc_bt_nodes:/home/jeff/theimc_robot/install/theimc_navigation2:/home/jeff/theimc_robot/install/theimc_description:/home/jeff/theimc_robot/install/sllidar_ros2 LD_LIBRARY_PATH=/home/jeff/theimc_robot/install/interfaces_pkg/lib:/usr/local/cuda/lib64:/usr/local/cuda/lib64:/home/jeff/theimc_robot/install/theimc_bt_nodes/lib:/home/jeff/theimc_robot/install/theimc_navigation2/lib:/opt/ros/humble/opt/rviz_ogre_vendor/lib:/opt/ros/humble/lib/aarch64-linux-gnu:/opt/ros/humble/lib PYTHONPATH=/home/jeff/theimc_robot/build/decision_making_pkg/prefix_override:/usr/lib/python3/dist-packages/colcon_core/task/python/colcon_distutils_commands:/home/jeff/theimc_robot/install/decision_making_pkg/lib/python3.10/site-packages:${PYTHONPATH} /usr/bin/python3 -W ignore:setup.py install is deprecated -W ignore:easy_install command is deprecated setup.py egg_info --egg-base ../../build/decision_making_pkg build --build-base /home/jeff/theimc_robot/build/decision_making_pkg/build install --record /home/jeff/theimc_robot/build/decision_making_pkg/install.log --install-scripts $base/lib/decision_making_pkg --single-version-externally-managed install_data
[46.699s] Level 1:colcon.colcon_core.environment:checking '/home/jeff/theimc_robot/install/decision_making_pkg' for CMake module files
[46.701s] DEBUG:colcon.colcon_core.event_handler.log_command:Invoked command in '/home/jeff/theimc_robot/src/decision_making_pkg' returned '0': CMAKE_PREFIX_PATH=/home/jeff/theimc_robot/install/interfaces_pkg:/home/jeff/theimc_robot/install/theimc_bt_nodes:/home/jeff/theimc_robot/install/theimc_navigation2:/home/jeff/theimc_robot/install/theimc_description:/home/jeff/theimc_robot/install/sllidar_ros2 LD_LIBRARY_PATH=/home/jeff/theimc_robot/install/interfaces_pkg/lib:/usr/local/cuda/lib64:/usr/local/cuda/lib64:/home/jeff/theimc_robot/install/theimc_bt_nodes/lib:/home/jeff/theimc_robot/install/theimc_navigation2/lib:/opt/ros/humble/opt/rviz_ogre_vendor/lib:/opt/ros/humble/lib/aarch64-linux-gnu:/opt/ros/humble/lib PYTHONPATH=/home/jeff/theimc_robot/build/decision_making_pkg/prefix_override:/usr/lib/python3/dist-packages/colcon_core/task/python/colcon_distutils_commands:/home/jeff/theimc_robot/install/decision_making_pkg/lib/python3.10/site-packages:${PYTHONPATH} /usr/bin/python3 -W ignore:setup.py install is deprecated -W ignore:easy_install command is deprecated setup.py egg_info --egg-base ../../build/decision_making_pkg build --build-base /home/jeff/theimc_robot/build/decision_making_pkg/build install --record /home/jeff/theimc_robot/build/decision_making_pkg/install.log --install-scripts $base/lib/decision_making_pkg --single-version-externally-managed install_data
[46.702s] Level 1:colcon.colcon_core.environment:checking '/home/jeff/theimc_robot/install/decision_making_pkg' for CMake config files
[46.704s] Level 1:colcon.colcon_core.environment:checking '/home/jeff/theimc_robot/install/decision_making_pkg/lib'
[46.704s] Level 1:colcon.colcon_core.environment:checking '/home/jeff/theimc_robot/install/decision_making_pkg/bin'
[46.704s] Level 1:colcon.colcon_core.environment:checking '/home/jeff/theimc_robot/install/decision_making_pkg/lib/pkgconfig/decision_making_pkg.pc'
[46.705s] Level 1:colcon.colcon_core.environment:checking '/home/jeff/theimc_robot/install/decision_making_pkg/lib/python3.10/site-packages'
[46.705s] Level 1:colcon.colcon_core.shell:create_environment_hook('decision_making_pkg', 'pythonpath')
[46.706s] INFO:colcon.colcon_core.shell:Creating environment hook '/home/jeff/theimc_robot/install/decision_making_pkg/share/decision_making_pkg/hook/pythonpath.ps1'
[46.708s] INFO:colcon.colcon_core.shell:Creating environment descriptor '/home/jeff/theimc_robot/install/decision_making_pkg/share/decision_making_pkg/hook/pythonpath.dsv'
[46.709s] INFO:colcon.colcon_core.shell:Creating environment hook '/home/jeff/theimc_robot/install/decision_making_pkg/share/decision_making_pkg/hook/pythonpath.sh'
[46.712s] Level 1:colcon.colcon_core.environment:checking '/home/jeff/theimc_robot/install/decision_making_pkg/bin'
[46.712s] Level 1:colcon.colcon_core.environment:create_environment_scripts_only(decision_making_pkg)
[46.713s] INFO:colcon.colcon_core.shell:Creating package script '/home/jeff/theimc_robot/install/decision_making_pkg/share/decision_making_pkg/package.ps1'
[46.715s] INFO:colcon.colcon_core.shell:Creating package descriptor '/home/jeff/theimc_robot/install/decision_making_pkg/share/decision_making_pkg/package.dsv'
[46.717s] INFO:colcon.colcon_core.shell:Creating package script '/home/jeff/theimc_robot/install/decision_making_pkg/share/decision_making_pkg/package.sh'
[46.719s] INFO:colcon.colcon_core.shell:Creating package script '/home/jeff/theimc_robot/install/decision_making_pkg/share/decision_making_pkg/package.bash'
[46.720s] INFO:colcon.colcon_core.shell:Creating package script '/home/jeff/theimc_robot/install/decision_making_pkg/share/decision_making_pkg/package.zsh'
[46.722s] Level 1:colcon.colcon_core.environment:create_file_with_runtime_dependencies(/home/jeff/theimc_robot/install/decision_making_pkg/share/colcon-core/packages/decision_making_pkg)
[48.725s] DEBUG:colcon.colcon_core.event_handler.log_command:Invoked command in '/home/jeff/theimc_robot/build/theimc_bt_nodes' returned '0': CMAKE_PREFIX_PATH=/home/jeff/theimc_robot/install/theimc_navigation2:/home/jeff/theimc_robot/install/interfaces_pkg:/home/jeff/theimc_robot/install/theimc_bt_nodes:/home/jeff/theimc_robot/install/theimc_description:/home/jeff/theimc_robot/install/sllidar_ros2:/home/jeff/theimc_robot/install/theimc_teleop:/home/jeff/theimc_robot/install/theimc_bringup:/home/jeff/theimc_robot/install/localizer_server:/home/jeff/theimc_robot/install/decision_making_pkg:/home/jeff/theimc_robot/install/debug_pkg:/home/jeff/theimc_robot/install/camera_perception_pkg:/opt/ros/humble LD_LIBRARY_PATH=/home/jeff/theimc_robot/install/theimc_navigation2/lib:/home/jeff/theimc_robot/install/interfaces_pkg/lib:/usr/local/cuda/lib64:/usr/local/cuda/lib64:/home/jeff/theimc_robot/install/theimc_bt_nodes/lib:/opt/ros/humble/opt/rviz_ogre_vendor/lib:/opt/ros/humble/lib/aarch64-linux-gnu:/opt/ros/humble/lib /usr/bin/cmake /home/jeff/theimc_robot/src/theimc_bt_nodes -DCMAKE_INSTALL_PREFIX=/home/jeff/theimc_robot/install/theimc_bt_nodes
[48.729s] DEBUG:colcon.colcon_core.event_handler.log_command:Invoking command in '/home/jeff/theimc_robot/build/theimc_bt_nodes': CMAKE_PREFIX_PATH=/home/jeff/theimc_robot/install/theimc_navigation2:/home/jeff/theimc_robot/install/interfaces_pkg:/home/jeff/theimc_robot/install/theimc_bt_nodes:/home/jeff/theimc_robot/install/theimc_description:/home/jeff/theimc_robot/install/sllidar_ros2:/home/jeff/theimc_robot/install/theimc_teleop:/home/jeff/theimc_robot/install/theimc_bringup:/home/jeff/theimc_robot/install/localizer_server:/home/jeff/theimc_robot/install/decision_making_pkg:/home/jeff/theimc_robot/install/debug_pkg:/home/jeff/theimc_robot/install/camera_perception_pkg:/opt/ros/humble LD_LIBRARY_PATH=/home/jeff/theimc_robot/install/theimc_navigation2/lib:/home/jeff/theimc_robot/install/interfaces_pkg/lib:/usr/local/cuda/lib64:/usr/local/cuda/lib64:/home/jeff/theimc_robot/install/theimc_bt_nodes/lib:/opt/ros/humble/opt/rviz_ogre_vendor/lib:/opt/ros/humble/lib/aarch64-linux-gnu:/opt/ros/humble/lib /usr/bin/cmake --build /home/jeff/theimc_robot/build/theimc_bt_nodes -- -j6 -l6
[89.803s] DEBUG:colcon.colcon_core.event_handler.log_command:Invoked command in '/home/jeff/theimc_robot/build/theimc_bt_nodes' returned '2': CMAKE_PREFIX_PATH=/home/jeff/theimc_robot/install/theimc_navigation2:/home/jeff/theimc_robot/install/interfaces_pkg:/home/jeff/theimc_robot/install/theimc_bt_nodes:/home/jeff/theimc_robot/install/theimc_description:/home/jeff/theimc_robot/install/sllidar_ros2:/home/jeff/theimc_robot/install/theimc_teleop:/home/jeff/theimc_robot/install/theimc_bringup:/home/jeff/theimc_robot/install/localizer_server:/home/jeff/theimc_robot/install/decision_making_pkg:/home/jeff/theimc_robot/install/debug_pkg:/home/jeff/theimc_robot/install/camera_perception_pkg:/opt/ros/humble LD_LIBRARY_PATH=/home/jeff/theimc_robot/install/theimc_navigation2/lib:/home/jeff/theimc_robot/install/interfaces_pkg/lib:/usr/local/cuda/lib64:/usr/local/cuda/lib64:/home/jeff/theimc_robot/install/theimc_bt_nodes/lib:/opt/ros/humble/opt/rviz_ogre_vendor/lib:/opt/ros/humble/lib/aarch64-linux-gnu:/opt/ros/humble/lib /usr/bin/cmake --build /home/jeff/theimc_robot/build/theimc_bt_nodes -- -j6 -l6
[89.805s] Level 1:colcon.colcon_core.environment:create_environment_scripts_only(theimc_bt_nodes)
[89.806s] Level 1:colcon.colcon_core.environment:checking '/home/jeff/theimc_robot/install/theimc_bt_nodes' for CMake module files
[89.807s] Level 1:colcon.colcon_core.environment:checking '/home/jeff/theimc_robot/install/theimc_bt_nodes' for CMake config files
[89.809s] Level 1:colcon.colcon_core.environment:checking '/home/jeff/theimc_robot/install/theimc_bt_nodes/bin'
[89.809s] Level 1:colcon.colcon_core.environment:checking '/home/jeff/theimc_robot/install/theimc_bt_nodes/lib/pkgconfig/theimc_bt_nodes.pc'
[89.810s] Level 1:colcon.colcon_core.environment:checking '/home/jeff/theimc_robot/install/theimc_bt_nodes/lib/python3.10/site-packages'
[89.811s] Level 1:colcon.colcon_core.environment:checking '/home/jeff/theimc_robot/install/theimc_bt_nodes/bin'
[89.812s] INFO:colcon.colcon_core.shell:Creating package script '/home/jeff/theimc_robot/install/theimc_bt_nodes/share/theimc_bt_nodes/package.ps1'
[89.815s] INFO:colcon.colcon_core.shell:Creating package descriptor '/home/jeff/theimc_robot/install/theimc_bt_nodes/share/theimc_bt_nodes/package.dsv'
[89.816s] INFO:colcon.colcon_core.shell:Creating package script '/home/jeff/theimc_robot/install/theimc_bt_nodes/share/theimc_bt_nodes/package.sh'
[89.817s] INFO:colcon.colcon_core.shell:Creating package script '/home/jeff/theimc_robot/install/theimc_bt_nodes/share/theimc_bt_nodes/package.bash'
[89.817s] INFO:colcon.colcon_core.shell:Creating package script '/home/jeff/theimc_robot/install/theimc_bt_nodes/share/theimc_bt_nodes/package.zsh'
[89.819s] Level 1:colcon.colcon_core.environment:create_file_with_runtime_dependencies(/home/jeff/theimc_robot/install/theimc_bt_nodes/share/colcon-core/packages/theimc_bt_nodes)
[89.830s] DEBUG:colcon.colcon_parallel_executor.executor.parallel:closing loop
[89.831s] DEBUG:colcon.colcon_parallel_executor.executor.parallel:loop closed
[89.831s] DEBUG:colcon.colcon_parallel_executor.executor.parallel:run_until_complete finished with '2'
[89.831s] DEBUG:colcon.colcon_core.event_reactor:joining thread
[89.834s] DEBUG:colcon.colcon_core.event_reactor:joined thread
[89.835s] INFO:colcon.colcon_core.shell:Creating prefix script '/home/jeff/theimc_robot/install/local_setup.ps1'
[89.837s] INFO:colcon.colcon_core.shell:Creating prefix util module '/home/jeff/theimc_robot/install/_local_setup_util_ps1.py'
[89.842s] INFO:colcon.colcon_core.shell:Creating prefix chain script '/home/jeff/theimc_robot/install/setup.ps1'
[89.845s] INFO:colcon.colcon_core.shell:Creating prefix script '/home/jeff/theimc_robot/install/local_setup.sh'
[89.847s] INFO:colcon.colcon_core.shell:Creating prefix util module '/home/jeff/theimc_robot/install/_local_setup_util_sh.py'
[89.849s] INFO:colcon.colcon_core.shell:Creating prefix chain script '/home/jeff/theimc_robot/install/setup.sh'
[89.853s] INFO:colcon.colcon_core.shell:Creating prefix script '/home/jeff/theimc_robot/install/local_setup.bash'
[89.854s] INFO:colcon.colcon_core.shell:Creating prefix chain script '/home/jeff/theimc_robot/install/setup.bash'
[89.858s] INFO:colcon.colcon_core.shell:Creating prefix script '/home/jeff/theimc_robot/install/local_setup.zsh'
[89.859s] INFO:colcon.colcon_core.shell:Creating prefix chain script '/home/jeff/theimc_robot/install/setup.zsh'
