[0.230s] DEBUG:colcon:Command line arguments: ['/usr/bin/colcon', 'build', '--symlink-install']
[0.230s] DEBUG:colcon:Parsed command line arguments: Namespace(log_base=None, log_level=None, verb_name='build', build_base='build', install_base='install', merge_install=False, symlink_install=True, test_result_base=None, continue_on_error=False, executor='parallel', parallel_workers=6, event_handlers=None, ignore_user_meta=False, metas=['./colcon.meta'], base_paths=['.'], packages_ignore=None, packages_ignore_regex=None, paths=None, packages_up_to=None, packages_up_to_regex=None, packages_above=None, packages_above_and_dependencies=None, packages_above_depth=None, packages_select_by_dep=None, packages_skip_by_dep=None, packages_skip_up_to=None, packages_select_build_failed=False, packages_skip_build_finished=False, packages_select_test_failures=False, packages_skip_test_passed=False, packages_select=None, packages_skip=None, packages_select_regex=None, packages_skip_regex=None, packages_start=None, packages_end=None, allow_overriding=[], cmake_args=None, cmake_target=None, cmake_target_skip_unavailable=False, cmake_clean_cache=False, cmake_clean_first=False, cmake_force_configure=False, ament_cmake_args=None, catkin_cmake_args=None, catkin_skip_building_tests=False, verb_parser=<colcon_defaults.argument_parser.defaults.DefaultArgumentsDecorator object at 0xffffbc3fb610>, verb_extension=<colcon_core.verb.build.BuildVerb object at 0xffffbc561390>, main=<bound method BuildVerb.main of <colcon_core.verb.build.BuildVerb object at 0xffffbc561390>>)
[0.602s] Level 1:colcon.colcon_core.package_discovery:discover_packages(colcon_meta) check parameters
[0.603s] Level 1:colcon.colcon_core.package_discovery:discover_packages(recursive) check parameters
[0.603s] Level 1:colcon.colcon_core.package_discovery:discover_packages(ignore) check parameters
[0.603s] Level 1:colcon.colcon_core.package_discovery:discover_packages(path) check parameters
[0.603s] Level 1:colcon.colcon_core.package_discovery:discover_packages(colcon_meta) discover
[0.603s] Level 1:colcon.colcon_core.package_discovery:discover_packages(recursive) discover
[0.603s] INFO:colcon.colcon_core.package_discovery:Crawling recursively for packages in '/home/jeff/theimc_robot'
[0.603s] Level 1:colcon.colcon_core.package_identification:_identify(.) by extensions ['ignore', 'ignore_ament_install']
[0.604s] Level 1:colcon.colcon_core.package_identification:_identify(.) by extension 'ignore'
[0.604s] Level 1:colcon.colcon_core.package_identification:_identify(.) by extension 'ignore_ament_install'
[0.604s] Level 1:colcon.colcon_core.package_identification:_identify(.) by extensions ['colcon_pkg']
[0.604s] Level 1:colcon.colcon_core.package_identification:_identify(.) by extension 'colcon_pkg'
[0.604s] Level 1:colcon.colcon_core.package_identification:_identify(.) by extensions ['colcon_meta']
[0.604s] Level 1:colcon.colcon_core.package_identification:_identify(.) by extension 'colcon_meta'
[0.604s] Level 1:colcon.colcon_core.package_identification:_identify(.) by extensions ['ros']
[0.604s] Level 1:colcon.colcon_core.package_identification:_identify(.) by extension 'ros'
[0.626s] Level 1:colcon.colcon_core.package_identification:_identify(.) by extensions ['cmake', 'python']
[0.627s] Level 1:colcon.colcon_core.package_identification:_identify(.) by extension 'cmake'
[0.627s] Level 1:colcon.colcon_core.package_identification:_identify(.) by extension 'python'
[0.627s] Level 1:colcon.colcon_core.package_identification:_identify(.) by extensions ['python_setup_py']
[0.627s] Level 1:colcon.colcon_core.package_identification:_identify(.) by extension 'python_setup_py'
[0.627s] Level 1:colcon.colcon_core.package_identification:_identify(bags) by extensions ['ignore', 'ignore_ament_install']
[0.628s] Level 1:colcon.colcon_core.package_identification:_identify(bags) by extension 'ignore'
[0.628s] Level 1:colcon.colcon_core.package_identification:_identify(bags) by extension 'ignore_ament_install'
[0.628s] Level 1:colcon.colcon_core.package_identification:_identify(bags) by extensions ['colcon_pkg']
[0.628s] Level 1:colcon.colcon_core.package_identification:_identify(bags) by extension 'colcon_pkg'
[0.628s] Level 1:colcon.colcon_core.package_identification:_identify(bags) by extensions ['colcon_meta']
[0.628s] Level 1:colcon.colcon_core.package_identification:_identify(bags) by extension 'colcon_meta'
[0.628s] Level 1:colcon.colcon_core.package_identification:_identify(bags) by extensions ['ros']
[0.628s] Level 1:colcon.colcon_core.package_identification:_identify(bags) by extension 'ros'
[0.628s] Level 1:colcon.colcon_core.package_identification:_identify(bags) by extensions ['cmake', 'python']
[0.629s] Level 1:colcon.colcon_core.package_identification:_identify(bags) by extension 'cmake'
[0.629s] Level 1:colcon.colcon_core.package_identification:_identify(bags) by extension 'python'
[0.629s] Level 1:colcon.colcon_core.package_identification:_identify(bags) by extensions ['python_setup_py']
[0.629s] Level 1:colcon.colcon_core.package_identification:_identify(bags) by extension 'python_setup_py'
[0.629s] Level 1:colcon.colcon_core.package_identification:_identify(bags/camera_odom) by extensions ['ignore', 'ignore_ament_install']
[0.629s] Level 1:colcon.colcon_core.package_identification:_identify(bags/camera_odom) by extension 'ignore'
[0.629s] Level 1:colcon.colcon_core.package_identification:_identify(bags/camera_odom) by extension 'ignore_ament_install'
[0.629s] Level 1:colcon.colcon_core.package_identification:_identify(bags/camera_odom) by extensions ['colcon_pkg']
[0.630s] Level 1:colcon.colcon_core.package_identification:_identify(bags/camera_odom) by extension 'colcon_pkg'
[0.630s] Level 1:colcon.colcon_core.package_identification:_identify(bags/camera_odom) by extensions ['colcon_meta']
[0.630s] Level 1:colcon.colcon_core.package_identification:_identify(bags/camera_odom) by extension 'colcon_meta'
[0.630s] Level 1:colcon.colcon_core.package_identification:_identify(bags/camera_odom) by extensions ['ros']
[0.630s] Level 1:colcon.colcon_core.package_identification:_identify(bags/camera_odom) by extension 'ros'
[0.630s] Level 1:colcon.colcon_core.package_identification:_identify(bags/camera_odom) by extensions ['cmake', 'python']
[0.630s] Level 1:colcon.colcon_core.package_identification:_identify(bags/camera_odom) by extension 'cmake'
[0.630s] Level 1:colcon.colcon_core.package_identification:_identify(bags/camera_odom) by extension 'python'
[0.630s] Level 1:colcon.colcon_core.package_identification:_identify(bags/camera_odom) by extensions ['python_setup_py']
[0.630s] Level 1:colcon.colcon_core.package_identification:_identify(bags/camera_odom) by extension 'python_setup_py'
[0.631s] Level 1:colcon.colcon_core.package_identification:_identify(bags/ekf_raw_teleop_01) by extensions ['ignore', 'ignore_ament_install']
[0.631s] Level 1:colcon.colcon_core.package_identification:_identify(bags/ekf_raw_teleop_01) by extension 'ignore'
[0.631s] Level 1:colcon.colcon_core.package_identification:_identify(bags/ekf_raw_teleop_01) by extension 'ignore_ament_install'
[0.631s] Level 1:colcon.colcon_core.package_identification:_identify(bags/ekf_raw_teleop_01) by extensions ['colcon_pkg']
[0.631s] Level 1:colcon.colcon_core.package_identification:_identify(bags/ekf_raw_teleop_01) by extension 'colcon_pkg'
[0.631s] Level 1:colcon.colcon_core.package_identification:_identify(bags/ekf_raw_teleop_01) by extensions ['colcon_meta']
[0.631s] Level 1:colcon.colcon_core.package_identification:_identify(bags/ekf_raw_teleop_01) by extension 'colcon_meta'
[0.631s] Level 1:colcon.colcon_core.package_identification:_identify(bags/ekf_raw_teleop_01) by extensions ['ros']
[0.631s] Level 1:colcon.colcon_core.package_identification:_identify(bags/ekf_raw_teleop_01) by extension 'ros'
[0.632s] Level 1:colcon.colcon_core.package_identification:_identify(bags/ekf_raw_teleop_01) by extensions ['cmake', 'python']
[0.632s] Level 1:colcon.colcon_core.package_identification:_identify(bags/ekf_raw_teleop_01) by extension 'cmake'
[0.632s] Level 1:colcon.colcon_core.package_identification:_identify(bags/ekf_raw_teleop_01) by extension 'python'
[0.632s] Level 1:colcon.colcon_core.package_identification:_identify(bags/ekf_raw_teleop_01) by extensions ['python_setup_py']
[0.632s] Level 1:colcon.colcon_core.package_identification:_identify(bags/ekf_raw_teleop_01) by extension 'python_setup_py'
[0.632s] Level 1:colcon.colcon_core.package_identification:_identify(bags/result_wheel_ekf) by extensions ['ignore', 'ignore_ament_install']
[0.632s] Level 1:colcon.colcon_core.package_identification:_identify(bags/result_wheel_ekf) by extension 'ignore'
[0.632s] Level 1:colcon.colcon_core.package_identification:_identify(bags/result_wheel_ekf) by extension 'ignore_ament_install'
[0.633s] Level 1:colcon.colcon_core.package_identification:_identify(bags/result_wheel_ekf) by extensions ['colcon_pkg']
[0.633s] Level 1:colcon.colcon_core.package_identification:_identify(bags/result_wheel_ekf) by extension 'colcon_pkg'
[0.633s] Level 1:colcon.colcon_core.package_identification:_identify(bags/result_wheel_ekf) by extensions ['colcon_meta']
[0.633s] Level 1:colcon.colcon_core.package_identification:_identify(bags/result_wheel_ekf) by extension 'colcon_meta'
[0.633s] Level 1:colcon.colcon_core.package_identification:_identify(bags/result_wheel_ekf) by extensions ['ros']
[0.633s] Level 1:colcon.colcon_core.package_identification:_identify(bags/result_wheel_ekf) by extension 'ros'
[0.633s] Level 1:colcon.colcon_core.package_identification:_identify(bags/result_wheel_ekf) by extensions ['cmake', 'python']
[0.633s] Level 1:colcon.colcon_core.package_identification:_identify(bags/result_wheel_ekf) by extension 'cmake'
[0.633s] Level 1:colcon.colcon_core.package_identification:_identify(bags/result_wheel_ekf) by extension 'python'
[0.633s] Level 1:colcon.colcon_core.package_identification:_identify(bags/result_wheel_ekf) by extensions ['python_setup_py']
[0.633s] Level 1:colcon.colcon_core.package_identification:_identify(bags/result_wheel_ekf) by extension 'python_setup_py'
[0.634s] Level 1:colcon.colcon_core.package_identification:_identify(bags/rotation_with_camera) by extensions ['ignore', 'ignore_ament_install']
[0.634s] Level 1:colcon.colcon_core.package_identification:_identify(bags/rotation_with_camera) by extension 'ignore'
[0.634s] Level 1:colcon.colcon_core.package_identification:_identify(bags/rotation_with_camera) by extension 'ignore_ament_install'
[0.634s] Level 1:colcon.colcon_core.package_identification:_identify(bags/rotation_with_camera) by extensions ['colcon_pkg']
[0.634s] Level 1:colcon.colcon_core.package_identification:_identify(bags/rotation_with_camera) by extension 'colcon_pkg'
[0.634s] Level 1:colcon.colcon_core.package_identification:_identify(bags/rotation_with_camera) by extensions ['colcon_meta']
[0.634s] Level 1:colcon.colcon_core.package_identification:_identify(bags/rotation_with_camera) by extension 'colcon_meta'
[0.634s] Level 1:colcon.colcon_core.package_identification:_identify(bags/rotation_with_camera) by extensions ['ros']
[0.634s] Level 1:colcon.colcon_core.package_identification:_identify(bags/rotation_with_camera) by extension 'ros'
[0.635s] Level 1:colcon.colcon_core.package_identification:_identify(bags/rotation_with_camera) by extensions ['cmake', 'python']
[0.635s] Level 1:colcon.colcon_core.package_identification:_identify(bags/rotation_with_camera) by extension 'cmake'
[0.635s] Level 1:colcon.colcon_core.package_identification:_identify(bags/rotation_with_camera) by extension 'python'
[0.635s] Level 1:colcon.colcon_core.package_identification:_identify(bags/rotation_with_camera) by extensions ['python_setup_py']
[0.635s] Level 1:colcon.colcon_core.package_identification:_identify(bags/rotation_with_camera) by extension 'python_setup_py'
[0.635s] Level 1:colcon.colcon_core.package_identification:_identify(bags/rotation_with_camera_retry) by extensions ['ignore', 'ignore_ament_install']
[0.635s] Level 1:colcon.colcon_core.package_identification:_identify(bags/rotation_with_camera_retry) by extension 'ignore'
[0.635s] Level 1:colcon.colcon_core.package_identification:_identify(bags/rotation_with_camera_retry) by extension 'ignore_ament_install'
[0.636s] Level 1:colcon.colcon_core.package_identification:_identify(bags/rotation_with_camera_retry) by extensions ['colcon_pkg']
[0.636s] Level 1:colcon.colcon_core.package_identification:_identify(bags/rotation_with_camera_retry) by extension 'colcon_pkg'
[0.636s] Level 1:colcon.colcon_core.package_identification:_identify(bags/rotation_with_camera_retry) by extensions ['colcon_meta']
[0.636s] Level 1:colcon.colcon_core.package_identification:_identify(bags/rotation_with_camera_retry) by extension 'colcon_meta'
[0.636s] Level 1:colcon.colcon_core.package_identification:_identify(bags/rotation_with_camera_retry) by extensions ['ros']
[0.636s] Level 1:colcon.colcon_core.package_identification:_identify(bags/rotation_with_camera_retry) by extension 'ros'
[0.636s] Level 1:colcon.colcon_core.package_identification:_identify(bags/rotation_with_camera_retry) by extensions ['cmake', 'python']
[0.636s] Level 1:colcon.colcon_core.package_identification:_identify(bags/rotation_with_camera_retry) by extension 'cmake'
[0.636s] Level 1:colcon.colcon_core.package_identification:_identify(bags/rotation_with_camera_retry) by extension 'python'
[0.636s] Level 1:colcon.colcon_core.package_identification:_identify(bags/rotation_with_camera_retry) by extensions ['python_setup_py']
[0.636s] Level 1:colcon.colcon_core.package_identification:_identify(bags/rotation_with_camera_retry) by extension 'python_setup_py'
[0.637s] Level 1:colcon.colcon_core.package_identification:_identify(bags/rotation_with_camera_retry2) by extensions ['ignore', 'ignore_ament_install']
[0.637s] Level 1:colcon.colcon_core.package_identification:_identify(bags/rotation_with_camera_retry2) by extension 'ignore'
[0.637s] Level 1:colcon.colcon_core.package_identification:_identify(bags/rotation_with_camera_retry2) by extension 'ignore_ament_install'
[0.637s] Level 1:colcon.colcon_core.package_identification:_identify(bags/rotation_with_camera_retry2) by extensions ['colcon_pkg']
[0.637s] Level 1:colcon.colcon_core.package_identification:_identify(bags/rotation_with_camera_retry2) by extension 'colcon_pkg'
[0.637s] Level 1:colcon.colcon_core.package_identification:_identify(bags/rotation_with_camera_retry2) by extensions ['colcon_meta']
[0.637s] Level 1:colcon.colcon_core.package_identification:_identify(bags/rotation_with_camera_retry2) by extension 'colcon_meta'
[0.637s] Level 1:colcon.colcon_core.package_identification:_identify(bags/rotation_with_camera_retry2) by extensions ['ros']
[0.637s] Level 1:colcon.colcon_core.package_identification:_identify(bags/rotation_with_camera_retry2) by extension 'ros'
[0.638s] Level 1:colcon.colcon_core.package_identification:_identify(bags/rotation_with_camera_retry2) by extensions ['cmake', 'python']
[0.638s] Level 1:colcon.colcon_core.package_identification:_identify(bags/rotation_with_camera_retry2) by extension 'cmake'
[0.638s] Level 1:colcon.colcon_core.package_identification:_identify(bags/rotation_with_camera_retry2) by extension 'python'
[0.638s] Level 1:colcon.colcon_core.package_identification:_identify(bags/rotation_with_camera_retry2) by extensions ['python_setup_py']
[0.638s] Level 1:colcon.colcon_core.package_identification:_identify(bags/rotation_with_camera_retry2) by extension 'python_setup_py'
[0.638s] Level 1:colcon.colcon_core.package_identification:_identify(bags/rotation_without_camera) by extensions ['ignore', 'ignore_ament_install']
[0.638s] Level 1:colcon.colcon_core.package_identification:_identify(bags/rotation_without_camera) by extension 'ignore'
[0.638s] Level 1:colcon.colcon_core.package_identification:_identify(bags/rotation_without_camera) by extension 'ignore_ament_install'
[0.639s] Level 1:colcon.colcon_core.package_identification:_identify(bags/rotation_without_camera) by extensions ['colcon_pkg']
[0.639s] Level 1:colcon.colcon_core.package_identification:_identify(bags/rotation_without_camera) by extension 'colcon_pkg'
[0.639s] Level 1:colcon.colcon_core.package_identification:_identify(bags/rotation_without_camera) by extensions ['colcon_meta']
[0.639s] Level 1:colcon.colcon_core.package_identification:_identify(bags/rotation_without_camera) by extension 'colcon_meta'
[0.639s] Level 1:colcon.colcon_core.package_identification:_identify(bags/rotation_without_camera) by extensions ['ros']
[0.639s] Level 1:colcon.colcon_core.package_identification:_identify(bags/rotation_without_camera) by extension 'ros'
[0.639s] Level 1:colcon.colcon_core.package_identification:_identify(bags/rotation_without_camera) by extensions ['cmake', 'python']
[0.639s] Level 1:colcon.colcon_core.package_identification:_identify(bags/rotation_without_camera) by extension 'cmake'
[0.639s] Level 1:colcon.colcon_core.package_identification:_identify(bags/rotation_without_camera) by extension 'python'
[0.639s] Level 1:colcon.colcon_core.package_identification:_identify(bags/rotation_without_camera) by extensions ['python_setup_py']
[0.639s] Level 1:colcon.colcon_core.package_identification:_identify(bags/rotation_without_camera) by extension 'python_setup_py'
[0.640s] Level 1:colcon.colcon_core.package_identification:_identify(bags/rotation_without_camera_retry) by extensions ['ignore', 'ignore_ament_install']
[0.640s] Level 1:colcon.colcon_core.package_identification:_identify(bags/rotation_without_camera_retry) by extension 'ignore'
[0.640s] Level 1:colcon.colcon_core.package_identification:_identify(bags/rotation_without_camera_retry) by extension 'ignore_ament_install'
[0.640s] Level 1:colcon.colcon_core.package_identification:_identify(bags/rotation_without_camera_retry) by extensions ['colcon_pkg']
[0.640s] Level 1:colcon.colcon_core.package_identification:_identify(bags/rotation_without_camera_retry) by extension 'colcon_pkg'
[0.640s] Level 1:colcon.colcon_core.package_identification:_identify(bags/rotation_without_camera_retry) by extensions ['colcon_meta']
[0.640s] Level 1:colcon.colcon_core.package_identification:_identify(bags/rotation_without_camera_retry) by extension 'colcon_meta'
[0.640s] Level 1:colcon.colcon_core.package_identification:_identify(bags/rotation_without_camera_retry) by extensions ['ros']
[0.640s] Level 1:colcon.colcon_core.package_identification:_identify(bags/rotation_without_camera_retry) by extension 'ros'
[0.641s] Level 1:colcon.colcon_core.package_identification:_identify(bags/rotation_without_camera_retry) by extensions ['cmake', 'python']
[0.641s] Level 1:colcon.colcon_core.package_identification:_identify(bags/rotation_without_camera_retry) by extension 'cmake'
[0.641s] Level 1:colcon.colcon_core.package_identification:_identify(bags/rotation_without_camera_retry) by extension 'python'
[0.641s] Level 1:colcon.colcon_core.package_identification:_identify(bags/rotation_without_camera_retry) by extensions ['python_setup_py']
[0.641s] Level 1:colcon.colcon_core.package_identification:_identify(bags/rotation_without_camera_retry) by extension 'python_setup_py'
[0.641s] Level 1:colcon.colcon_core.package_identification:_identify(bags/wheel_odom) by extensions ['ignore', 'ignore_ament_install']
[0.641s] Level 1:colcon.colcon_core.package_identification:_identify(bags/wheel_odom) by extension 'ignore'
[0.641s] Level 1:colcon.colcon_core.package_identification:_identify(bags/wheel_odom) by extension 'ignore_ament_install'
[0.642s] Level 1:colcon.colcon_core.package_identification:_identify(bags/wheel_odom) by extensions ['colcon_pkg']
[0.642s] Level 1:colcon.colcon_core.package_identification:_identify(bags/wheel_odom) by extension 'colcon_pkg'
[0.642s] Level 1:colcon.colcon_core.package_identification:_identify(bags/wheel_odom) by extensions ['colcon_meta']
[0.642s] Level 1:colcon.colcon_core.package_identification:_identify(bags/wheel_odom) by extension 'colcon_meta'
[0.642s] Level 1:colcon.colcon_core.package_identification:_identify(bags/wheel_odom) by extensions ['ros']
[0.642s] Level 1:colcon.colcon_core.package_identification:_identify(bags/wheel_odom) by extension 'ros'
[0.642s] Level 1:colcon.colcon_core.package_identification:_identify(bags/wheel_odom) by extensions ['cmake', 'python']
[0.642s] Level 1:colcon.colcon_core.package_identification:_identify(bags/wheel_odom) by extension 'cmake'
[0.642s] Level 1:colcon.colcon_core.package_identification:_identify(bags/wheel_odom) by extension 'python'
[0.642s] Level 1:colcon.colcon_core.package_identification:_identify(bags/wheel_odom) by extensions ['python_setup_py']
[0.642s] Level 1:colcon.colcon_core.package_identification:_identify(bags/wheel_odom) by extension 'python_setup_py'
[0.643s] Level 1:colcon.colcon_core.package_identification:_identify(build) by extensions ['ignore', 'ignore_ament_install']
[0.643s] Level 1:colcon.colcon_core.package_identification:_identify(build) by extension 'ignore'
[0.643s] Level 1:colcon.colcon_core.package_identification:_identify(build) ignored
[0.643s] Level 1:colcon.colcon_core.package_identification:_identify(config) by extensions ['ignore', 'ignore_ament_install']
[0.643s] Level 1:colcon.colcon_core.package_identification:_identify(config) by extension 'ignore'
[0.644s] Level 1:colcon.colcon_core.package_identification:_identify(config) by extension 'ignore_ament_install'
[0.644s] Level 1:colcon.colcon_core.package_identification:_identify(config) by extensions ['colcon_pkg']
[0.644s] Level 1:colcon.colcon_core.package_identification:_identify(config) by extension 'colcon_pkg'
[0.644s] Level 1:colcon.colcon_core.package_identification:_identify(config) by extensions ['colcon_meta']
[0.644s] Level 1:colcon.colcon_core.package_identification:_identify(config) by extension 'colcon_meta'
[0.644s] Level 1:colcon.colcon_core.package_identification:_identify(config) by extensions ['ros']
[0.644s] Level 1:colcon.colcon_core.package_identification:_identify(config) by extension 'ros'
[0.644s] Level 1:colcon.colcon_core.package_identification:_identify(config) by extensions ['cmake', 'python']
[0.644s] Level 1:colcon.colcon_core.package_identification:_identify(config) by extension 'cmake'
[0.644s] Level 1:colcon.colcon_core.package_identification:_identify(config) by extension 'python'
[0.644s] Level 1:colcon.colcon_core.package_identification:_identify(config) by extensions ['python_setup_py']
[0.644s] Level 1:colcon.colcon_core.package_identification:_identify(config) by extension 'python_setup_py'
[0.645s] Level 1:colcon.colcon_core.package_identification:_identify(debug) by extensions ['ignore', 'ignore_ament_install']
[0.645s] Level 1:colcon.colcon_core.package_identification:_identify(debug) by extension 'ignore'
[0.645s] Level 1:colcon.colcon_core.package_identification:_identify(debug) by extension 'ignore_ament_install'
[0.645s] Level 1:colcon.colcon_core.package_identification:_identify(debug) by extensions ['colcon_pkg']
[0.645s] Level 1:colcon.colcon_core.package_identification:_identify(debug) by extension 'colcon_pkg'
[0.645s] Level 1:colcon.colcon_core.package_identification:_identify(debug) by extensions ['colcon_meta']
[0.645s] Level 1:colcon.colcon_core.package_identification:_identify(debug) by extension 'colcon_meta'
[0.645s] Level 1:colcon.colcon_core.package_identification:_identify(debug) by extensions ['ros']
[0.645s] Level 1:colcon.colcon_core.package_identification:_identify(debug) by extension 'ros'
[0.646s] Level 1:colcon.colcon_core.package_identification:_identify(debug) by extensions ['cmake', 'python']
[0.646s] Level 1:colcon.colcon_core.package_identification:_identify(debug) by extension 'cmake'
[0.646s] Level 1:colcon.colcon_core.package_identification:_identify(debug) by extension 'python'
[0.646s] Level 1:colcon.colcon_core.package_identification:_identify(debug) by extensions ['python_setup_py']
[0.646s] Level 1:colcon.colcon_core.package_identification:_identify(debug) by extension 'python_setup_py'
[0.646s] Level 1:colcon.colcon_core.package_identification:_identify(install) by extensions ['ignore', 'ignore_ament_install']
[0.646s] Level 1:colcon.colcon_core.package_identification:_identify(install) by extension 'ignore'
[0.646s] Level 1:colcon.colcon_core.package_identification:_identify(install) ignored
[0.647s] Level 1:colcon.colcon_core.package_identification:_identify(log) by extensions ['ignore', 'ignore_ament_install']
[0.647s] Level 1:colcon.colcon_core.package_identification:_identify(log) by extension 'ignore'
[0.647s] Level 1:colcon.colcon_core.package_identification:_identify(log) ignored
[0.647s] Level 1:colcon.colcon_core.package_identification:_identify(ros_logs) by extensions ['ignore', 'ignore_ament_install']
[0.647s] Level 1:colcon.colcon_core.package_identification:_identify(ros_logs) by extension 'ignore'
[0.647s] Level 1:colcon.colcon_core.package_identification:_identify(ros_logs) by extension 'ignore_ament_install'
[0.648s] Level 1:colcon.colcon_core.package_identification:_identify(ros_logs) by extensions ['colcon_pkg']
[0.648s] Level 1:colcon.colcon_core.package_identification:_identify(ros_logs) by extension 'colcon_pkg'
[0.648s] Level 1:colcon.colcon_core.package_identification:_identify(ros_logs) by extensions ['colcon_meta']
[0.648s] Level 1:colcon.colcon_core.package_identification:_identify(ros_logs) by extension 'colcon_meta'
[0.648s] Level 1:colcon.colcon_core.package_identification:_identify(ros_logs) by extensions ['ros']
[0.648s] Level 1:colcon.colcon_core.package_identification:_identify(ros_logs) by extension 'ros'
[0.648s] Level 1:colcon.colcon_core.package_identification:_identify(ros_logs) by extensions ['cmake', 'python']
[0.648s] Level 1:colcon.colcon_core.package_identification:_identify(ros_logs) by extension 'cmake'
[0.648s] Level 1:colcon.colcon_core.package_identification:_identify(ros_logs) by extension 'python'
[0.648s] Level 1:colcon.colcon_core.package_identification:_identify(ros_logs) by extensions ['python_setup_py']
[0.648s] Level 1:colcon.colcon_core.package_identification:_identify(ros_logs) by extension 'python_setup_py'
[0.649s] Level 1:colcon.colcon_core.package_identification:_identify(src) by extensions ['ignore', 'ignore_ament_install']
[0.649s] Level 1:colcon.colcon_core.package_identification:_identify(src) by extension 'ignore'
[0.649s] Level 1:colcon.colcon_core.package_identification:_identify(src) by extension 'ignore_ament_install'
[0.649s] Level 1:colcon.colcon_core.package_identification:_identify(src) by extensions ['colcon_pkg']
[0.649s] Level 1:colcon.colcon_core.package_identification:_identify(src) by extension 'colcon_pkg'
[0.649s] Level 1:colcon.colcon_core.package_identification:_identify(src) by extensions ['colcon_meta']
[0.649s] Level 1:colcon.colcon_core.package_identification:_identify(src) by extension 'colcon_meta'
[0.649s] Level 1:colcon.colcon_core.package_identification:_identify(src) by extensions ['ros']
[0.649s] Level 1:colcon.colcon_core.package_identification:_identify(src) by extension 'ros'
[0.650s] Level 1:colcon.colcon_core.package_identification:_identify(src) by extensions ['cmake', 'python']
[0.650s] Level 1:colcon.colcon_core.package_identification:_identify(src) by extension 'cmake'
[0.650s] Level 1:colcon.colcon_core.package_identification:_identify(src) by extension 'python'
[0.650s] Level 1:colcon.colcon_core.package_identification:_identify(src) by extensions ['python_setup_py']
[0.650s] Level 1:colcon.colcon_core.package_identification:_identify(src) by extension 'python_setup_py'
[0.650s] Level 1:colcon.colcon_core.package_identification:_identify(src/camera_perception_pkg) by extensions ['ignore', 'ignore_ament_install']
[0.650s] Level 1:colcon.colcon_core.package_identification:_identify(src/camera_perception_pkg) by extension 'ignore'
[0.650s] Level 1:colcon.colcon_core.package_identification:_identify(src/camera_perception_pkg) by extension 'ignore_ament_install'
[0.650s] Level 1:colcon.colcon_core.package_identification:_identify(src/camera_perception_pkg) by extensions ['colcon_pkg']
[0.651s] Level 1:colcon.colcon_core.package_identification:_identify(src/camera_perception_pkg) by extension 'colcon_pkg'
[0.651s] Level 1:colcon.colcon_core.package_identification:_identify(src/camera_perception_pkg) by extensions ['colcon_meta']
[0.651s] Level 1:colcon.colcon_core.package_identification:_identify(src/camera_perception_pkg) by extension 'colcon_meta'
[0.651s] Level 1:colcon.colcon_core.package_identification:_identify(src/camera_perception_pkg) by extensions ['ros']
[0.651s] Level 1:colcon.colcon_core.package_identification:_identify(src/camera_perception_pkg) by extension 'ros'
[0.656s] DEBUG:colcon.colcon_core.package_identification:Package 'src/camera_perception_pkg' with type 'ros.ament_python' and name 'camera_perception_pkg'
[0.656s] Level 1:colcon.colcon_core.package_identification:_identify(src/config) by extensions ['ignore', 'ignore_ament_install']
[0.656s] Level 1:colcon.colcon_core.package_identification:_identify(src/config) by extension 'ignore'
[0.657s] Level 1:colcon.colcon_core.package_identification:_identify(src/config) by extension 'ignore_ament_install'
[0.657s] Level 1:colcon.colcon_core.package_identification:_identify(src/config) by extensions ['colcon_pkg']
[0.657s] Level 1:colcon.colcon_core.package_identification:_identify(src/config) by extension 'colcon_pkg'
[0.657s] Level 1:colcon.colcon_core.package_identification:_identify(src/config) by extensions ['colcon_meta']
[0.657s] Level 1:colcon.colcon_core.package_identification:_identify(src/config) by extension 'colcon_meta'
[0.657s] Level 1:colcon.colcon_core.package_identification:_identify(src/config) by extensions ['ros']
[0.657s] Level 1:colcon.colcon_core.package_identification:_identify(src/config) by extension 'ros'
[0.657s] Level 1:colcon.colcon_core.package_identification:_identify(src/config) by extensions ['cmake', 'python']
[0.658s] Level 1:colcon.colcon_core.package_identification:_identify(src/config) by extension 'cmake'
[0.658s] Level 1:colcon.colcon_core.package_identification:_identify(src/config) by extension 'python'
[0.658s] Level 1:colcon.colcon_core.package_identification:_identify(src/config) by extensions ['python_setup_py']
[0.658s] Level 1:colcon.colcon_core.package_identification:_identify(src/config) by extension 'python_setup_py'
[0.658s] Level 1:colcon.colcon_core.package_identification:_identify(src/debug_pkg) by extensions ['ignore', 'ignore_ament_install']
[0.658s] Level 1:colcon.colcon_core.package_identification:_identify(src/debug_pkg) by extension 'ignore'
[0.658s] Level 1:colcon.colcon_core.package_identification:_identify(src/debug_pkg) by extension 'ignore_ament_install'
[0.658s] Level 1:colcon.colcon_core.package_identification:_identify(src/debug_pkg) by extensions ['colcon_pkg']
[0.659s] Level 1:colcon.colcon_core.package_identification:_identify(src/debug_pkg) by extension 'colcon_pkg'
[0.659s] Level 1:colcon.colcon_core.package_identification:_identify(src/debug_pkg) by extensions ['colcon_meta']
[0.659s] Level 1:colcon.colcon_core.package_identification:_identify(src/debug_pkg) by extension 'colcon_meta'
[0.659s] Level 1:colcon.colcon_core.package_identification:_identify(src/debug_pkg) by extensions ['ros']
[0.659s] Level 1:colcon.colcon_core.package_identification:_identify(src/debug_pkg) by extension 'ros'
[0.660s] DEBUG:colcon.colcon_core.package_identification:Package 'src/debug_pkg' with type 'ros.ament_python' and name 'debug_pkg'
[0.660s] Level 1:colcon.colcon_core.package_identification:_identify(src/decision_making_pkg) by extensions ['ignore', 'ignore_ament_install']
[0.660s] Level 1:colcon.colcon_core.package_identification:_identify(src/decision_making_pkg) by extension 'ignore'
[0.661s] Level 1:colcon.colcon_core.package_identification:_identify(src/decision_making_pkg) by extension 'ignore_ament_install'
[0.661s] Level 1:colcon.colcon_core.package_identification:_identify(src/decision_making_pkg) by extensions ['colcon_pkg']
[0.661s] Level 1:colcon.colcon_core.package_identification:_identify(src/decision_making_pkg) by extension 'colcon_pkg'
[0.661s] Level 1:colcon.colcon_core.package_identification:_identify(src/decision_making_pkg) by extensions ['colcon_meta']
[0.661s] Level 1:colcon.colcon_core.package_identification:_identify(src/decision_making_pkg) by extension 'colcon_meta'
[0.661s] Level 1:colcon.colcon_core.package_identification:_identify(src/decision_making_pkg) by extensions ['ros']
[0.661s] Level 1:colcon.colcon_core.package_identification:_identify(src/decision_making_pkg) by extension 'ros'
[0.663s] DEBUG:colcon.colcon_core.package_identification:Package 'src/decision_making_pkg' with type 'ros.ament_python' and name 'decision_making_pkg'
[0.663s] Level 1:colcon.colcon_core.package_identification:_identify(src/interfaces_pkg) by extensions ['ignore', 'ignore_ament_install']
[0.663s] Level 1:colcon.colcon_core.package_identification:_identify(src/interfaces_pkg) by extension 'ignore'
[0.664s] Level 1:colcon.colcon_core.package_identification:_identify(src/interfaces_pkg) by extension 'ignore_ament_install'
[0.664s] Level 1:colcon.colcon_core.package_identification:_identify(src/interfaces_pkg) by extensions ['colcon_pkg']
[0.664s] Level 1:colcon.colcon_core.package_identification:_identify(src/interfaces_pkg) by extension 'colcon_pkg'
[0.664s] Level 1:colcon.colcon_core.package_identification:_identify(src/interfaces_pkg) by extensions ['colcon_meta']
[0.664s] Level 1:colcon.colcon_core.package_identification:_identify(src/interfaces_pkg) by extension 'colcon_meta'
[0.664s] Level 1:colcon.colcon_core.package_identification:_identify(src/interfaces_pkg) by extensions ['ros']
[0.664s] Level 1:colcon.colcon_core.package_identification:_identify(src/interfaces_pkg) by extension 'ros'
[0.665s] DEBUG:colcon.colcon_core.package_identification:Package 'src/interfaces_pkg' with type 'ros.ament_cmake' and name 'interfaces_pkg'
[0.666s] Level 1:colcon.colcon_core.package_identification:_identify(src/localizer_server) by extensions ['ignore', 'ignore_ament_install']
[0.666s] Level 1:colcon.colcon_core.package_identification:_identify(src/localizer_server) by extension 'ignore'
[0.666s] Level 1:colcon.colcon_core.package_identification:_identify(src/localizer_server) by extension 'ignore_ament_install'
[0.666s] Level 1:colcon.colcon_core.package_identification:_identify(src/localizer_server) by extensions ['colcon_pkg']
[0.666s] Level 1:colcon.colcon_core.package_identification:_identify(src/localizer_server) by extension 'colcon_pkg'
[0.666s] Level 1:colcon.colcon_core.package_identification:_identify(src/localizer_server) by extensions ['colcon_meta']
[0.666s] Level 1:colcon.colcon_core.package_identification:_identify(src/localizer_server) by extension 'colcon_meta'
[0.666s] Level 1:colcon.colcon_core.package_identification:_identify(src/localizer_server) by extensions ['ros']
[0.667s] Level 1:colcon.colcon_core.package_identification:_identify(src/localizer_server) by extension 'ros'
[0.668s] DEBUG:colcon.colcon_core.package_identification:Package 'src/localizer_server' with type 'ros.ament_python' and name 'localizer_server'
[0.668s] Level 1:colcon.colcon_core.package_identification:_identify(src/sllidar_ros2) by extensions ['ignore', 'ignore_ament_install']
[0.668s] Level 1:colcon.colcon_core.package_identification:_identify(src/sllidar_ros2) by extension 'ignore'
[0.668s] Level 1:colcon.colcon_core.package_identification:_identify(src/sllidar_ros2) by extension 'ignore_ament_install'
[0.668s] Level 1:colcon.colcon_core.package_identification:_identify(src/sllidar_ros2) by extensions ['colcon_pkg']
[0.669s] Level 1:colcon.colcon_core.package_identification:_identify(src/sllidar_ros2) by extension 'colcon_pkg'
[0.669s] Level 1:colcon.colcon_core.package_identification:_identify(src/sllidar_ros2) by extensions ['colcon_meta']
[0.669s] Level 1:colcon.colcon_core.package_identification:_identify(src/sllidar_ros2) by extension 'colcon_meta'
[0.669s] Level 1:colcon.colcon_core.package_identification:_identify(src/sllidar_ros2) by extensions ['ros']
[0.669s] Level 1:colcon.colcon_core.package_identification:_identify(src/sllidar_ros2) by extension 'ros'
[0.670s] DEBUG:colcon.colcon_core.package_identification:Package 'src/sllidar_ros2' with type 'ros.ament_cmake' and name 'sllidar_ros2'
[0.670s] Level 1:colcon.colcon_core.package_identification:_identify(src/theimc_bringup) by extensions ['ignore', 'ignore_ament_install']
[0.670s] Level 1:colcon.colcon_core.package_identification:_identify(src/theimc_bringup) by extension 'ignore'
[0.671s] Level 1:colcon.colcon_core.package_identification:_identify(src/theimc_bringup) by extension 'ignore_ament_install'
[0.671s] Level 1:colcon.colcon_core.package_identification:_identify(src/theimc_bringup) by extensions ['colcon_pkg']
[0.671s] Level 1:colcon.colcon_core.package_identification:_identify(src/theimc_bringup) by extension 'colcon_pkg'
[0.671s] Level 1:colcon.colcon_core.package_identification:_identify(src/theimc_bringup) by extensions ['colcon_meta']
[0.671s] Level 1:colcon.colcon_core.package_identification:_identify(src/theimc_bringup) by extension 'colcon_meta'
[0.671s] Level 1:colcon.colcon_core.package_identification:_identify(src/theimc_bringup) by extensions ['ros']
[0.671s] Level 1:colcon.colcon_core.package_identification:_identify(src/theimc_bringup) by extension 'ros'
[0.673s] DEBUG:colcon.colcon_core.package_identification:Package 'src/theimc_bringup' with type 'ros.ament_python' and name 'theimc_bringup'
[0.673s] Level 1:colcon.colcon_core.package_identification:_identify(src/theimc_bt_nodes) by extensions ['ignore', 'ignore_ament_install']
[0.674s] Level 1:colcon.colcon_core.package_identification:_identify(src/theimc_bt_nodes) by extension 'ignore'
[0.674s] Level 1:colcon.colcon_core.package_identification:_identify(src/theimc_bt_nodes) by extension 'ignore_ament_install'
[0.674s] Level 1:colcon.colcon_core.package_identification:_identify(src/theimc_bt_nodes) by extensions ['colcon_pkg']
[0.674s] Level 1:colcon.colcon_core.package_identification:_identify(src/theimc_bt_nodes) by extension 'colcon_pkg'
[0.674s] Level 1:colcon.colcon_core.package_identification:_identify(src/theimc_bt_nodes) by extensions ['colcon_meta']
[0.674s] Level 1:colcon.colcon_core.package_identification:_identify(src/theimc_bt_nodes) by extension 'colcon_meta'
[0.674s] Level 1:colcon.colcon_core.package_identification:_identify(src/theimc_bt_nodes) by extensions ['ros']
[0.674s] Level 1:colcon.colcon_core.package_identification:_identify(src/theimc_bt_nodes) by extension 'ros'
[0.676s] DEBUG:colcon.colcon_core.package_identification:Package 'src/theimc_bt_nodes' with type 'ros.ament_cmake' and name 'theimc_bt_nodes'
[0.677s] Level 1:colcon.colcon_core.package_identification:_identify(src/theimc_description) by extensions ['ignore', 'ignore_ament_install']
[0.677s] Level 1:colcon.colcon_core.package_identification:_identify(src/theimc_description) by extension 'ignore'
[0.677s] Level 1:colcon.colcon_core.package_identification:_identify(src/theimc_description) by extension 'ignore_ament_install'
[0.677s] Level 1:colcon.colcon_core.package_identification:_identify(src/theimc_description) by extensions ['colcon_pkg']
[0.677s] Level 1:colcon.colcon_core.package_identification:_identify(src/theimc_description) by extension 'colcon_pkg'
[0.677s] Level 1:colcon.colcon_core.package_identification:_identify(src/theimc_description) by extensions ['colcon_meta']
[0.677s] Level 1:colcon.colcon_core.package_identification:_identify(src/theimc_description) by extension 'colcon_meta'
[0.678s] Level 1:colcon.colcon_core.package_identification:_identify(src/theimc_description) by extensions ['ros']
[0.678s] Level 1:colcon.colcon_core.package_identification:_identify(src/theimc_description) by extension 'ros'
[0.679s] DEBUG:colcon.colcon_core.package_identification:Package 'src/theimc_description' with type 'ros.ament_cmake' and name 'theimc_description'
[0.679s] Level 1:colcon.colcon_core.package_identification:_identify(src/theimc_navigation2) by extensions ['ignore', 'ignore_ament_install']
[0.679s] Level 1:colcon.colcon_core.package_identification:_identify(src/theimc_navigation2) by extension 'ignore'
[0.679s] Level 1:colcon.colcon_core.package_identification:_identify(src/theimc_navigation2) by extension 'ignore_ament_install'
[0.679s] Level 1:colcon.colcon_core.package_identification:_identify(src/theimc_navigation2) by extensions ['colcon_pkg']
[0.680s] Level 1:colcon.colcon_core.package_identification:_identify(src/theimc_navigation2) by extension 'colcon_pkg'
[0.680s] Level 1:colcon.colcon_core.package_identification:_identify(src/theimc_navigation2) by extensions ['colcon_meta']
[0.680s] Level 1:colcon.colcon_core.package_identification:_identify(src/theimc_navigation2) by extension 'colcon_meta'
[0.680s] Level 1:colcon.colcon_core.package_identification:_identify(src/theimc_navigation2) by extensions ['ros']
[0.680s] Level 1:colcon.colcon_core.package_identification:_identify(src/theimc_navigation2) by extension 'ros'
[0.682s] DEBUG:colcon.colcon_core.package_identification:Package 'src/theimc_navigation2' with type 'ros.ament_cmake' and name 'theimc_navigation2'
[0.682s] Level 1:colcon.colcon_core.package_identification:_identify(src/theimc_teleop) by extensions ['ignore', 'ignore_ament_install']
[0.683s] Level 1:colcon.colcon_core.package_identification:_identify(src/theimc_teleop) by extension 'ignore'
[0.683s] Level 1:colcon.colcon_core.package_identification:_identify(src/theimc_teleop) by extension 'ignore_ament_install'
[0.683s] Level 1:colcon.colcon_core.package_identification:_identify(src/theimc_teleop) by extensions ['colcon_pkg']
[0.683s] Level 1:colcon.colcon_core.package_identification:_identify(src/theimc_teleop) by extension 'colcon_pkg'
[0.683s] Level 1:colcon.colcon_core.package_identification:_identify(src/theimc_teleop) by extensions ['colcon_meta']
[0.683s] Level 1:colcon.colcon_core.package_identification:_identify(src/theimc_teleop) by extension 'colcon_meta'
[0.683s] Level 1:colcon.colcon_core.package_identification:_identify(src/theimc_teleop) by extensions ['ros']
[0.683s] Level 1:colcon.colcon_core.package_identification:_identify(src/theimc_teleop) by extension 'ros'
[0.685s] DEBUG:colcon.colcon_core.package_identification:Package 'src/theimc_teleop' with type 'ros.ament_python' and name 'theimc_teleop'
[0.685s] Level 1:colcon.colcon_core.package_discovery:discover_packages(recursive) using defaults
[0.685s] Level 1:colcon.colcon_core.package_discovery:discover_packages(ignore) discover
[0.685s] Level 1:colcon.colcon_core.package_discovery:discover_packages(ignore) using defaults
[0.685s] Level 1:colcon.colcon_core.package_discovery:discover_packages(path) discover
[0.685s] Level 1:colcon.colcon_core.package_discovery:discover_packages(path) using defaults
[0.759s] Level 1:colcon.colcon_core.package_discovery:discover_packages(prefix_path) check parameters
[0.760s] Level 1:colcon.colcon_core.package_discovery:discover_packages(prefix_path) discover
[0.764s] DEBUG:colcon.colcon_installed_package_information.package_discovery:Found 11 installed packages in /home/jeff/theimc_robot/install
[0.767s] DEBUG:colcon.colcon_installed_package_information.package_discovery:Found 356 installed packages in /opt/ros/humble
[0.771s] Level 1:colcon.colcon_core.package_discovery:discover_packages(prefix_path) using defaults
[0.868s] Level 5:colcon.colcon_core.verb:set package 'camera_perception_pkg' build argument 'cmake_args' from command line to 'None'
[0.868s] Level 5:colcon.colcon_core.verb:set package 'camera_perception_pkg' build argument 'cmake_target' from command line to 'None'
[0.868s] Level 5:colcon.colcon_core.verb:set package 'camera_perception_pkg' build argument 'cmake_target_skip_unavailable' from command line to 'False'
[0.868s] Level 5:colcon.colcon_core.verb:set package 'camera_perception_pkg' build argument 'cmake_clean_cache' from command line to 'False'
[0.869s] Level 5:colcon.colcon_core.verb:set package 'camera_perception_pkg' build argument 'cmake_clean_first' from command line to 'False'
[0.869s] Level 5:colcon.colcon_core.verb:set package 'camera_perception_pkg' build argument 'cmake_force_configure' from command line to 'False'
[0.869s] Level 5:colcon.colcon_core.verb:set package 'camera_perception_pkg' build argument 'ament_cmake_args' from command line to 'None'
[0.869s] Level 5:colcon.colcon_core.verb:set package 'camera_perception_pkg' build argument 'catkin_cmake_args' from command line to 'None'
[0.869s] Level 5:colcon.colcon_core.verb:set package 'camera_perception_pkg' build argument 'catkin_skip_building_tests' from command line to 'False'
[0.869s] DEBUG:colcon.colcon_core.verb:Building package 'camera_perception_pkg' with the following arguments: {'ament_cmake_args': None, 'build_base': '/home/jeff/theimc_robot/build/camera_perception_pkg', 'catkin_cmake_args': None, 'catkin_skip_building_tests': False, 'cmake_args': None, 'cmake_clean_cache': False, 'cmake_clean_first': False, 'cmake_force_configure': False, 'cmake_target': None, 'cmake_target_skip_unavailable': False, 'install_base': '/home/jeff/theimc_robot/install/camera_perception_pkg', 'merge_install': False, 'path': '/home/jeff/theimc_robot/src/camera_perception_pkg', 'symlink_install': True, 'test_result_base': None}
[0.869s] Level 5:colcon.colcon_core.verb:set package 'debug_pkg' build argument 'cmake_args' from command line to 'None'
[0.870s] Level 5:colcon.colcon_core.verb:set package 'debug_pkg' build argument 'cmake_target' from command line to 'None'
[0.870s] Level 5:colcon.colcon_core.verb:set package 'debug_pkg' build argument 'cmake_target_skip_unavailable' from command line to 'False'
[0.870s] Level 5:colcon.colcon_core.verb:set package 'debug_pkg' build argument 'cmake_clean_cache' from command line to 'False'
[0.870s] Level 5:colcon.colcon_core.verb:set package 'debug_pkg' build argument 'cmake_clean_first' from command line to 'False'
[0.870s] Level 5:colcon.colcon_core.verb:set package 'debug_pkg' build argument 'cmake_force_configure' from command line to 'False'
[0.870s] Level 5:colcon.colcon_core.verb:set package 'debug_pkg' build argument 'ament_cmake_args' from command line to 'None'
[0.870s] Level 5:colcon.colcon_core.verb:set package 'debug_pkg' build argument 'catkin_cmake_args' from command line to 'None'
[0.870s] Level 5:colcon.colcon_core.verb:set package 'debug_pkg' build argument 'catkin_skip_building_tests' from command line to 'False'
[0.870s] DEBUG:colcon.colcon_core.verb:Building package 'debug_pkg' with the following arguments: {'ament_cmake_args': None, 'build_base': '/home/jeff/theimc_robot/build/debug_pkg', 'catkin_cmake_args': None, 'catkin_skip_building_tests': False, 'cmake_args': None, 'cmake_clean_cache': False, 'cmake_clean_first': False, 'cmake_force_configure': False, 'cmake_target': None, 'cmake_target_skip_unavailable': False, 'install_base': '/home/jeff/theimc_robot/install/debug_pkg', 'merge_install': False, 'path': '/home/jeff/theimc_robot/src/debug_pkg', 'symlink_install': True, 'test_result_base': None}
[0.871s] Level 5:colcon.colcon_core.verb:set package 'interfaces_pkg' build argument 'cmake_args' from command line to 'None'
[0.871s] Level 5:colcon.colcon_core.verb:set package 'interfaces_pkg' build argument 'cmake_target' from command line to 'None'
[0.871s] Level 5:colcon.colcon_core.verb:set package 'interfaces_pkg' build argument 'cmake_target_skip_unavailable' from command line to 'False'
[0.871s] Level 5:colcon.colcon_core.verb:set package 'interfaces_pkg' build argument 'cmake_clean_cache' from command line to 'False'
[0.871s] Level 5:colcon.colcon_core.verb:set package 'interfaces_pkg' build argument 'cmake_clean_first' from command line to 'False'
[0.871s] Level 5:colcon.colcon_core.verb:set package 'interfaces_pkg' build argument 'cmake_force_configure' from command line to 'False'
[0.871s] Level 5:colcon.colcon_core.verb:set package 'interfaces_pkg' build argument 'ament_cmake_args' from command line to 'None'
[0.871s] Level 5:colcon.colcon_core.verb:set package 'interfaces_pkg' build argument 'catkin_cmake_args' from command line to 'None'
[0.871s] Level 5:colcon.colcon_core.verb:set package 'interfaces_pkg' build argument 'catkin_skip_building_tests' from command line to 'False'
[0.871s] DEBUG:colcon.colcon_core.verb:Building package 'interfaces_pkg' with the following arguments: {'ament_cmake_args': None, 'build_base': '/home/jeff/theimc_robot/build/interfaces_pkg', 'catkin_cmake_args': None, 'catkin_skip_building_tests': False, 'cmake_args': None, 'cmake_clean_cache': False, 'cmake_clean_first': False, 'cmake_force_configure': False, 'cmake_target': None, 'cmake_target_skip_unavailable': False, 'install_base': '/home/jeff/theimc_robot/install/interfaces_pkg', 'merge_install': False, 'path': '/home/jeff/theimc_robot/src/interfaces_pkg', 'symlink_install': True, 'test_result_base': None}
[0.871s] Level 5:colcon.colcon_core.verb:set package 'localizer_server' build argument 'cmake_args' from command line to 'None'
[0.872s] Level 5:colcon.colcon_core.verb:set package 'localizer_server' build argument 'cmake_target' from command line to 'None'
[0.872s] Level 5:colcon.colcon_core.verb:set package 'localizer_server' build argument 'cmake_target_skip_unavailable' from command line to 'False'
[0.872s] Level 5:colcon.colcon_core.verb:set package 'localizer_server' build argument 'cmake_clean_cache' from command line to 'False'
[0.872s] Level 5:colcon.colcon_core.verb:set package 'localizer_server' build argument 'cmake_clean_first' from command line to 'False'
[0.872s] Level 5:colcon.colcon_core.verb:set package 'localizer_server' build argument 'cmake_force_configure' from command line to 'False'
[0.872s] Level 5:colcon.colcon_core.verb:set package 'localizer_server' build argument 'ament_cmake_args' from command line to 'None'
[0.872s] Level 5:colcon.colcon_core.verb:set package 'localizer_server' build argument 'catkin_cmake_args' from command line to 'None'
[0.872s] Level 5:colcon.colcon_core.verb:set package 'localizer_server' build argument 'catkin_skip_building_tests' from command line to 'False'
[0.872s] DEBUG:colcon.colcon_core.verb:Building package 'localizer_server' with the following arguments: {'ament_cmake_args': None, 'build_base': '/home/jeff/theimc_robot/build/localizer_server', 'catkin_cmake_args': None, 'catkin_skip_building_tests': False, 'cmake_args': None, 'cmake_clean_cache': False, 'cmake_clean_first': False, 'cmake_force_configure': False, 'cmake_target': None, 'cmake_target_skip_unavailable': False, 'install_base': '/home/jeff/theimc_robot/install/localizer_server', 'merge_install': False, 'path': '/home/jeff/theimc_robot/src/localizer_server', 'symlink_install': True, 'test_result_base': None}
[0.872s] Level 5:colcon.colcon_core.verb:set package 'sllidar_ros2' build argument 'cmake_args' from command line to 'None'
[0.873s] Level 5:colcon.colcon_core.verb:set package 'sllidar_ros2' build argument 'cmake_target' from command line to 'None'
[0.873s] Level 5:colcon.colcon_core.verb:set package 'sllidar_ros2' build argument 'cmake_target_skip_unavailable' from command line to 'False'
[0.873s] Level 5:colcon.colcon_core.verb:set package 'sllidar_ros2' build argument 'cmake_clean_cache' from command line to 'False'
[0.873s] Level 5:colcon.colcon_core.verb:set package 'sllidar_ros2' build argument 'cmake_clean_first' from command line to 'False'
[0.873s] Level 5:colcon.colcon_core.verb:set package 'sllidar_ros2' build argument 'cmake_force_configure' from command line to 'False'
[0.873s] Level 5:colcon.colcon_core.verb:set package 'sllidar_ros2' build argument 'ament_cmake_args' from command line to 'None'
[0.873s] Level 5:colcon.colcon_core.verb:set package 'sllidar_ros2' build argument 'catkin_cmake_args' from command line to 'None'
[0.873s] Level 5:colcon.colcon_core.verb:set package 'sllidar_ros2' build argument 'catkin_skip_building_tests' from command line to 'False'
[0.873s] DEBUG:colcon.colcon_core.verb:Building package 'sllidar_ros2' with the following arguments: {'ament_cmake_args': None, 'build_base': '/home/jeff/theimc_robot/build/sllidar_ros2', 'catkin_cmake_args': None, 'catkin_skip_building_tests': False, 'cmake_args': None, 'cmake_clean_cache': False, 'cmake_clean_first': False, 'cmake_force_configure': False, 'cmake_target': None, 'cmake_target_skip_unavailable': False, 'install_base': '/home/jeff/theimc_robot/install/sllidar_ros2', 'merge_install': False, 'path': '/home/jeff/theimc_robot/src/sllidar_ros2', 'symlink_install': True, 'test_result_base': None}
[0.873s] Level 5:colcon.colcon_core.verb:set package 'theimc_bringup' build argument 'cmake_args' from command line to 'None'
[0.874s] Level 5:colcon.colcon_core.verb:set package 'theimc_bringup' build argument 'cmake_target' from command line to 'None'
[0.874s] Level 5:colcon.colcon_core.verb:set package 'theimc_bringup' build argument 'cmake_target_skip_unavailable' from command line to 'False'
[0.874s] Level 5:colcon.colcon_core.verb:set package 'theimc_bringup' build argument 'cmake_clean_cache' from command line to 'False'
[0.874s] Level 5:colcon.colcon_core.verb:set package 'theimc_bringup' build argument 'cmake_clean_first' from command line to 'False'
[0.874s] Level 5:colcon.colcon_core.verb:set package 'theimc_bringup' build argument 'cmake_force_configure' from command line to 'False'
[0.874s] Level 5:colcon.colcon_core.verb:set package 'theimc_bringup' build argument 'ament_cmake_args' from command line to 'None'
[0.874s] Level 5:colcon.colcon_core.verb:set package 'theimc_bringup' build argument 'catkin_cmake_args' from command line to 'None'
[0.874s] Level 5:colcon.colcon_core.verb:set package 'theimc_bringup' build argument 'catkin_skip_building_tests' from command line to 'False'
[0.874s] DEBUG:colcon.colcon_core.verb:Building package 'theimc_bringup' with the following arguments: {'ament_cmake_args': None, 'build_base': '/home/jeff/theimc_robot/build/theimc_bringup', 'catkin_cmake_args': None, 'catkin_skip_building_tests': False, 'cmake_args': None, 'cmake_clean_cache': False, 'cmake_clean_first': False, 'cmake_force_configure': False, 'cmake_target': None, 'cmake_target_skip_unavailable': False, 'install_base': '/home/jeff/theimc_robot/install/theimc_bringup', 'merge_install': False, 'path': '/home/jeff/theimc_robot/src/theimc_bringup', 'symlink_install': True, 'test_result_base': None}
[0.874s] Level 5:colcon.colcon_core.verb:set package 'theimc_description' build argument 'cmake_args' from command line to 'None'
[0.875s] Level 5:colcon.colcon_core.verb:set package 'theimc_description' build argument 'cmake_target' from command line to 'None'
[0.875s] Level 5:colcon.colcon_core.verb:set package 'theimc_description' build argument 'cmake_target_skip_unavailable' from command line to 'False'
[0.875s] Level 5:colcon.colcon_core.verb:set package 'theimc_description' build argument 'cmake_clean_cache' from command line to 'False'
[0.875s] Level 5:colcon.colcon_core.verb:set package 'theimc_description' build argument 'cmake_clean_first' from command line to 'False'
[0.875s] Level 5:colcon.colcon_core.verb:set package 'theimc_description' build argument 'cmake_force_configure' from command line to 'False'
[0.875s] Level 5:colcon.colcon_core.verb:set package 'theimc_description' build argument 'ament_cmake_args' from command line to 'None'
[0.875s] Level 5:colcon.colcon_core.verb:set package 'theimc_description' build argument 'catkin_cmake_args' from command line to 'None'
[0.875s] Level 5:colcon.colcon_core.verb:set package 'theimc_description' build argument 'catkin_skip_building_tests' from command line to 'False'
[0.875s] DEBUG:colcon.colcon_core.verb:Building package 'theimc_description' with the following arguments: {'ament_cmake_args': None, 'build_base': '/home/jeff/theimc_robot/build/theimc_description', 'catkin_cmake_args': None, 'catkin_skip_building_tests': False, 'cmake_args': None, 'cmake_clean_cache': False, 'cmake_clean_first': False, 'cmake_force_configure': False, 'cmake_target': None, 'cmake_target_skip_unavailable': False, 'install_base': '/home/jeff/theimc_robot/install/theimc_description', 'merge_install': False, 'path': '/home/jeff/theimc_robot/src/theimc_description', 'symlink_install': True, 'test_result_base': None}
[0.875s] Level 5:colcon.colcon_core.verb:set package 'theimc_navigation2' build argument 'cmake_args' from command line to 'None'
[0.875s] Level 5:colcon.colcon_core.verb:set package 'theimc_navigation2' build argument 'cmake_target' from command line to 'None'
[0.876s] Level 5:colcon.colcon_core.verb:set package 'theimc_navigation2' build argument 'cmake_target_skip_unavailable' from command line to 'False'
[0.876s] Level 5:colcon.colcon_core.verb:set package 'theimc_navigation2' build argument 'cmake_clean_cache' from command line to 'False'
[0.876s] Level 5:colcon.colcon_core.verb:set package 'theimc_navigation2' build argument 'cmake_clean_first' from command line to 'False'
[0.876s] Level 5:colcon.colcon_core.verb:set package 'theimc_navigation2' build argument 'cmake_force_configure' from command line to 'False'
[0.876s] Level 5:colcon.colcon_core.verb:set package 'theimc_navigation2' build argument 'ament_cmake_args' from command line to 'None'
[0.876s] Level 5:colcon.colcon_core.verb:set package 'theimc_navigation2' build argument 'catkin_cmake_args' from command line to 'None'
[0.876s] Level 5:colcon.colcon_core.verb:set package 'theimc_navigation2' build argument 'catkin_skip_building_tests' from command line to 'False'
[0.876s] DEBUG:colcon.colcon_core.verb:Building package 'theimc_navigation2' with the following arguments: {'ament_cmake_args': None, 'build_base': '/home/jeff/theimc_robot/build/theimc_navigation2', 'catkin_cmake_args': None, 'catkin_skip_building_tests': False, 'cmake_args': None, 'cmake_clean_cache': False, 'cmake_clean_first': False, 'cmake_force_configure': False, 'cmake_target': None, 'cmake_target_skip_unavailable': False, 'install_base': '/home/jeff/theimc_robot/install/theimc_navigation2', 'merge_install': False, 'path': '/home/jeff/theimc_robot/src/theimc_navigation2', 'symlink_install': True, 'test_result_base': None}
[0.876s] Level 5:colcon.colcon_core.verb:set package 'theimc_teleop' build argument 'cmake_args' from command line to 'None'
[0.876s] Level 5:colcon.colcon_core.verb:set package 'theimc_teleop' build argument 'cmake_target' from command line to 'None'
[0.877s] Level 5:colcon.colcon_core.verb:set package 'theimc_teleop' build argument 'cmake_target_skip_unavailable' from command line to 'False'
[0.877s] Level 5:colcon.colcon_core.verb:set package 'theimc_teleop' build argument 'cmake_clean_cache' from command line to 'False'
[0.877s] Level 5:colcon.colcon_core.verb:set package 'theimc_teleop' build argument 'cmake_clean_first' from command line to 'False'
[0.877s] Level 5:colcon.colcon_core.verb:set package 'theimc_teleop' build argument 'cmake_force_configure' from command line to 'False'
[0.877s] Level 5:colcon.colcon_core.verb:set package 'theimc_teleop' build argument 'ament_cmake_args' from command line to 'None'
[0.877s] Level 5:colcon.colcon_core.verb:set package 'theimc_teleop' build argument 'catkin_cmake_args' from command line to 'None'
[0.877s] Level 5:colcon.colcon_core.verb:set package 'theimc_teleop' build argument 'catkin_skip_building_tests' from command line to 'False'
[0.877s] DEBUG:colcon.colcon_core.verb:Building package 'theimc_teleop' with the following arguments: {'ament_cmake_args': None, 'build_base': '/home/jeff/theimc_robot/build/theimc_teleop', 'catkin_cmake_args': None, 'catkin_skip_building_tests': False, 'cmake_args': None, 'cmake_clean_cache': False, 'cmake_clean_first': False, 'cmake_force_configure': False, 'cmake_target': None, 'cmake_target_skip_unavailable': False, 'install_base': '/home/jeff/theimc_robot/install/theimc_teleop', 'merge_install': False, 'path': '/home/jeff/theimc_robot/src/theimc_teleop', 'symlink_install': True, 'test_result_base': None}
[0.877s] Level 5:colcon.colcon_core.verb:set package 'decision_making_pkg' build argument 'cmake_args' from command line to 'None'
[0.877s] Level 5:colcon.colcon_core.verb:set package 'decision_making_pkg' build argument 'cmake_target' from command line to 'None'
[0.878s] Level 5:colcon.colcon_core.verb:set package 'decision_making_pkg' build argument 'cmake_target_skip_unavailable' from command line to 'False'
[0.878s] Level 5:colcon.colcon_core.verb:set package 'decision_making_pkg' build argument 'cmake_clean_cache' from command line to 'False'
[0.878s] Level 5:colcon.colcon_core.verb:set package 'decision_making_pkg' build argument 'cmake_clean_first' from command line to 'False'
[0.878s] Level 5:colcon.colcon_core.verb:set package 'decision_making_pkg' build argument 'cmake_force_configure' from command line to 'False'
[0.878s] Level 5:colcon.colcon_core.verb:set package 'decision_making_pkg' build argument 'ament_cmake_args' from command line to 'None'
[0.878s] Level 5:colcon.colcon_core.verb:set package 'decision_making_pkg' build argument 'catkin_cmake_args' from command line to 'None'
[0.878s] Level 5:colcon.colcon_core.verb:set package 'decision_making_pkg' build argument 'catkin_skip_building_tests' from command line to 'False'
[0.878s] DEBUG:colcon.colcon_core.verb:Building package 'decision_making_pkg' with the following arguments: {'ament_cmake_args': None, 'build_base': '/home/jeff/theimc_robot/build/decision_making_pkg', 'catkin_cmake_args': None, 'catkin_skip_building_tests': False, 'cmake_args': None, 'cmake_clean_cache': False, 'cmake_clean_first': False, 'cmake_force_configure': False, 'cmake_target': None, 'cmake_target_skip_unavailable': False, 'install_base': '/home/jeff/theimc_robot/install/decision_making_pkg', 'merge_install': False, 'path': '/home/jeff/theimc_robot/src/decision_making_pkg', 'symlink_install': True, 'test_result_base': None}
[0.878s] Level 5:colcon.colcon_core.verb:set package 'theimc_bt_nodes' build argument 'cmake_args' from command line to 'None'
[0.878s] Level 5:colcon.colcon_core.verb:set package 'theimc_bt_nodes' build argument 'cmake_target' from command line to 'None'
[0.879s] Level 5:colcon.colcon_core.verb:set package 'theimc_bt_nodes' build argument 'cmake_target_skip_unavailable' from command line to 'False'
[0.879s] Level 5:colcon.colcon_core.verb:set package 'theimc_bt_nodes' build argument 'cmake_clean_cache' from command line to 'False'
[0.879s] Level 5:colcon.colcon_core.verb:set package 'theimc_bt_nodes' build argument 'cmake_clean_first' from command line to 'False'
[0.879s] Level 5:colcon.colcon_core.verb:set package 'theimc_bt_nodes' build argument 'cmake_force_configure' from command line to 'False'
[0.879s] Level 5:colcon.colcon_core.verb:set package 'theimc_bt_nodes' build argument 'ament_cmake_args' from command line to 'None'
[0.879s] Level 5:colcon.colcon_core.verb:set package 'theimc_bt_nodes' build argument 'catkin_cmake_args' from command line to 'None'
[0.879s] Level 5:colcon.colcon_core.verb:set package 'theimc_bt_nodes' build argument 'catkin_skip_building_tests' from command line to 'False'
[0.879s] DEBUG:colcon.colcon_core.verb:Building package 'theimc_bt_nodes' with the following arguments: {'ament_cmake_args': None, 'build_base': '/home/jeff/theimc_robot/build/theimc_bt_nodes', 'catkin_cmake_args': None, 'catkin_skip_building_tests': False, 'cmake_args': None, 'cmake_clean_cache': False, 'cmake_clean_first': False, 'cmake_force_configure': False, 'cmake_target': None, 'cmake_target_skip_unavailable': False, 'install_base': '/home/jeff/theimc_robot/install/theimc_bt_nodes', 'merge_install': False, 'path': '/home/jeff/theimc_robot/src/theimc_bt_nodes', 'symlink_install': True, 'test_result_base': None}
[0.879s] INFO:colcon.colcon_core.executor:Executing jobs using 'parallel' executor
[0.881s] DEBUG:colcon.colcon_parallel_executor.executor.parallel:run_until_complete
[0.882s] INFO:colcon.colcon_ros.task.ament_cmake.build:Building ROS package in '/home/jeff/theimc_robot/src/interfaces_pkg' with build type 'ament_cmake'
[0.882s] INFO:colcon.colcon_cmake.task.cmake.build:Building CMake package in '/home/jeff/theimc_robot/src/interfaces_pkg'
[0.887s] INFO:colcon.colcon_core.plugin_system:Skipping extension 'colcon_core.shell.bat': Not used on non-Windows systems
[0.887s] INFO:colcon.colcon_core.shell:Skip shell extension 'powershell' for command environment: Not usable outside of PowerShell
[0.887s] DEBUG:colcon.colcon_core.shell:Skip shell extension 'dsv' for command environment
[0.896s] INFO:colcon.colcon_ros.task.ament_cmake.build:Building ROS package in '/home/jeff/theimc_robot/src/theimc_navigation2' with build type 'ament_cmake'
[0.896s] INFO:colcon.colcon_cmake.task.cmake.build:Building CMake package in '/home/jeff/theimc_robot/src/theimc_navigation2'
[0.897s] INFO:colcon.colcon_core.shell:Skip shell extension 'powershell' for command environment: Not usable outside of PowerShell
[0.897s] DEBUG:colcon.colcon_core.shell:Skip shell extension 'dsv' for command environment
[0.905s] INFO:colcon.colcon_ros.task.ament_python.build:Building ROS package in '/home/jeff/theimc_robot/src/camera_perception_pkg' with build type 'ament_python'
[0.905s] Level 1:colcon.colcon_core.shell:create_environment_hook('camera_perception_pkg', 'ament_prefix_path')
[0.906s] INFO:colcon.colcon_core.shell:Creating environment hook '/home/jeff/theimc_robot/install/camera_perception_pkg/share/camera_perception_pkg/hook/ament_prefix_path.ps1'
[0.907s] INFO:colcon.colcon_core.shell:Creating environment descriptor '/home/jeff/theimc_robot/install/camera_perception_pkg/share/camera_perception_pkg/hook/ament_prefix_path.dsv'
[0.908s] INFO:colcon.colcon_core.shell:Creating environment hook '/home/jeff/theimc_robot/install/camera_perception_pkg/share/camera_perception_pkg/hook/ament_prefix_path.sh'
[0.909s] INFO:colcon.colcon_core.shell:Skip shell extension 'powershell' for command environment: Not usable outside of PowerShell
[0.910s] DEBUG:colcon.colcon_core.shell:Skip shell extension 'dsv' for command environment
[0.917s] INFO:colcon.colcon_ros.task.ament_python.build:Building ROS package in '/home/jeff/theimc_robot/src/debug_pkg' with build type 'ament_python'
[0.917s] Level 1:colcon.colcon_core.shell:create_environment_hook('debug_pkg', 'ament_prefix_path')
[0.917s] INFO:colcon.colcon_core.shell:Creating environment hook '/home/jeff/theimc_robot/install/debug_pkg/share/debug_pkg/hook/ament_prefix_path.ps1'
[0.918s] INFO:colcon.colcon_core.shell:Creating environment descriptor '/home/jeff/theimc_robot/install/debug_pkg/share/debug_pkg/hook/ament_prefix_path.dsv'
[0.919s] INFO:colcon.colcon_core.shell:Creating environment hook '/home/jeff/theimc_robot/install/debug_pkg/share/debug_pkg/hook/ament_prefix_path.sh'
[0.921s] INFO:colcon.colcon_core.shell:Skip shell extension 'powershell' for command environment: Not usable outside of PowerShell
[0.921s] DEBUG:colcon.colcon_core.shell:Skip shell extension 'dsv' for command environment
[0.928s] INFO:colcon.colcon_ros.task.ament_python.build:Building ROS package in '/home/jeff/theimc_robot/src/localizer_server' with build type 'ament_python'
[0.928s] Level 1:colcon.colcon_core.shell:create_environment_hook('localizer_server', 'ament_prefix_path')
[0.929s] INFO:colcon.colcon_core.shell:Creating environment hook '/home/jeff/theimc_robot/install/localizer_server/share/localizer_server/hook/ament_prefix_path.ps1'
[0.930s] INFO:colcon.colcon_core.shell:Creating environment descriptor '/home/jeff/theimc_robot/install/localizer_server/share/localizer_server/hook/ament_prefix_path.dsv'
[0.930s] INFO:colcon.colcon_core.shell:Creating environment hook '/home/jeff/theimc_robot/install/localizer_server/share/localizer_server/hook/ament_prefix_path.sh'
[0.932s] INFO:colcon.colcon_core.shell:Skip shell extension 'powershell' for command environment: Not usable outside of PowerShell
[0.932s] DEBUG:colcon.colcon_core.shell:Skip shell extension 'dsv' for command environment
[0.939s] INFO:colcon.colcon_ros.task.ament_cmake.build:Building ROS package in '/home/jeff/theimc_robot/src/sllidar_ros2' with build type 'ament_cmake'
[0.939s] INFO:colcon.colcon_cmake.task.cmake.build:Building CMake package in '/home/jeff/theimc_robot/src/sllidar_ros2'
[0.939s] INFO:colcon.colcon_core.shell:Skip shell extension 'powershell' for command environment: Not usable outside of PowerShell
[0.939s] DEBUG:colcon.colcon_core.shell:Skip shell extension 'dsv' for command environment
[0.955s] DEBUG:colcon.colcon_core.event_handler.log_command:Invoking command in '/home/jeff/theimc_robot/build/interfaces_pkg': CMAKE_PREFIX_PATH=${CMAKE_PREFIX_PATH}:/home/jeff/theimc_robot/install/theimc_teleop:/home/jeff/theimc_robot/install/theimc_bringup:/home/jeff/theimc_robot/install/localizer_server:/home/jeff/theimc_robot/install/decision_making_pkg:/home/jeff/theimc_robot/install/debug_pkg:/home/jeff/theimc_robot/install/camera_perception_pkg:/opt/ros/humble /usr/bin/cmake --build /home/jeff/theimc_robot/build/interfaces_pkg -- -j6 -l6
[0.963s] DEBUG:colcon.colcon_core.event_handler.log_command:Invoking command in '/home/jeff/theimc_robot/build/theimc_navigation2': CMAKE_PREFIX_PATH=${CMAKE_PREFIX_PATH}:/home/jeff/theimc_robot/install/theimc_teleop:/home/jeff/theimc_robot/install/theimc_bringup:/home/jeff/theimc_robot/install/localizer_server:/home/jeff/theimc_robot/install/decision_making_pkg:/home/jeff/theimc_robot/install/debug_pkg:/home/jeff/theimc_robot/install/camera_perception_pkg:/opt/ros/humble /usr/bin/cmake --build /home/jeff/theimc_robot/build/theimc_navigation2 -- -j6 -l6
[1.577s] INFO:colcon.colcon_core.task.python.build:Building Python package in '/home/jeff/theimc_robot/src/camera_perception_pkg'
[1.578s] INFO:colcon.colcon_core.shell:Skip shell extension 'powershell' for command environment: Not usable outside of PowerShell
[1.578s] DEBUG:colcon.colcon_core.shell:Skip shell extension 'dsv' for command environment
[2.195s] INFO:colcon.colcon_core.task.python.build:Building Python package in '/home/jeff/theimc_robot/src/debug_pkg'
[2.196s] INFO:colcon.colcon_core.shell:Skip shell extension 'powershell' for command environment: Not usable outside of PowerShell
[2.196s] DEBUG:colcon.colcon_core.shell:Skip shell extension 'dsv' for command environment
[2.808s] INFO:colcon.colcon_core.task.python.build:Building Python package in '/home/jeff/theimc_robot/src/localizer_server'
[2.809s] INFO:colcon.colcon_core.shell:Skip shell extension 'powershell' for command environment: Not usable outside of PowerShell
[2.809s] DEBUG:colcon.colcon_core.shell:Skip shell extension 'dsv' for command environment
[2.844s] DEBUG:colcon.colcon_core.event_handler.log_command:Invoking command in '/home/jeff/theimc_robot/build/sllidar_ros2': CMAKE_PREFIX_PATH=${CMAKE_PREFIX_PATH}:/home/jeff/theimc_robot/install/theimc_teleop:/home/jeff/theimc_robot/install/theimc_bringup:/home/jeff/theimc_robot/install/localizer_server:/home/jeff/theimc_robot/install/decision_making_pkg:/home/jeff/theimc_robot/install/debug_pkg:/home/jeff/theimc_robot/install/camera_perception_pkg:/opt/ros/humble /usr/bin/cmake --build /home/jeff/theimc_robot/build/sllidar_ros2 -- -j6 -l6
[2.845s] DEBUG:colcon.colcon_core.event_handler.log_command:Invoked command in '/home/jeff/theimc_robot/build/theimc_navigation2' returned '0': CMAKE_PREFIX_PATH=${CMAKE_PREFIX_PATH}:/home/jeff/theimc_robot/install/theimc_teleop:/home/jeff/theimc_robot/install/theimc_bringup:/home/jeff/theimc_robot/install/localizer_server:/home/jeff/theimc_robot/install/decision_making_pkg:/home/jeff/theimc_robot/install/debug_pkg:/home/jeff/theimc_robot/install/camera_perception_pkg:/opt/ros/humble /usr/bin/cmake --build /home/jeff/theimc_robot/build/theimc_navigation2 -- -j6 -l6
[2.865s] DEBUG:colcon.colcon_core.event_handler.log_command:Invoking command in '/home/jeff/theimc_robot/build/theimc_navigation2': CMAKE_PREFIX_PATH=${CMAKE_PREFIX_PATH}:/home/jeff/theimc_robot/install/theimc_teleop:/home/jeff/theimc_robot/install/theimc_bringup:/home/jeff/theimc_robot/install/localizer_server:/home/jeff/theimc_robot/install/decision_making_pkg:/home/jeff/theimc_robot/install/debug_pkg:/home/jeff/theimc_robot/install/camera_perception_pkg:/opt/ros/humble /usr/bin/cmake --install /home/jeff/theimc_robot/build/theimc_navigation2
[2.867s] DEBUG:colcon.colcon_core.event_handler.log_command:Invoked command in '/home/jeff/theimc_robot/build/interfaces_pkg' returned '0': CMAKE_PREFIX_PATH=${CMAKE_PREFIX_PATH}:/home/jeff/theimc_robot/install/theimc_teleop:/home/jeff/theimc_robot/install/theimc_bringup:/home/jeff/theimc_robot/install/localizer_server:/home/jeff/theimc_robot/install/decision_making_pkg:/home/jeff/theimc_robot/install/debug_pkg:/home/jeff/theimc_robot/install/camera_perception_pkg:/opt/ros/humble /usr/bin/cmake --build /home/jeff/theimc_robot/build/interfaces_pkg -- -j6 -l6
[2.871s] DEBUG:colcon.colcon_core.event_handler.log_command:Invoking command in '/home/jeff/theimc_robot/build/interfaces_pkg': CMAKE_PREFIX_PATH=${CMAKE_PREFIX_PATH}:/home/jeff/theimc_robot/install/theimc_teleop:/home/jeff/theimc_robot/install/theimc_bringup:/home/jeff/theimc_robot/install/localizer_server:/home/jeff/theimc_robot/install/decision_making_pkg:/home/jeff/theimc_robot/install/debug_pkg:/home/jeff/theimc_robot/install/camera_perception_pkg:/opt/ros/humble /usr/bin/cmake --install /home/jeff/theimc_robot/build/interfaces_pkg
[2.932s] Level 1:colcon.colcon_core.environment:create_environment_scripts_only(theimc_navigation2)
[2.952s] Level 1:colcon.colcon_core.environment:checking '/home/jeff/theimc_robot/install/theimc_navigation2' for CMake module files
[2.958s] Level 1:colcon.colcon_core.environment:checking '/home/jeff/theimc_robot/install/theimc_navigation2' for CMake config files
[2.965s] Level 1:colcon.colcon_core.shell:create_environment_hook('theimc_navigation2', 'cmake_prefix_path')
[2.966s] INFO:colcon.colcon_core.shell:Creating environment hook '/home/jeff/theimc_robot/install/theimc_navigation2/share/theimc_navigation2/hook/cmake_prefix_path.ps1'
[2.970s] INFO:colcon.colcon_core.shell:Creating environment descriptor '/home/jeff/theimc_robot/install/theimc_navigation2/share/theimc_navigation2/hook/cmake_prefix_path.dsv'
[2.972s] INFO:colcon.colcon_core.shell:Creating environment hook '/home/jeff/theimc_robot/install/theimc_navigation2/share/theimc_navigation2/hook/cmake_prefix_path.sh'
[2.975s] Level 1:colcon.colcon_core.environment:checking '/home/jeff/theimc_robot/install/theimc_navigation2/lib'
[2.975s] Level 1:colcon.colcon_core.shell:create_environment_hook('theimc_navigation2', 'ld_library_path_lib')
[2.976s] INFO:colcon.colcon_core.shell:Creating environment hook '/home/jeff/theimc_robot/install/theimc_navigation2/share/theimc_navigation2/hook/ld_library_path_lib.ps1'
[2.979s] INFO:colcon.colcon_core.shell:Creating environment descriptor '/home/jeff/theimc_robot/install/theimc_navigation2/share/theimc_navigation2/hook/ld_library_path_lib.dsv'
[2.982s] INFO:colcon.colcon_core.shell:Creating environment hook '/home/jeff/theimc_robot/install/theimc_navigation2/share/theimc_navigation2/hook/ld_library_path_lib.sh'
[2.985s] Level 1:colcon.colcon_core.environment:checking '/home/jeff/theimc_robot/install/theimc_navigation2/bin'
[2.985s] Level 1:colcon.colcon_core.environment:checking '/home/jeff/theimc_robot/install/theimc_navigation2/lib/pkgconfig/theimc_navigation2.pc'
[2.986s] Level 1:colcon.colcon_core.environment:checking '/home/jeff/theimc_robot/install/theimc_navigation2/lib/python3.10/site-packages'
[2.987s] Level 1:colcon.colcon_core.environment:checking '/home/jeff/theimc_robot/install/theimc_navigation2/bin'
[2.989s] INFO:colcon.colcon_core.shell:Creating package script '/home/jeff/theimc_robot/install/theimc_navigation2/share/theimc_navigation2/package.ps1'
[2.993s] INFO:colcon.colcon_core.shell:Creating package descriptor '/home/jeff/theimc_robot/install/theimc_navigation2/share/theimc_navigation2/package.dsv'
[2.995s] INFO:colcon.colcon_core.shell:Creating package script '/home/jeff/theimc_robot/install/theimc_navigation2/share/theimc_navigation2/package.sh'
[2.998s] DEBUG:colcon.colcon_core.event_handler.log_command:Invoked command in '/home/jeff/theimc_robot/build/theimc_navigation2' returned '0': CMAKE_PREFIX_PATH=${CMAKE_PREFIX_PATH}:/home/jeff/theimc_robot/install/theimc_teleop:/home/jeff/theimc_robot/install/theimc_bringup:/home/jeff/theimc_robot/install/localizer_server:/home/jeff/theimc_robot/install/decision_making_pkg:/home/jeff/theimc_robot/install/debug_pkg:/home/jeff/theimc_robot/install/camera_perception_pkg:/opt/ros/humble /usr/bin/cmake --install /home/jeff/theimc_robot/build/theimc_navigation2
[2.998s] INFO:colcon.colcon_core.shell:Creating package script '/home/jeff/theimc_robot/install/theimc_navigation2/share/theimc_navigation2/package.bash'
[3.005s] INFO:colcon.colcon_core.shell:Creating package script '/home/jeff/theimc_robot/install/theimc_navigation2/share/theimc_navigation2/package.zsh'
[3.008s] Level 1:colcon.colcon_core.environment:create_file_with_runtime_dependencies(/home/jeff/theimc_robot/install/theimc_navigation2/share/colcon-core/packages/theimc_navigation2)
[3.017s] Level 1:colcon.colcon_core.environment:create_environment_scripts_only(theimc_navigation2)
[3.017s] Level 1:colcon.colcon_core.environment:checking '/home/jeff/theimc_robot/install/theimc_navigation2' for CMake module files
[3.021s] Level 1:colcon.colcon_core.environment:checking '/home/jeff/theimc_robot/install/theimc_navigation2' for CMake config files
[3.027s] Level 1:colcon.colcon_core.shell:create_environment_hook('theimc_navigation2', 'cmake_prefix_path')
[3.028s] INFO:colcon.colcon_core.shell:Creating environment hook '/home/jeff/theimc_robot/install/theimc_navigation2/share/theimc_navigation2/hook/cmake_prefix_path.ps1'
[3.035s] INFO:colcon.colcon_core.shell:Creating environment descriptor '/home/jeff/theimc_robot/install/theimc_navigation2/share/theimc_navigation2/hook/cmake_prefix_path.dsv'
[3.038s] INFO:colcon.colcon_core.shell:Creating environment hook '/home/jeff/theimc_robot/install/theimc_navigation2/share/theimc_navigation2/hook/cmake_prefix_path.sh'
[3.042s] Level 1:colcon.colcon_core.environment:checking '/home/jeff/theimc_robot/install/theimc_navigation2/lib'
[3.043s] Level 1:colcon.colcon_core.shell:create_environment_hook('theimc_navigation2', 'ld_library_path_lib')
[3.043s] INFO:colcon.colcon_core.shell:Creating environment hook '/home/jeff/theimc_robot/install/theimc_navigation2/share/theimc_navigation2/hook/ld_library_path_lib.ps1'
[3.044s] INFO:colcon.colcon_core.shell:Creating environment descriptor '/home/jeff/theimc_robot/install/theimc_navigation2/share/theimc_navigation2/hook/ld_library_path_lib.dsv'
[3.045s] INFO:colcon.colcon_core.shell:Creating environment hook '/home/jeff/theimc_robot/install/theimc_navigation2/share/theimc_navigation2/hook/ld_library_path_lib.sh'
[3.046s] Level 1:colcon.colcon_core.environment:checking '/home/jeff/theimc_robot/install/theimc_navigation2/bin'
[3.046s] Level 1:colcon.colcon_core.environment:checking '/home/jeff/theimc_robot/install/theimc_navigation2/lib/pkgconfig/theimc_navigation2.pc'
[3.047s] Level 1:colcon.colcon_core.environment:checking '/home/jeff/theimc_robot/install/theimc_navigation2/lib/python3.10/site-packages'
[3.048s] Level 1:colcon.colcon_core.environment:checking '/home/jeff/theimc_robot/install/theimc_navigation2/bin'
[3.049s] INFO:colcon.colcon_core.shell:Creating package script '/home/jeff/theimc_robot/install/theimc_navigation2/share/theimc_navigation2/package.ps1'
[3.062s] INFO:colcon.colcon_core.shell:Creating package descriptor '/home/jeff/theimc_robot/install/theimc_navigation2/share/theimc_navigation2/package.dsv'
[3.064s] INFO:colcon.colcon_core.shell:Creating package script '/home/jeff/theimc_robot/install/theimc_navigation2/share/theimc_navigation2/package.sh'
[3.065s] INFO:colcon.colcon_core.shell:Creating package script '/home/jeff/theimc_robot/install/theimc_navigation2/share/theimc_navigation2/package.bash'
[3.066s] INFO:colcon.colcon_core.shell:Creating package script '/home/jeff/theimc_robot/install/theimc_navigation2/share/theimc_navigation2/package.zsh'
[3.067s] Level 1:colcon.colcon_core.environment:create_file_with_runtime_dependencies(/home/jeff/theimc_robot/install/theimc_navigation2/share/colcon-core/packages/theimc_navigation2)
[3.069s] INFO:colcon.colcon_ros.task.ament_python.build:Building ROS package in '/home/jeff/theimc_robot/src/theimc_bringup' with build type 'ament_python'
[3.069s] Level 1:colcon.colcon_core.shell:create_environment_hook('theimc_bringup', 'ament_prefix_path')
[3.070s] INFO:colcon.colcon_core.shell:Creating environment hook '/home/jeff/theimc_robot/install/theimc_bringup/share/theimc_bringup/hook/ament_prefix_path.ps1'
[3.071s] INFO:colcon.colcon_core.shell:Creating environment descriptor '/home/jeff/theimc_robot/install/theimc_bringup/share/theimc_bringup/hook/ament_prefix_path.dsv'
[3.072s] INFO:colcon.colcon_core.shell:Creating environment hook '/home/jeff/theimc_robot/install/theimc_bringup/share/theimc_bringup/hook/ament_prefix_path.sh'
[3.073s] INFO:colcon.colcon_core.shell:Skip shell extension 'powershell' for command environment: Not usable outside of PowerShell
[3.073s] DEBUG:colcon.colcon_core.shell:Skip shell extension 'dsv' for command environment
[3.096s] DEBUG:colcon.colcon_core.event_handler.log_command:Invoked command in '/home/jeff/theimc_robot/build/sllidar_ros2' returned '0': CMAKE_PREFIX_PATH=${CMAKE_PREFIX_PATH}:/home/jeff/theimc_robot/install/theimc_teleop:/home/jeff/theimc_robot/install/theimc_bringup:/home/jeff/theimc_robot/install/localizer_server:/home/jeff/theimc_robot/install/decision_making_pkg:/home/jeff/theimc_robot/install/debug_pkg:/home/jeff/theimc_robot/install/camera_perception_pkg:/opt/ros/humble /usr/bin/cmake --build /home/jeff/theimc_robot/build/sllidar_ros2 -- -j6 -l6
[3.097s] DEBUG:colcon.colcon_core.event_handler.log_command:Invoking command in '/home/jeff/theimc_robot/build/sllidar_ros2': CMAKE_PREFIX_PATH=${CMAKE_PREFIX_PATH}:/home/jeff/theimc_robot/install/theimc_teleop:/home/jeff/theimc_robot/install/theimc_bringup:/home/jeff/theimc_robot/install/localizer_server:/home/jeff/theimc_robot/install/decision_making_pkg:/home/jeff/theimc_robot/install/debug_pkg:/home/jeff/theimc_robot/install/camera_perception_pkg:/opt/ros/humble /usr/bin/cmake --install /home/jeff/theimc_robot/build/sllidar_ros2
[3.740s] INFO:colcon.colcon_core.task.python.build:Building Python package in '/home/jeff/theimc_robot/src/theimc_bringup'
[3.741s] INFO:colcon.colcon_core.shell:Skip shell extension 'powershell' for command environment: Not usable outside of PowerShell
[3.741s] DEBUG:colcon.colcon_core.shell:Skip shell extension 'dsv' for command environment
[3.755s] Level 1:colcon.colcon_core.environment:create_environment_scripts_only(interfaces_pkg)
[3.756s] Level 1:colcon.colcon_core.environment:checking '/home/jeff/theimc_robot/install/interfaces_pkg' for CMake module files
[3.761s] Level 1:colcon.colcon_core.environment:checking '/home/jeff/theimc_robot/install/interfaces_pkg' for CMake config files
[3.773s] DEBUG:colcon.colcon_core.event_handler.log_command:Invoked command in '/home/jeff/theimc_robot/build/interfaces_pkg' returned '0': CMAKE_PREFIX_PATH=${CMAKE_PREFIX_PATH}:/home/jeff/theimc_robot/install/theimc_teleop:/home/jeff/theimc_robot/install/theimc_bringup:/home/jeff/theimc_robot/install/localizer_server:/home/jeff/theimc_robot/install/decision_making_pkg:/home/jeff/theimc_robot/install/debug_pkg:/home/jeff/theimc_robot/install/camera_perception_pkg:/opt/ros/humble /usr/bin/cmake --install /home/jeff/theimc_robot/build/interfaces_pkg
[3.774s] Level 1:colcon.colcon_core.shell:create_environment_hook('interfaces_pkg', 'cmake_prefix_path')
[3.775s] INFO:colcon.colcon_core.shell:Creating environment hook '/home/jeff/theimc_robot/install/interfaces_pkg/share/interfaces_pkg/hook/cmake_prefix_path.ps1'
[3.777s] INFO:colcon.colcon_core.shell:Creating environment descriptor '/home/jeff/theimc_robot/install/interfaces_pkg/share/interfaces_pkg/hook/cmake_prefix_path.dsv'
[3.778s] INFO:colcon.colcon_core.shell:Creating environment hook '/home/jeff/theimc_robot/install/interfaces_pkg/share/interfaces_pkg/hook/cmake_prefix_path.sh'
[3.779s] Level 1:colcon.colcon_core.environment:checking '/home/jeff/theimc_robot/install/interfaces_pkg/lib'
[3.779s] Level 1:colcon.colcon_core.shell:create_environment_hook('interfaces_pkg', 'ld_library_path_lib')
[3.780s] INFO:colcon.colcon_core.shell:Creating environment hook '/home/jeff/theimc_robot/install/interfaces_pkg/share/interfaces_pkg/hook/ld_library_path_lib.ps1'
[3.781s] INFO:colcon.colcon_core.shell:Creating environment descriptor '/home/jeff/theimc_robot/install/interfaces_pkg/share/interfaces_pkg/hook/ld_library_path_lib.dsv'
[3.782s] INFO:colcon.colcon_core.shell:Creating environment hook '/home/jeff/theimc_robot/install/interfaces_pkg/share/interfaces_pkg/hook/ld_library_path_lib.sh'
[3.783s] Level 1:colcon.colcon_core.environment:checking '/home/jeff/theimc_robot/install/interfaces_pkg/bin'
[3.783s] Level 1:colcon.colcon_core.environment:checking '/home/jeff/theimc_robot/install/interfaces_pkg/lib/pkgconfig/interfaces_pkg.pc'
[3.784s] Level 1:colcon.colcon_core.environment:checking '/home/jeff/theimc_robot/install/interfaces_pkg/lib/python3.10/site-packages'
[3.784s] Level 1:colcon.colcon_core.environment:checking '/home/jeff/theimc_robot/install/interfaces_pkg/bin'
[3.785s] INFO:colcon.colcon_core.shell:Creating package script '/home/jeff/theimc_robot/install/interfaces_pkg/share/interfaces_pkg/package.ps1'
[3.787s] INFO:colcon.colcon_core.shell:Creating package descriptor '/home/jeff/theimc_robot/install/interfaces_pkg/share/interfaces_pkg/package.dsv'
[3.788s] INFO:colcon.colcon_core.shell:Creating package script '/home/jeff/theimc_robot/install/interfaces_pkg/share/interfaces_pkg/package.sh'
[3.790s] INFO:colcon.colcon_core.shell:Creating package script '/home/jeff/theimc_robot/install/interfaces_pkg/share/interfaces_pkg/package.bash'
[3.791s] INFO:colcon.colcon_core.shell:Creating package script '/home/jeff/theimc_robot/install/interfaces_pkg/share/interfaces_pkg/package.zsh'
[3.792s] Level 1:colcon.colcon_core.environment:create_file_with_runtime_dependencies(/home/jeff/theimc_robot/install/interfaces_pkg/share/colcon-core/packages/interfaces_pkg)
[3.793s] Level 1:colcon.colcon_core.environment:create_environment_scripts_only(interfaces_pkg)
[3.793s] Level 1:colcon.colcon_core.environment:checking '/home/jeff/theimc_robot/install/interfaces_pkg' for CMake module files
[3.795s] Level 1:colcon.colcon_core.environment:checking '/home/jeff/theimc_robot/install/interfaces_pkg' for CMake config files
[3.802s] Level 1:colcon.colcon_core.shell:create_environment_hook('interfaces_pkg', 'cmake_prefix_path')
[3.803s] INFO:colcon.colcon_core.shell:Creating environment hook '/home/jeff/theimc_robot/install/interfaces_pkg/share/interfaces_pkg/hook/cmake_prefix_path.ps1'
[3.804s] INFO:colcon.colcon_core.shell:Creating environment descriptor '/home/jeff/theimc_robot/install/interfaces_pkg/share/interfaces_pkg/hook/cmake_prefix_path.dsv'
[3.805s] INFO:colcon.colcon_core.shell:Creating environment hook '/home/jeff/theimc_robot/install/interfaces_pkg/share/interfaces_pkg/hook/cmake_prefix_path.sh'
[3.806s] Level 1:colcon.colcon_core.environment:checking '/home/jeff/theimc_robot/install/interfaces_pkg/lib'
[3.806s] Level 1:colcon.colcon_core.shell:create_environment_hook('interfaces_pkg', 'ld_library_path_lib')
[3.806s] INFO:colcon.colcon_core.shell:Creating environment hook '/home/jeff/theimc_robot/install/interfaces_pkg/share/interfaces_pkg/hook/ld_library_path_lib.ps1'
[3.807s] INFO:colcon.colcon_core.shell:Creating environment descriptor '/home/jeff/theimc_robot/install/interfaces_pkg/share/interfaces_pkg/hook/ld_library_path_lib.dsv'
[3.808s] INFO:colcon.colcon_core.shell:Creating environment hook '/home/jeff/theimc_robot/install/interfaces_pkg/share/interfaces_pkg/hook/ld_library_path_lib.sh'
[3.809s] Level 1:colcon.colcon_core.environment:checking '/home/jeff/theimc_robot/install/interfaces_pkg/bin'
[3.809s] Level 1:colcon.colcon_core.environment:checking '/home/jeff/theimc_robot/install/interfaces_pkg/lib/pkgconfig/interfaces_pkg.pc'
[3.810s] Level 1:colcon.colcon_core.environment:checking '/home/jeff/theimc_robot/install/interfaces_pkg/lib/python3.10/site-packages'
[3.810s] Level 1:colcon.colcon_core.environment:checking '/home/jeff/theimc_robot/install/interfaces_pkg/bin'
[3.811s] INFO:colcon.colcon_core.shell:Creating package script '/home/jeff/theimc_robot/install/interfaces_pkg/share/interfaces_pkg/package.ps1'
[3.812s] INFO:colcon.colcon_core.shell:Creating package descriptor '/home/jeff/theimc_robot/install/interfaces_pkg/share/interfaces_pkg/package.dsv'
[3.813s] INFO:colcon.colcon_core.shell:Creating package script '/home/jeff/theimc_robot/install/interfaces_pkg/share/interfaces_pkg/package.sh'
[3.815s] INFO:colcon.colcon_core.shell:Creating package script '/home/jeff/theimc_robot/install/interfaces_pkg/share/interfaces_pkg/package.bash'
[3.815s] INFO:colcon.colcon_core.shell:Creating package script '/home/jeff/theimc_robot/install/interfaces_pkg/share/interfaces_pkg/package.zsh'
[3.816s] Level 1:colcon.colcon_core.environment:create_file_with_runtime_dependencies(/home/jeff/theimc_robot/install/interfaces_pkg/share/colcon-core/packages/interfaces_pkg)
[3.817s] Level 1:colcon.colcon_core.environment:create_environment_scripts_only(sllidar_ros2)
[3.817s] Level 1:colcon.colcon_core.environment:checking '/home/jeff/theimc_robot/install/sllidar_ros2' for CMake module files
[3.819s] DEBUG:colcon.colcon_core.event_handler.log_command:Invoked command in '/home/jeff/theimc_robot/build/sllidar_ros2' returned '0': CMAKE_PREFIX_PATH=${CMAKE_PREFIX_PATH}:/home/jeff/theimc_robot/install/theimc_teleop:/home/jeff/theimc_robot/install/theimc_bringup:/home/jeff/theimc_robot/install/localizer_server:/home/jeff/theimc_robot/install/decision_making_pkg:/home/jeff/theimc_robot/install/debug_pkg:/home/jeff/theimc_robot/install/camera_perception_pkg:/opt/ros/humble /usr/bin/cmake --install /home/jeff/theimc_robot/build/sllidar_ros2
[3.820s] Level 1:colcon.colcon_core.environment:checking '/home/jeff/theimc_robot/install/sllidar_ros2' for CMake config files
[3.821s] Level 1:colcon.colcon_core.shell:create_environment_hook('sllidar_ros2', 'cmake_prefix_path')
[3.821s] INFO:colcon.colcon_core.shell:Creating environment hook '/home/jeff/theimc_robot/install/sllidar_ros2/share/sllidar_ros2/hook/cmake_prefix_path.ps1'
[3.822s] INFO:colcon.colcon_core.shell:Creating environment descriptor '/home/jeff/theimc_robot/install/sllidar_ros2/share/sllidar_ros2/hook/cmake_prefix_path.dsv'
[3.823s] INFO:colcon.colcon_core.shell:Creating environment hook '/home/jeff/theimc_robot/install/sllidar_ros2/share/sllidar_ros2/hook/cmake_prefix_path.sh'
[3.824s] Level 1:colcon.colcon_core.environment:checking '/home/jeff/theimc_robot/install/sllidar_ros2/lib'
[3.825s] Level 1:colcon.colcon_core.environment:checking '/home/jeff/theimc_robot/install/sllidar_ros2/bin'
[3.825s] Level 1:colcon.colcon_core.environment:checking '/home/jeff/theimc_robot/install/sllidar_ros2/lib/pkgconfig/sllidar_ros2.pc'
[3.825s] Level 1:colcon.colcon_core.environment:checking '/home/jeff/theimc_robot/install/sllidar_ros2/lib/python3.10/site-packages'
[3.826s] Level 1:colcon.colcon_core.environment:checking '/home/jeff/theimc_robot/install/sllidar_ros2/bin'
[3.827s] INFO:colcon.colcon_core.shell:Creating package script '/home/jeff/theimc_robot/install/sllidar_ros2/share/sllidar_ros2/package.ps1'
[3.828s] INFO:colcon.colcon_core.shell:Creating package descriptor '/home/jeff/theimc_robot/install/sllidar_ros2/share/sllidar_ros2/package.dsv'
[3.829s] INFO:colcon.colcon_core.shell:Creating package script '/home/jeff/theimc_robot/install/sllidar_ros2/share/sllidar_ros2/package.sh'
[3.830s] INFO:colcon.colcon_core.shell:Creating package script '/home/jeff/theimc_robot/install/sllidar_ros2/share/sllidar_ros2/package.bash'
[3.831s] INFO:colcon.colcon_core.shell:Creating package script '/home/jeff/theimc_robot/install/sllidar_ros2/share/sllidar_ros2/package.zsh'
[3.831s] Level 1:colcon.colcon_core.environment:create_file_with_runtime_dependencies(/home/jeff/theimc_robot/install/sllidar_ros2/share/colcon-core/packages/sllidar_ros2)
[3.833s] Level 1:colcon.colcon_core.environment:create_environment_scripts_only(sllidar_ros2)
[3.833s] Level 1:colcon.colcon_core.environment:checking '/home/jeff/theimc_robot/install/sllidar_ros2' for CMake module files
[3.834s] Level 1:colcon.colcon_core.environment:checking '/home/jeff/theimc_robot/install/sllidar_ros2' for CMake config files
[3.835s] Level 1:colcon.colcon_core.shell:create_environment_hook('sllidar_ros2', 'cmake_prefix_path')
[3.836s] INFO:colcon.colcon_core.shell:Creating environment hook '/home/jeff/theimc_robot/install/sllidar_ros2/share/sllidar_ros2/hook/cmake_prefix_path.ps1'
[3.837s] INFO:colcon.colcon_core.shell:Creating environment descriptor '/home/jeff/theimc_robot/install/sllidar_ros2/share/sllidar_ros2/hook/cmake_prefix_path.dsv'
[3.837s] INFO:colcon.colcon_core.shell:Creating environment hook '/home/jeff/theimc_robot/install/sllidar_ros2/share/sllidar_ros2/hook/cmake_prefix_path.sh'
[3.838s] Level 1:colcon.colcon_core.environment:checking '/home/jeff/theimc_robot/install/sllidar_ros2/lib'
[3.839s] Level 1:colcon.colcon_core.environment:checking '/home/jeff/theimc_robot/install/sllidar_ros2/bin'
[3.839s] Level 1:colcon.colcon_core.environment:checking '/home/jeff/theimc_robot/install/sllidar_ros2/lib/pkgconfig/sllidar_ros2.pc'
[3.839s] Level 1:colcon.colcon_core.environment:checking '/home/jeff/theimc_robot/install/sllidar_ros2/lib/python3.10/site-packages'
[3.840s] Level 1:colcon.colcon_core.environment:checking '/home/jeff/theimc_robot/install/sllidar_ros2/bin'
[3.840s] INFO:colcon.colcon_core.shell:Creating package script '/home/jeff/theimc_robot/install/sllidar_ros2/share/sllidar_ros2/package.ps1'
[3.842s] INFO:colcon.colcon_core.shell:Creating package descriptor '/home/jeff/theimc_robot/install/sllidar_ros2/share/sllidar_ros2/package.dsv'
[3.843s] INFO:colcon.colcon_core.shell:Creating package script '/home/jeff/theimc_robot/install/sllidar_ros2/share/sllidar_ros2/package.sh'
[3.844s] INFO:colcon.colcon_core.shell:Creating package script '/home/jeff/theimc_robot/install/sllidar_ros2/share/sllidar_ros2/package.bash'
[3.844s] INFO:colcon.colcon_core.shell:Creating package script '/home/jeff/theimc_robot/install/sllidar_ros2/share/sllidar_ros2/package.zsh'
[3.845s] Level 1:colcon.colcon_core.environment:create_file_with_runtime_dependencies(/home/jeff/theimc_robot/install/sllidar_ros2/share/colcon-core/packages/sllidar_ros2)
[3.847s] INFO:colcon.colcon_ros.task.ament_cmake.build:Building ROS package in '/home/jeff/theimc_robot/src/theimc_description' with build type 'ament_cmake'
[3.848s] INFO:colcon.colcon_cmake.task.cmake.build:Building CMake package in '/home/jeff/theimc_robot/src/theimc_description'
[3.848s] INFO:colcon.colcon_core.shell:Skip shell extension 'powershell' for command environment: Not usable outside of PowerShell
[3.848s] DEBUG:colcon.colcon_core.shell:Skip shell extension 'dsv' for command environment
[3.856s] INFO:colcon.colcon_ros.task.ament_python.build:Building ROS package in '/home/jeff/theimc_robot/src/theimc_teleop' with build type 'ament_python'
[3.856s] Level 1:colcon.colcon_core.shell:create_environment_hook('theimc_teleop', 'ament_prefix_path')
[3.857s] INFO:colcon.colcon_core.shell:Creating environment hook '/home/jeff/theimc_robot/install/theimc_teleop/share/theimc_teleop/hook/ament_prefix_path.ps1'
[3.858s] INFO:colcon.colcon_core.shell:Creating environment descriptor '/home/jeff/theimc_robot/install/theimc_teleop/share/theimc_teleop/hook/ament_prefix_path.dsv'
[3.858s] INFO:colcon.colcon_core.shell:Creating environment hook '/home/jeff/theimc_robot/install/theimc_teleop/share/theimc_teleop/hook/ament_prefix_path.sh'
[3.860s] INFO:colcon.colcon_core.shell:Skip shell extension 'powershell' for command environment: Not usable outside of PowerShell
[3.860s] DEBUG:colcon.colcon_core.shell:Skip shell extension 'dsv' for command environment
[3.872s] DEBUG:colcon.colcon_core.task.python.build:Available setuptools commands: install_scripts, build, register, check, setopt, build_ext, alias, install_data, bdist_dumb, build_scripts, bdist_egg, egg_info, clean, bdist_rpm, upload_docs, develop, install_lib, dist_info, rotate, symlink_data, install_headers, bdist_wheel, bdist, install_egg_info, build_py, install, upload, build_clib, sdist, test, saveopts, easy_install
[3.873s] DEBUG:colcon.colcon_core.task.python.build:Available setuptools commands: install_scripts, build, register, check, setopt, build_ext, alias, install_data, bdist_dumb, build_scripts, bdist_egg, egg_info, clean, bdist_rpm, upload_docs, develop, install_lib, dist_info, rotate, symlink_data, install_headers, bdist_wheel, bdist, install_egg_info, build_py, install, upload, build_clib, sdist, test, saveopts, easy_install
[3.874s] DEBUG:colcon.colcon_core.task.python.build:Available setuptools commands: install_scripts, build, register, check, setopt, build_ext, alias, install_data, bdist_dumb, build_scripts, bdist_egg, egg_info, clean, bdist_rpm, upload_docs, develop, install_lib, dist_info, rotate, symlink_data, install_headers, bdist_wheel, bdist, install_egg_info, build_py, install, upload, build_clib, sdist, test, saveopts, easy_install
[3.899s] DEBUG:colcon.colcon_core.event_handler.log_command:Invoking command in '/home/jeff/theimc_robot/build/theimc_description': CMAKE_PREFIX_PATH=${CMAKE_PREFIX_PATH}:/home/jeff/theimc_robot/install/theimc_teleop:/home/jeff/theimc_robot/install/theimc_bringup:/home/jeff/theimc_robot/install/localizer_server:/home/jeff/theimc_robot/install/decision_making_pkg:/home/jeff/theimc_robot/install/debug_pkg:/home/jeff/theimc_robot/install/camera_perception_pkg:/opt/ros/humble /usr/bin/cmake --build /home/jeff/theimc_robot/build/theimc_description -- -j6 -l6
[4.554s] INFO:colcon.colcon_core.task.python.build:Building Python package in '/home/jeff/theimc_robot/src/theimc_teleop'
[4.555s] INFO:colcon.colcon_core.shell:Skip shell extension 'powershell' for command environment: Not usable outside of PowerShell
[4.555s] DEBUG:colcon.colcon_core.shell:Skip shell extension 'dsv' for command environment
[4.568s] DEBUG:colcon.colcon_core.task.python.build:Available setuptools 'develop' options: --help, --build-directory, --no-deps, --find-links, --uninstall, --no-user-cfg, --dry-run, --version, --zip-ok, --allow-hosts, --egg-path, --multi-version, --record, --editable, --verbose, --install-layout, --no-find-links, --site-dirs, --force-installation-into-system-dir, --exclude-scripts, --user, --always-unzip, --optimize, --always-copy, --index-url, --install-dir, --quiet, --prefix, --script-dir, --local-snapshots-ok, --upgrade
[4.572s] DEBUG:colcon.colcon_core.event_handler.log_command:Invoking command in '/home/jeff/theimc_robot/build/debug_pkg': PYTHONPATH=/home/jeff/theimc_robot/build/debug_pkg/prefix_override:/usr/lib/python3/dist-packages/colcon_core/task/python/colcon_distutils_commands:/home/jeff/theimc_robot/install/debug_pkg/lib/python3.10/site-packages:${PYTHONPATH} /usr/bin/python3 -W ignore:setup.py install is deprecated -W ignore:easy_install command is deprecated setup.py develop --editable --build-directory /home/jeff/theimc_robot/build/debug_pkg/build --no-deps symlink_data
[4.574s] DEBUG:colcon.colcon_core.event_handler.log_command:Invoked command in '/home/jeff/theimc_robot/build/theimc_description' returned '0': CMAKE_PREFIX_PATH=${CMAKE_PREFIX_PATH}:/home/jeff/theimc_robot/install/theimc_teleop:/home/jeff/theimc_robot/install/theimc_bringup:/home/jeff/theimc_robot/install/localizer_server:/home/jeff/theimc_robot/install/decision_making_pkg:/home/jeff/theimc_robot/install/debug_pkg:/home/jeff/theimc_robot/install/camera_perception_pkg:/opt/ros/humble /usr/bin/cmake --build /home/jeff/theimc_robot/build/theimc_description -- -j6 -l6
[4.577s] DEBUG:colcon.colcon_core.event_handler.log_command:Invoking command in '/home/jeff/theimc_robot/build/theimc_description': CMAKE_PREFIX_PATH=${CMAKE_PREFIX_PATH}:/home/jeff/theimc_robot/install/theimc_teleop:/home/jeff/theimc_robot/install/theimc_bringup:/home/jeff/theimc_robot/install/localizer_server:/home/jeff/theimc_robot/install/decision_making_pkg:/home/jeff/theimc_robot/install/debug_pkg:/home/jeff/theimc_robot/install/camera_perception_pkg:/opt/ros/humble /usr/bin/cmake --install /home/jeff/theimc_robot/build/theimc_description
[4.587s] DEBUG:colcon.colcon_core.task.python.build:Available setuptools 'develop' options: --help, --build-directory, --no-deps, --find-links, --uninstall, --no-user-cfg, --dry-run, --version, --zip-ok, --allow-hosts, --egg-path, --multi-version, --record, --editable, --verbose, --install-layout, --no-find-links, --site-dirs, --force-installation-into-system-dir, --exclude-scripts, --user, --always-unzip, --optimize, --always-copy, --index-url, --install-dir, --quiet, --prefix, --script-dir, --local-snapshots-ok, --upgrade
[4.591s] DEBUG:colcon.colcon_core.event_handler.log_command:Invoking command in '/home/jeff/theimc_robot/build/localizer_server': PYTHONPATH=/home/jeff/theimc_robot/build/localizer_server/prefix_override:/usr/lib/python3/dist-packages/colcon_core/task/python/colcon_distutils_commands:/home/jeff/theimc_robot/install/localizer_server/lib/python3.10/site-packages:${PYTHONPATH} /usr/bin/python3 -W ignore:setup.py install is deprecated -W ignore:easy_install command is deprecated setup.py develop --editable --build-directory /home/jeff/theimc_robot/build/localizer_server/build --no-deps symlink_data
[4.592s] DEBUG:colcon.colcon_core.task.python.build:Available setuptools 'develop' options: --help, --build-directory, --no-deps, --find-links, --uninstall, --no-user-cfg, --dry-run, --version, --zip-ok, --allow-hosts, --egg-path, --multi-version, --record, --editable, --verbose, --install-layout, --no-find-links, --site-dirs, --force-installation-into-system-dir, --exclude-scripts, --user, --always-unzip, --optimize, --always-copy, --index-url, --install-dir, --quiet, --prefix, --script-dir, --local-snapshots-ok, --upgrade
[4.596s] DEBUG:colcon.colcon_core.event_handler.log_command:Invoking command in '/home/jeff/theimc_robot/build/camera_perception_pkg': PYTHONPATH=/home/jeff/theimc_robot/build/camera_perception_pkg/prefix_override:/usr/lib/python3/dist-packages/colcon_core/task/python/colcon_distutils_commands:/home/jeff/theimc_robot/install/camera_perception_pkg/lib/python3.10/site-packages:${PYTHONPATH} /usr/bin/python3 -W ignore:setup.py install is deprecated -W ignore:easy_install command is deprecated setup.py develop --editable --build-directory /home/jeff/theimc_robot/build/camera_perception_pkg/build --no-deps symlink_data
[4.633s] Level 1:colcon.colcon_core.environment:create_environment_scripts_only(theimc_description)
[4.634s] Level 1:colcon.colcon_core.environment:checking '/home/jeff/theimc_robot/install/theimc_description' for CMake module files
[4.635s] DEBUG:colcon.colcon_core.event_handler.log_command:Invoked command in '/home/jeff/theimc_robot/build/theimc_description' returned '0': CMAKE_PREFIX_PATH=${CMAKE_PREFIX_PATH}:/home/jeff/theimc_robot/install/theimc_teleop:/home/jeff/theimc_robot/install/theimc_bringup:/home/jeff/theimc_robot/install/localizer_server:/home/jeff/theimc_robot/install/decision_making_pkg:/home/jeff/theimc_robot/install/debug_pkg:/home/jeff/theimc_robot/install/camera_perception_pkg:/opt/ros/humble /usr/bin/cmake --install /home/jeff/theimc_robot/build/theimc_description
[4.636s] Level 1:colcon.colcon_core.environment:checking '/home/jeff/theimc_robot/install/theimc_description' for CMake config files
[4.637s] Level 1:colcon.colcon_core.shell:create_environment_hook('theimc_description', 'cmake_prefix_path')
[4.638s] INFO:colcon.colcon_core.shell:Creating environment hook '/home/jeff/theimc_robot/install/theimc_description/share/theimc_description/hook/cmake_prefix_path.ps1'
[4.639s] INFO:colcon.colcon_core.shell:Creating environment descriptor '/home/jeff/theimc_robot/install/theimc_description/share/theimc_description/hook/cmake_prefix_path.dsv'
[4.640s] INFO:colcon.colcon_core.shell:Creating environment hook '/home/jeff/theimc_robot/install/theimc_description/share/theimc_description/hook/cmake_prefix_path.sh'
[4.641s] Level 1:colcon.colcon_core.environment:checking '/home/jeff/theimc_robot/install/theimc_description/bin'
[4.642s] Level 1:colcon.colcon_core.environment:checking '/home/jeff/theimc_robot/install/theimc_description/lib/pkgconfig/theimc_description.pc'
[4.642s] Level 1:colcon.colcon_core.environment:checking '/home/jeff/theimc_robot/install/theimc_description/lib/python3.10/site-packages'
[4.643s] Level 1:colcon.colcon_core.environment:checking '/home/jeff/theimc_robot/install/theimc_description/bin'
[4.644s] INFO:colcon.colcon_core.shell:Creating package script '/home/jeff/theimc_robot/install/theimc_description/share/theimc_description/package.ps1'
[4.645s] INFO:colcon.colcon_core.shell:Creating package descriptor '/home/jeff/theimc_robot/install/theimc_description/share/theimc_description/package.dsv'
[4.655s] INFO:colcon.colcon_core.shell:Creating package script '/home/jeff/theimc_robot/install/theimc_description/share/theimc_description/package.sh'
[4.657s] INFO:colcon.colcon_core.shell:Creating package script '/home/jeff/theimc_robot/install/theimc_description/share/theimc_description/package.bash'
[4.658s] INFO:colcon.colcon_core.shell:Creating package script '/home/jeff/theimc_robot/install/theimc_description/share/theimc_description/package.zsh'
[4.660s] Level 1:colcon.colcon_core.environment:create_file_with_runtime_dependencies(/home/jeff/theimc_robot/install/theimc_description/share/colcon-core/packages/theimc_description)
[4.662s] Level 1:colcon.colcon_core.environment:create_environment_scripts_only(theimc_description)
[4.662s] Level 1:colcon.colcon_core.environment:checking '/home/jeff/theimc_robot/install/theimc_description' for CMake module files
[4.663s] Level 1:colcon.colcon_core.environment:checking '/home/jeff/theimc_robot/install/theimc_description' for CMake config files
[4.664s] Level 1:colcon.colcon_core.shell:create_environment_hook('theimc_description', 'cmake_prefix_path')
[4.665s] INFO:colcon.colcon_core.shell:Creating environment hook '/home/jeff/theimc_robot/install/theimc_description/share/theimc_description/hook/cmake_prefix_path.ps1'
[4.667s] INFO:colcon.colcon_core.shell:Creating environment descriptor '/home/jeff/theimc_robot/install/theimc_description/share/theimc_description/hook/cmake_prefix_path.dsv'
[4.668s] INFO:colcon.colcon_core.shell:Creating environment hook '/home/jeff/theimc_robot/install/theimc_description/share/theimc_description/hook/cmake_prefix_path.sh'
[4.670s] Level 1:colcon.colcon_core.environment:checking '/home/jeff/theimc_robot/install/theimc_description/bin'
[4.670s] Level 1:colcon.colcon_core.environment:checking '/home/jeff/theimc_robot/install/theimc_description/lib/pkgconfig/theimc_description.pc'
[4.671s] Level 1:colcon.colcon_core.environment:checking '/home/jeff/theimc_robot/install/theimc_description/lib/python3.10/site-packages'
[4.672s] Level 1:colcon.colcon_core.environment:checking '/home/jeff/theimc_robot/install/theimc_description/bin'
[4.672s] INFO:colcon.colcon_core.shell:Creating package script '/home/jeff/theimc_robot/install/theimc_description/share/theimc_description/package.ps1'
[4.675s] INFO:colcon.colcon_core.shell:Creating package descriptor '/home/jeff/theimc_robot/install/theimc_description/share/theimc_description/package.dsv'
[4.676s] INFO:colcon.colcon_core.shell:Creating package script '/home/jeff/theimc_robot/install/theimc_description/share/theimc_description/package.sh'
[4.678s] INFO:colcon.colcon_core.shell:Creating package script '/home/jeff/theimc_robot/install/theimc_description/share/theimc_description/package.bash'
[4.679s] INFO:colcon.colcon_core.shell:Creating package script '/home/jeff/theimc_robot/install/theimc_description/share/theimc_description/package.zsh'
[4.681s] Level 1:colcon.colcon_core.environment:create_file_with_runtime_dependencies(/home/jeff/theimc_robot/install/theimc_description/share/colcon-core/packages/theimc_description)
[4.683s] INFO:colcon.colcon_ros.task.ament_python.build:Building ROS package in '/home/jeff/theimc_robot/src/decision_making_pkg' with build type 'ament_python'
[4.683s] Level 1:colcon.colcon_core.shell:create_environment_hook('decision_making_pkg', 'ament_prefix_path')
[4.684s] INFO:colcon.colcon_core.shell:Creating environment hook '/home/jeff/theimc_robot/install/decision_making_pkg/share/decision_making_pkg/hook/ament_prefix_path.ps1'
[4.686s] INFO:colcon.colcon_core.shell:Creating environment descriptor '/home/jeff/theimc_robot/install/decision_making_pkg/share/decision_making_pkg/hook/ament_prefix_path.dsv'
[4.687s] INFO:colcon.colcon_core.shell:Creating environment hook '/home/jeff/theimc_robot/install/decision_making_pkg/share/decision_making_pkg/hook/ament_prefix_path.sh'
[4.689s] INFO:colcon.colcon_core.shell:Skip shell extension 'powershell' for command environment: Not usable outside of PowerShell
[4.689s] DEBUG:colcon.colcon_core.shell:Skip shell extension 'dsv' for command environment
[5.347s] INFO:colcon.colcon_core.task.python.build:Building Python package in '/home/jeff/theimc_robot/src/decision_making_pkg'
[5.348s] INFO:colcon.colcon_core.shell:Skip shell extension 'powershell' for command environment: Not usable outside of PowerShell
[5.348s] DEBUG:colcon.colcon_core.shell:Skip shell extension 'dsv' for command environment
[5.359s] DEBUG:colcon.colcon_core.task.python.build:Available setuptools commands: install_scripts, build, register, check, setopt, build_ext, alias, install_data, bdist_dumb, build_scripts, bdist_egg, egg_info, clean, bdist_rpm, upload_docs, develop, install_lib, dist_info, rotate, symlink_data, install_headers, bdist_wheel, bdist, install_egg_info, build_py, install, upload, build_clib, sdist, test, saveopts, easy_install
[5.446s] DEBUG:colcon.colcon_core.task.python.build:Available setuptools commands: install_scripts, build, register, check, setopt, build_ext, alias, install_data, bdist_dumb, build_scripts, bdist_egg, egg_info, clean, bdist_rpm, upload_docs, develop, install_lib, dist_info, rotate, symlink_data, install_headers, bdist_wheel, bdist, install_egg_info, build_py, install, upload, build_clib, sdist, test, saveopts, easy_install
[5.707s] Level 1:colcon.colcon_core.shell:create_environment_hook('debug_pkg', 'pythonpath_develop')
[5.708s] INFO:colcon.colcon_core.shell:Creating environment hook '/home/jeff/theimc_robot/build/debug_pkg/share/debug_pkg/hook/pythonpath_develop.ps1'
[5.710s] DEBUG:colcon.colcon_core.event_handler.log_command:Invoked command in '/home/jeff/theimc_robot/build/debug_pkg' returned '0': PYTHONPATH=/home/jeff/theimc_robot/build/debug_pkg/prefix_override:/usr/lib/python3/dist-packages/colcon_core/task/python/colcon_distutils_commands:/home/jeff/theimc_robot/install/debug_pkg/lib/python3.10/site-packages:${PYTHONPATH} /usr/bin/python3 -W ignore:setup.py install is deprecated -W ignore:easy_install command is deprecated setup.py develop --editable --build-directory /home/jeff/theimc_robot/build/debug_pkg/build --no-deps symlink_data
[5.712s] INFO:colcon.colcon_core.shell:Creating environment descriptor '/home/jeff/theimc_robot/build/debug_pkg/share/debug_pkg/hook/pythonpath_develop.dsv'
[5.713s] INFO:colcon.colcon_core.shell:Creating environment hook '/home/jeff/theimc_robot/build/debug_pkg/share/debug_pkg/hook/pythonpath_develop.sh'
[5.715s] Level 1:colcon.colcon_core.environment:checking '/home/jeff/theimc_robot/install/debug_pkg' for CMake module files
[5.716s] Level 1:colcon.colcon_core.environment:checking '/home/jeff/theimc_robot/install/debug_pkg' for CMake config files
[5.717s] Level 1:colcon.colcon_core.environment:checking '/home/jeff/theimc_robot/install/debug_pkg/lib'
[5.717s] Level 1:colcon.colcon_core.environment:checking '/home/jeff/theimc_robot/install/debug_pkg/bin'
[5.717s] Level 1:colcon.colcon_core.environment:checking '/home/jeff/theimc_robot/install/debug_pkg/lib/pkgconfig/debug_pkg.pc'
[5.718s] Level 1:colcon.colcon_core.environment:checking '/home/jeff/theimc_robot/install/debug_pkg/lib/python3.10/site-packages'
[5.718s] Level 1:colcon.colcon_core.shell:create_environment_hook('debug_pkg', 'pythonpath')
[5.719s] INFO:colcon.colcon_core.shell:Creating environment hook '/home/jeff/theimc_robot/install/debug_pkg/share/debug_pkg/hook/pythonpath.ps1'
[5.721s] INFO:colcon.colcon_core.shell:Creating environment descriptor '/home/jeff/theimc_robot/install/debug_pkg/share/debug_pkg/hook/pythonpath.dsv'
[5.722s] INFO:colcon.colcon_core.shell:Creating environment hook '/home/jeff/theimc_robot/install/debug_pkg/share/debug_pkg/hook/pythonpath.sh'
[5.725s] Level 1:colcon.colcon_core.environment:checking '/home/jeff/theimc_robot/install/debug_pkg/bin'
[5.725s] Level 1:colcon.colcon_core.environment:create_environment_scripts_only(debug_pkg)
[5.726s] INFO:colcon.colcon_core.shell:Creating package script '/home/jeff/theimc_robot/install/debug_pkg/share/debug_pkg/package.ps1'
[5.728s] INFO:colcon.colcon_core.shell:Creating package descriptor '/home/jeff/theimc_robot/install/debug_pkg/share/debug_pkg/package.dsv'
[5.730s] INFO:colcon.colcon_core.shell:Creating package script '/home/jeff/theimc_robot/install/debug_pkg/share/debug_pkg/package.sh'
[5.732s] INFO:colcon.colcon_core.shell:Creating package script '/home/jeff/theimc_robot/install/debug_pkg/share/debug_pkg/package.bash'
[5.733s] INFO:colcon.colcon_core.shell:Creating package script '/home/jeff/theimc_robot/install/debug_pkg/share/debug_pkg/package.zsh'
[5.734s] Level 1:colcon.colcon_core.environment:create_file_with_runtime_dependencies(/home/jeff/theimc_robot/install/debug_pkg/share/colcon-core/packages/debug_pkg)
[5.737s] INFO:colcon.colcon_ros.task.ament_cmake.build:Building ROS package in '/home/jeff/theimc_robot/src/theimc_bt_nodes' with build type 'ament_cmake'
[5.738s] INFO:colcon.colcon_cmake.task.cmake.build:Building CMake package in '/home/jeff/theimc_robot/src/theimc_bt_nodes'
[5.739s] INFO:colcon.colcon_core.shell:Skip shell extension 'powershell' for command environment: Not usable outside of PowerShell
[5.739s] DEBUG:colcon.colcon_core.shell:Skip shell extension 'dsv' for command environment
[5.767s] DEBUG:colcon.colcon_core.event_handler.log_command:Invoking command in '/home/jeff/theimc_robot/build/theimc_bt_nodes': CMAKE_PREFIX_PATH=/home/jeff/theimc_robot/install/theimc_navigation2:/home/jeff/theimc_robot/install/interfaces_pkg:/home/jeff/theimc_robot/install/theimc_bt_nodes:/home/jeff/theimc_robot/install/theimc_description:/home/jeff/theimc_robot/install/sllidar_ros2:/home/jeff/theimc_robot/install/theimc_teleop:/home/jeff/theimc_robot/install/theimc_bringup:/home/jeff/theimc_robot/install/localizer_server:/home/jeff/theimc_robot/install/decision_making_pkg:/home/jeff/theimc_robot/install/debug_pkg:/home/jeff/theimc_robot/install/camera_perception_pkg:/opt/ros/humble LD_LIBRARY_PATH=/home/jeff/theimc_robot/install/theimc_navigation2/lib:/home/jeff/theimc_robot/install/interfaces_pkg/lib:/usr/local/cuda/lib64:/home/jeff/theimc_robot/install/theimc_bt_nodes/lib:/opt/ros/humble/opt/rviz_ogre_vendor/lib:/opt/ros/humble/lib/aarch64-linux-gnu:/opt/ros/humble/lib /usr/bin/cmake --build /home/jeff/theimc_robot/build/theimc_bt_nodes -- -j6 -l6
[5.777s] Level 1:colcon.colcon_core.shell:create_environment_hook('camera_perception_pkg', 'pythonpath_develop')
[5.778s] INFO:colcon.colcon_core.shell:Creating environment hook '/home/jeff/theimc_robot/build/camera_perception_pkg/share/camera_perception_pkg/hook/pythonpath_develop.ps1'
[5.778s] DEBUG:colcon.colcon_core.event_handler.log_command:Invoked command in '/home/jeff/theimc_robot/build/camera_perception_pkg' returned '0': PYTHONPATH=/home/jeff/theimc_robot/build/camera_perception_pkg/prefix_override:/usr/lib/python3/dist-packages/colcon_core/task/python/colcon_distutils_commands:/home/jeff/theimc_robot/install/camera_perception_pkg/lib/python3.10/site-packages:${PYTHONPATH} /usr/bin/python3 -W ignore:setup.py install is deprecated -W ignore:easy_install command is deprecated setup.py develop --editable --build-directory /home/jeff/theimc_robot/build/camera_perception_pkg/build --no-deps symlink_data
[5.780s] INFO:colcon.colcon_core.shell:Creating environment descriptor '/home/jeff/theimc_robot/build/camera_perception_pkg/share/camera_perception_pkg/hook/pythonpath_develop.dsv'
[5.781s] INFO:colcon.colcon_core.shell:Creating environment hook '/home/jeff/theimc_robot/build/camera_perception_pkg/share/camera_perception_pkg/hook/pythonpath_develop.sh'
[5.782s] Level 1:colcon.colcon_core.environment:checking '/home/jeff/theimc_robot/install/camera_perception_pkg' for CMake module files
[5.783s] Level 1:colcon.colcon_core.environment:checking '/home/jeff/theimc_robot/install/camera_perception_pkg' for CMake config files
[5.784s] Level 1:colcon.colcon_core.environment:checking '/home/jeff/theimc_robot/install/camera_perception_pkg/lib'
[5.784s] Level 1:colcon.colcon_core.environment:checking '/home/jeff/theimc_robot/install/camera_perception_pkg/bin'
[5.784s] Level 1:colcon.colcon_core.environment:checking '/home/jeff/theimc_robot/install/camera_perception_pkg/lib/pkgconfig/camera_perception_pkg.pc'
[5.785s] Level 1:colcon.colcon_core.environment:checking '/home/jeff/theimc_robot/install/camera_perception_pkg/lib/python3.10/site-packages'
[5.785s] Level 1:colcon.colcon_core.shell:create_environment_hook('camera_perception_pkg', 'pythonpath')
[5.785s] INFO:colcon.colcon_core.shell:Creating environment hook '/home/jeff/theimc_robot/install/camera_perception_pkg/share/camera_perception_pkg/hook/pythonpath.ps1'
[5.786s] INFO:colcon.colcon_core.shell:Creating environment descriptor '/home/jeff/theimc_robot/install/camera_perception_pkg/share/camera_perception_pkg/hook/pythonpath.dsv'
[5.787s] INFO:colcon.colcon_core.shell:Creating environment hook '/home/jeff/theimc_robot/install/camera_perception_pkg/share/camera_perception_pkg/hook/pythonpath.sh'
[5.789s] Level 1:colcon.colcon_core.environment:checking '/home/jeff/theimc_robot/install/camera_perception_pkg/bin'
[5.789s] Level 1:colcon.colcon_core.environment:create_environment_scripts_only(camera_perception_pkg)
[5.790s] INFO:colcon.colcon_core.shell:Creating package script '/home/jeff/theimc_robot/install/camera_perception_pkg/share/camera_perception_pkg/package.ps1'
[5.791s] INFO:colcon.colcon_core.shell:Creating package descriptor '/home/jeff/theimc_robot/install/camera_perception_pkg/share/camera_perception_pkg/package.dsv'
[5.792s] INFO:colcon.colcon_core.shell:Creating package script '/home/jeff/theimc_robot/install/camera_perception_pkg/share/camera_perception_pkg/package.sh'
[5.793s] INFO:colcon.colcon_core.shell:Creating package script '/home/jeff/theimc_robot/install/camera_perception_pkg/share/camera_perception_pkg/package.bash'
[5.794s] INFO:colcon.colcon_core.shell:Creating package script '/home/jeff/theimc_robot/install/camera_perception_pkg/share/camera_perception_pkg/package.zsh'
[5.795s] Level 1:colcon.colcon_core.environment:create_file_with_runtime_dependencies(/home/jeff/theimc_robot/install/camera_perception_pkg/share/colcon-core/packages/camera_perception_pkg)
[5.797s] Level 1:colcon.colcon_core.shell:create_environment_hook('localizer_server', 'pythonpath_develop')
[5.797s] DEBUG:colcon.colcon_core.event_handler.log_command:Invoked command in '/home/jeff/theimc_robot/build/localizer_server' returned '0': PYTHONPATH=/home/jeff/theimc_robot/build/localizer_server/prefix_override:/usr/lib/python3/dist-packages/colcon_core/task/python/colcon_distutils_commands:/home/jeff/theimc_robot/install/localizer_server/lib/python3.10/site-packages:${PYTHONPATH} /usr/bin/python3 -W ignore:setup.py install is deprecated -W ignore:easy_install command is deprecated setup.py develop --editable --build-directory /home/jeff/theimc_robot/build/localizer_server/build --no-deps symlink_data
[5.798s] INFO:colcon.colcon_core.shell:Creating environment hook '/home/jeff/theimc_robot/build/localizer_server/share/localizer_server/hook/pythonpath_develop.ps1'
[5.799s] INFO:colcon.colcon_core.shell:Creating environment descriptor '/home/jeff/theimc_robot/build/localizer_server/share/localizer_server/hook/pythonpath_develop.dsv'
[5.800s] INFO:colcon.colcon_core.shell:Creating environment hook '/home/jeff/theimc_robot/build/localizer_server/share/localizer_server/hook/pythonpath_develop.sh'
[5.801s] Level 1:colcon.colcon_core.environment:checking '/home/jeff/theimc_robot/install/localizer_server' for CMake module files
[5.802s] Level 1:colcon.colcon_core.environment:checking '/home/jeff/theimc_robot/install/localizer_server' for CMake config files
[5.803s] Level 1:colcon.colcon_core.environment:checking '/home/jeff/theimc_robot/install/localizer_server/lib'
[5.803s] Level 1:colcon.colcon_core.environment:checking '/home/jeff/theimc_robot/install/localizer_server/bin'
[5.803s] Level 1:colcon.colcon_core.environment:checking '/home/jeff/theimc_robot/install/localizer_server/lib/pkgconfig/localizer_server.pc'
[5.804s] Level 1:colcon.colcon_core.environment:checking '/home/jeff/theimc_robot/install/localizer_server/lib/python3.10/site-packages'
[5.804s] Level 1:colcon.colcon_core.shell:create_environment_hook('localizer_server', 'pythonpath')
[5.804s] INFO:colcon.colcon_core.shell:Creating environment hook '/home/jeff/theimc_robot/install/localizer_server/share/localizer_server/hook/pythonpath.ps1'
[5.806s] INFO:colcon.colcon_core.shell:Creating environment descriptor '/home/jeff/theimc_robot/install/localizer_server/share/localizer_server/hook/pythonpath.dsv'
[5.806s] INFO:colcon.colcon_core.shell:Creating environment hook '/home/jeff/theimc_robot/install/localizer_server/share/localizer_server/hook/pythonpath.sh'
[5.808s] Level 1:colcon.colcon_core.environment:checking '/home/jeff/theimc_robot/install/localizer_server/bin'
[5.808s] Level 1:colcon.colcon_core.environment:create_environment_scripts_only(localizer_server)
[5.809s] INFO:colcon.colcon_core.shell:Creating package script '/home/jeff/theimc_robot/install/localizer_server/share/localizer_server/package.ps1'
[5.810s] INFO:colcon.colcon_core.shell:Creating package descriptor '/home/jeff/theimc_robot/install/localizer_server/share/localizer_server/package.dsv'
[5.812s] INFO:colcon.colcon_core.shell:Creating package script '/home/jeff/theimc_robot/install/localizer_server/share/localizer_server/package.sh'
[5.813s] INFO:colcon.colcon_core.shell:Creating package script '/home/jeff/theimc_robot/install/localizer_server/share/localizer_server/package.bash'
[5.814s] INFO:colcon.colcon_core.shell:Creating package script '/home/jeff/theimc_robot/install/localizer_server/share/localizer_server/package.zsh'
[5.814s] Level 1:colcon.colcon_core.environment:create_file_with_runtime_dependencies(/home/jeff/theimc_robot/install/localizer_server/share/colcon-core/packages/localizer_server)
[6.016s] DEBUG:colcon.colcon_core.event_handler.log_command:Invoked command in '/home/jeff/theimc_robot/build/theimc_bt_nodes' returned '0': CMAKE_PREFIX_PATH=/home/jeff/theimc_robot/install/theimc_navigation2:/home/jeff/theimc_robot/install/interfaces_pkg:/home/jeff/theimc_robot/install/theimc_bt_nodes:/home/jeff/theimc_robot/install/theimc_description:/home/jeff/theimc_robot/install/sllidar_ros2:/home/jeff/theimc_robot/install/theimc_teleop:/home/jeff/theimc_robot/install/theimc_bringup:/home/jeff/theimc_robot/install/localizer_server:/home/jeff/theimc_robot/install/decision_making_pkg:/home/jeff/theimc_robot/install/debug_pkg:/home/jeff/theimc_robot/install/camera_perception_pkg:/opt/ros/humble LD_LIBRARY_PATH=/home/jeff/theimc_robot/install/theimc_navigation2/lib:/home/jeff/theimc_robot/install/interfaces_pkg/lib:/usr/local/cuda/lib64:/home/jeff/theimc_robot/install/theimc_bt_nodes/lib:/opt/ros/humble/opt/rviz_ogre_vendor/lib:/opt/ros/humble/lib/aarch64-linux-gnu:/opt/ros/humble/lib /usr/bin/cmake --build /home/jeff/theimc_robot/build/theimc_bt_nodes -- -j6 -l6
[6.019s] DEBUG:colcon.colcon_core.event_handler.log_command:Invoking command in '/home/jeff/theimc_robot/build/theimc_bt_nodes': CMAKE_PREFIX_PATH=/home/jeff/theimc_robot/install/theimc_navigation2:/home/jeff/theimc_robot/install/interfaces_pkg:/home/jeff/theimc_robot/install/theimc_bt_nodes:/home/jeff/theimc_robot/install/theimc_description:/home/jeff/theimc_robot/install/sllidar_ros2:/home/jeff/theimc_robot/install/theimc_teleop:/home/jeff/theimc_robot/install/theimc_bringup:/home/jeff/theimc_robot/install/localizer_server:/home/jeff/theimc_robot/install/decision_making_pkg:/home/jeff/theimc_robot/install/debug_pkg:/home/jeff/theimc_robot/install/camera_perception_pkg:/opt/ros/humble LD_LIBRARY_PATH=/home/jeff/theimc_robot/install/theimc_navigation2/lib:/home/jeff/theimc_robot/install/interfaces_pkg/lib:/usr/local/cuda/lib64:/home/jeff/theimc_robot/install/theimc_bt_nodes/lib:/opt/ros/humble/opt/rviz_ogre_vendor/lib:/opt/ros/humble/lib/aarch64-linux-gnu:/opt/ros/humble/lib /usr/bin/cmake --install /home/jeff/theimc_robot/build/theimc_bt_nodes
[6.071s] Level 1:colcon.colcon_core.environment:create_environment_scripts_only(theimc_bt_nodes)
[6.071s] Level 1:colcon.colcon_core.environment:checking '/home/jeff/theimc_robot/install/theimc_bt_nodes' for CMake module files
[6.072s] DEBUG:colcon.colcon_core.event_handler.log_command:Invoked command in '/home/jeff/theimc_robot/build/theimc_bt_nodes' returned '0': CMAKE_PREFIX_PATH=/home/jeff/theimc_robot/install/theimc_navigation2:/home/jeff/theimc_robot/install/interfaces_pkg:/home/jeff/theimc_robot/install/theimc_bt_nodes:/home/jeff/theimc_robot/install/theimc_description:/home/jeff/theimc_robot/install/sllidar_ros2:/home/jeff/theimc_robot/install/theimc_teleop:/home/jeff/theimc_robot/install/theimc_bringup:/home/jeff/theimc_robot/install/localizer_server:/home/jeff/theimc_robot/install/decision_making_pkg:/home/jeff/theimc_robot/install/debug_pkg:/home/jeff/theimc_robot/install/camera_perception_pkg:/opt/ros/humble LD_LIBRARY_PATH=/home/jeff/theimc_robot/install/theimc_navigation2/lib:/home/jeff/theimc_robot/install/interfaces_pkg/lib:/usr/local/cuda/lib64:/home/jeff/theimc_robot/install/theimc_bt_nodes/lib:/opt/ros/humble/opt/rviz_ogre_vendor/lib:/opt/ros/humble/lib/aarch64-linux-gnu:/opt/ros/humble/lib /usr/bin/cmake --install /home/jeff/theimc_robot/build/theimc_bt_nodes
[6.073s] Level 1:colcon.colcon_core.environment:checking '/home/jeff/theimc_robot/install/theimc_bt_nodes' for CMake config files
[6.074s] Level 1:colcon.colcon_core.shell:create_environment_hook('theimc_bt_nodes', 'cmake_prefix_path')
[6.075s] INFO:colcon.colcon_core.shell:Creating environment hook '/home/jeff/theimc_robot/install/theimc_bt_nodes/share/theimc_bt_nodes/hook/cmake_prefix_path.ps1'
[6.076s] INFO:colcon.colcon_core.shell:Creating environment descriptor '/home/jeff/theimc_robot/install/theimc_bt_nodes/share/theimc_bt_nodes/hook/cmake_prefix_path.dsv'
[6.077s] INFO:colcon.colcon_core.shell:Creating environment hook '/home/jeff/theimc_robot/install/theimc_bt_nodes/share/theimc_bt_nodes/hook/cmake_prefix_path.sh'
[6.079s] Level 1:colcon.colcon_core.environment:checking '/home/jeff/theimc_robot/install/theimc_bt_nodes/lib'
[6.079s] Level 1:colcon.colcon_core.shell:create_environment_hook('theimc_bt_nodes', 'ld_library_path_lib')
[6.080s] INFO:colcon.colcon_core.shell:Creating environment hook '/home/jeff/theimc_robot/install/theimc_bt_nodes/share/theimc_bt_nodes/hook/ld_library_path_lib.ps1'
[6.081s] INFO:colcon.colcon_core.shell:Creating environment descriptor '/home/jeff/theimc_robot/install/theimc_bt_nodes/share/theimc_bt_nodes/hook/ld_library_path_lib.dsv'
[6.082s] INFO:colcon.colcon_core.shell:Creating environment hook '/home/jeff/theimc_robot/install/theimc_bt_nodes/share/theimc_bt_nodes/hook/ld_library_path_lib.sh'
[6.083s] Level 1:colcon.colcon_core.environment:checking '/home/jeff/theimc_robot/install/theimc_bt_nodes/bin'
[6.083s] Level 1:colcon.colcon_core.environment:checking '/home/jeff/theimc_robot/install/theimc_bt_nodes/lib/pkgconfig/theimc_bt_nodes.pc'
[6.083s] Level 1:colcon.colcon_core.environment:checking '/home/jeff/theimc_robot/install/theimc_bt_nodes/lib/python3.10/site-packages'
[6.084s] Level 1:colcon.colcon_core.environment:checking '/home/jeff/theimc_robot/install/theimc_bt_nodes/bin'
[6.085s] INFO:colcon.colcon_core.shell:Creating package script '/home/jeff/theimc_robot/install/theimc_bt_nodes/share/theimc_bt_nodes/package.ps1'
[6.087s] INFO:colcon.colcon_core.shell:Creating package descriptor '/home/jeff/theimc_robot/install/theimc_bt_nodes/share/theimc_bt_nodes/package.dsv'
[6.088s] INFO:colcon.colcon_core.shell:Creating package script '/home/jeff/theimc_robot/install/theimc_bt_nodes/share/theimc_bt_nodes/package.sh'
[6.089s] INFO:colcon.colcon_core.shell:Creating package script '/home/jeff/theimc_robot/install/theimc_bt_nodes/share/theimc_bt_nodes/package.bash'
[6.090s] INFO:colcon.colcon_core.shell:Creating package script '/home/jeff/theimc_robot/install/theimc_bt_nodes/share/theimc_bt_nodes/package.zsh'
[6.090s] Level 1:colcon.colcon_core.environment:create_file_with_runtime_dependencies(/home/jeff/theimc_robot/install/theimc_bt_nodes/share/colcon-core/packages/theimc_bt_nodes)
[6.092s] Level 1:colcon.colcon_core.environment:create_environment_scripts_only(theimc_bt_nodes)
[6.092s] Level 1:colcon.colcon_core.environment:checking '/home/jeff/theimc_robot/install/theimc_bt_nodes' for CMake module files
[6.093s] Level 1:colcon.colcon_core.environment:checking '/home/jeff/theimc_robot/install/theimc_bt_nodes' for CMake config files
[6.095s] Level 1:colcon.colcon_core.shell:create_environment_hook('theimc_bt_nodes', 'cmake_prefix_path')
[6.095s] INFO:colcon.colcon_core.shell:Creating environment hook '/home/jeff/theimc_robot/install/theimc_bt_nodes/share/theimc_bt_nodes/hook/cmake_prefix_path.ps1'
[6.096s] INFO:colcon.colcon_core.shell:Creating environment descriptor '/home/jeff/theimc_robot/install/theimc_bt_nodes/share/theimc_bt_nodes/hook/cmake_prefix_path.dsv'
[6.097s] INFO:colcon.colcon_core.shell:Creating environment hook '/home/jeff/theimc_robot/install/theimc_bt_nodes/share/theimc_bt_nodes/hook/cmake_prefix_path.sh'
[6.099s] Level 1:colcon.colcon_core.environment:checking '/home/jeff/theimc_robot/install/theimc_bt_nodes/lib'
[6.099s] Level 1:colcon.colcon_core.shell:create_environment_hook('theimc_bt_nodes', 'ld_library_path_lib')
[6.100s] INFO:colcon.colcon_core.shell:Creating environment hook '/home/jeff/theimc_robot/install/theimc_bt_nodes/share/theimc_bt_nodes/hook/ld_library_path_lib.ps1'
[6.101s] INFO:colcon.colcon_core.shell:Creating environment descriptor '/home/jeff/theimc_robot/install/theimc_bt_nodes/share/theimc_bt_nodes/hook/ld_library_path_lib.dsv'
[6.102s] INFO:colcon.colcon_core.shell:Creating environment hook '/home/jeff/theimc_robot/install/theimc_bt_nodes/share/theimc_bt_nodes/hook/ld_library_path_lib.sh'
[6.102s] Level 1:colcon.colcon_core.environment:checking '/home/jeff/theimc_robot/install/theimc_bt_nodes/bin'
[6.103s] Level 1:colcon.colcon_core.environment:checking '/home/jeff/theimc_robot/install/theimc_bt_nodes/lib/pkgconfig/theimc_bt_nodes.pc'
[6.103s] Level 1:colcon.colcon_core.environment:checking '/home/jeff/theimc_robot/install/theimc_bt_nodes/lib/python3.10/site-packages'
[6.104s] Level 1:colcon.colcon_core.environment:checking '/home/jeff/theimc_robot/install/theimc_bt_nodes/bin'
[6.105s] INFO:colcon.colcon_core.shell:Creating package script '/home/jeff/theimc_robot/install/theimc_bt_nodes/share/theimc_bt_nodes/package.ps1'
[6.106s] INFO:colcon.colcon_core.shell:Creating package descriptor '/home/jeff/theimc_robot/install/theimc_bt_nodes/share/theimc_bt_nodes/package.dsv'
[6.108s] INFO:colcon.colcon_core.shell:Creating package script '/home/jeff/theimc_robot/install/theimc_bt_nodes/share/theimc_bt_nodes/package.sh'
[6.109s] INFO:colcon.colcon_core.shell:Creating package script '/home/jeff/theimc_robot/install/theimc_bt_nodes/share/theimc_bt_nodes/package.bash'
[6.110s] INFO:colcon.colcon_core.shell:Creating package script '/home/jeff/theimc_robot/install/theimc_bt_nodes/share/theimc_bt_nodes/package.zsh'
[6.111s] Level 1:colcon.colcon_core.environment:create_file_with_runtime_dependencies(/home/jeff/theimc_robot/install/theimc_bt_nodes/share/colcon-core/packages/theimc_bt_nodes)
[6.113s] DEBUG:colcon.colcon_core.task.python.build:Available setuptools 'develop' options: --help, --build-directory, --no-deps, --find-links, --uninstall, --no-user-cfg, --dry-run, --version, --zip-ok, --allow-hosts, --egg-path, --multi-version, --record, --editable, --verbose, --install-layout, --no-find-links, --site-dirs, --force-installation-into-system-dir, --exclude-scripts, --user, --always-unzip, --optimize, --always-copy, --index-url, --install-dir, --quiet, --prefix, --script-dir, --local-snapshots-ok, --upgrade
[6.119s] DEBUG:colcon.colcon_core.event_handler.log_command:Invoking command in '/home/jeff/theimc_robot/build/theimc_bringup': PYTHONPATH=/home/jeff/theimc_robot/build/theimc_bringup/prefix_override:/usr/lib/python3/dist-packages/colcon_core/task/python/colcon_distutils_commands:/home/jeff/theimc_robot/install/theimc_bringup/lib/python3.10/site-packages:${PYTHONPATH} /usr/bin/python3 -W ignore:setup.py install is deprecated -W ignore:easy_install command is deprecated setup.py develop --editable --build-directory /home/jeff/theimc_robot/build/theimc_bringup/build --no-deps symlink_data
[6.152s] DEBUG:colcon.colcon_core.task.python.build:Available setuptools 'develop' options: --help, --build-directory, --no-deps, --find-links, --uninstall, --no-user-cfg, --dry-run, --version, --zip-ok, --allow-hosts, --egg-path, --multi-version, --record, --editable, --verbose, --install-layout, --no-find-links, --site-dirs, --force-installation-into-system-dir, --exclude-scripts, --user, --always-unzip, --optimize, --always-copy, --index-url, --install-dir, --quiet, --prefix, --script-dir, --local-snapshots-ok, --upgrade
[6.156s] DEBUG:colcon.colcon_core.event_handler.log_command:Invoking command in '/home/jeff/theimc_robot/build/theimc_teleop': PYTHONPATH=/home/jeff/theimc_robot/build/theimc_teleop/prefix_override:/usr/lib/python3/dist-packages/colcon_core/task/python/colcon_distutils_commands:/home/jeff/theimc_robot/install/theimc_teleop/lib/python3.10/site-packages:${PYTHONPATH} /usr/bin/python3 -W ignore:setup.py install is deprecated -W ignore:easy_install command is deprecated setup.py develop --editable --build-directory /home/jeff/theimc_robot/build/theimc_teleop/build --no-deps symlink_data
[6.225s] DEBUG:colcon.colcon_core.task.python.build:Available setuptools commands: install_scripts, build, register, check, setopt, build_ext, alias, install_data, bdist_dumb, build_scripts, bdist_egg, egg_info, clean, bdist_rpm, upload_docs, develop, install_lib, dist_info, rotate, symlink_data, install_headers, bdist_wheel, bdist, install_egg_info, build_py, install, upload, build_clib, sdist, test, saveopts, easy_install
[6.879s] DEBUG:colcon.colcon_core.task.python.build:Available setuptools 'develop' options: --help, --build-directory, --no-deps, --find-links, --uninstall, --no-user-cfg, --dry-run, --version, --zip-ok, --allow-hosts, --egg-path, --multi-version, --record, --editable, --verbose, --install-layout, --no-find-links, --site-dirs, --force-installation-into-system-dir, --exclude-scripts, --user, --always-unzip, --optimize, --always-copy, --index-url, --install-dir, --quiet, --prefix, --script-dir, --local-snapshots-ok, --upgrade
[6.884s] DEBUG:colcon.colcon_core.event_handler.log_command:Invoking command in '/home/jeff/theimc_robot/build/decision_making_pkg': CMAKE_PREFIX_PATH=/home/jeff/theimc_robot/install/interfaces_pkg:/home/jeff/theimc_robot/install/theimc_bt_nodes:/home/jeff/theimc_robot/install/theimc_navigation2:/home/jeff/theimc_robot/install/theimc_description:/home/jeff/theimc_robot/install/sllidar_ros2 LD_LIBRARY_PATH=/home/jeff/theimc_robot/install/interfaces_pkg/lib:/usr/local/cuda/lib64:/home/jeff/theimc_robot/install/theimc_bt_nodes/lib:/home/jeff/theimc_robot/install/theimc_navigation2/lib:/opt/ros/humble/opt/rviz_ogre_vendor/lib:/opt/ros/humble/lib/aarch64-linux-gnu:/opt/ros/humble/lib PYTHONPATH=/home/jeff/theimc_robot/build/decision_making_pkg/prefix_override:/usr/lib/python3/dist-packages/colcon_core/task/python/colcon_distutils_commands:/home/jeff/theimc_robot/install/decision_making_pkg/lib/python3.10/site-packages:${PYTHONPATH} /usr/bin/python3 -W ignore:setup.py install is deprecated -W ignore:easy_install command is deprecated setup.py develop --editable --build-directory /home/jeff/theimc_robot/build/decision_making_pkg/build --no-deps symlink_data
[7.226s] Level 1:colcon.colcon_core.shell:create_environment_hook('theimc_bringup', 'pythonpath_develop')
[7.227s] INFO:colcon.colcon_core.shell:Creating environment hook '/home/jeff/theimc_robot/build/theimc_bringup/share/theimc_bringup/hook/pythonpath_develop.ps1'
[7.228s] DEBUG:colcon.colcon_core.event_handler.log_command:Invoked command in '/home/jeff/theimc_robot/build/theimc_bringup' returned '0': PYTHONPATH=/home/jeff/theimc_robot/build/theimc_bringup/prefix_override:/usr/lib/python3/dist-packages/colcon_core/task/python/colcon_distutils_commands:/home/jeff/theimc_robot/install/theimc_bringup/lib/python3.10/site-packages:${PYTHONPATH} /usr/bin/python3 -W ignore:setup.py install is deprecated -W ignore:easy_install command is deprecated setup.py develop --editable --build-directory /home/jeff/theimc_robot/build/theimc_bringup/build --no-deps symlink_data
[7.229s] INFO:colcon.colcon_core.shell:Creating environment descriptor '/home/jeff/theimc_robot/build/theimc_bringup/share/theimc_bringup/hook/pythonpath_develop.dsv'
[7.230s] INFO:colcon.colcon_core.shell:Creating environment hook '/home/jeff/theimc_robot/build/theimc_bringup/share/theimc_bringup/hook/pythonpath_develop.sh'
[7.231s] Level 1:colcon.colcon_core.environment:checking '/home/jeff/theimc_robot/install/theimc_bringup' for CMake module files
[7.233s] Level 1:colcon.colcon_core.environment:checking '/home/jeff/theimc_robot/install/theimc_bringup' for CMake config files
[7.234s] Level 1:colcon.colcon_core.environment:checking '/home/jeff/theimc_robot/install/theimc_bringup/lib'
[7.235s] Level 1:colcon.colcon_core.environment:checking '/home/jeff/theimc_robot/install/theimc_bringup/bin'
[7.235s] Level 1:colcon.colcon_core.environment:checking '/home/jeff/theimc_robot/install/theimc_bringup/lib/pkgconfig/theimc_bringup.pc'
[7.235s] Level 1:colcon.colcon_core.environment:checking '/home/jeff/theimc_robot/install/theimc_bringup/lib/python3.10/site-packages'
[7.235s] Level 1:colcon.colcon_core.shell:create_environment_hook('theimc_bringup', 'pythonpath')
[7.236s] INFO:colcon.colcon_core.shell:Creating environment hook '/home/jeff/theimc_robot/install/theimc_bringup/share/theimc_bringup/hook/pythonpath.ps1'
[7.237s] INFO:colcon.colcon_core.shell:Creating environment descriptor '/home/jeff/theimc_robot/install/theimc_bringup/share/theimc_bringup/hook/pythonpath.dsv'
[7.238s] INFO:colcon.colcon_core.shell:Creating environment hook '/home/jeff/theimc_robot/install/theimc_bringup/share/theimc_bringup/hook/pythonpath.sh'
[7.239s] Level 1:colcon.colcon_core.environment:checking '/home/jeff/theimc_robot/install/theimc_bringup/bin'
[7.240s] Level 1:colcon.colcon_core.environment:create_environment_scripts_only(theimc_bringup)
[7.240s] INFO:colcon.colcon_core.shell:Creating package script '/home/jeff/theimc_robot/install/theimc_bringup/share/theimc_bringup/package.ps1'
[7.242s] INFO:colcon.colcon_core.shell:Creating package descriptor '/home/jeff/theimc_robot/install/theimc_bringup/share/theimc_bringup/package.dsv'
[7.243s] INFO:colcon.colcon_core.shell:Creating package script '/home/jeff/theimc_robot/install/theimc_bringup/share/theimc_bringup/package.sh'
[7.244s] INFO:colcon.colcon_core.shell:Creating package script '/home/jeff/theimc_robot/install/theimc_bringup/share/theimc_bringup/package.bash'
[7.245s] INFO:colcon.colcon_core.shell:Creating package script '/home/jeff/theimc_robot/install/theimc_bringup/share/theimc_bringup/package.zsh'
[7.246s] Level 1:colcon.colcon_core.environment:create_file_with_runtime_dependencies(/home/jeff/theimc_robot/install/theimc_bringup/share/colcon-core/packages/theimc_bringup)
[7.256s] Level 1:colcon.colcon_core.shell:create_environment_hook('theimc_teleop', 'pythonpath_develop')
[7.257s] INFO:colcon.colcon_core.shell:Creating environment hook '/home/jeff/theimc_robot/build/theimc_teleop/share/theimc_teleop/hook/pythonpath_develop.ps1'
[7.258s] DEBUG:colcon.colcon_core.event_handler.log_command:Invoked command in '/home/jeff/theimc_robot/build/theimc_teleop' returned '0': PYTHONPATH=/home/jeff/theimc_robot/build/theimc_teleop/prefix_override:/usr/lib/python3/dist-packages/colcon_core/task/python/colcon_distutils_commands:/home/jeff/theimc_robot/install/theimc_teleop/lib/python3.10/site-packages:${PYTHONPATH} /usr/bin/python3 -W ignore:setup.py install is deprecated -W ignore:easy_install command is deprecated setup.py develop --editable --build-directory /home/jeff/theimc_robot/build/theimc_teleop/build --no-deps symlink_data
[7.259s] INFO:colcon.colcon_core.shell:Creating environment descriptor '/home/jeff/theimc_robot/build/theimc_teleop/share/theimc_teleop/hook/pythonpath_develop.dsv'
[7.260s] INFO:colcon.colcon_core.shell:Creating environment hook '/home/jeff/theimc_robot/build/theimc_teleop/share/theimc_teleop/hook/pythonpath_develop.sh'
[7.261s] Level 1:colcon.colcon_core.environment:checking '/home/jeff/theimc_robot/install/theimc_teleop' for CMake module files
[7.263s] Level 1:colcon.colcon_core.environment:checking '/home/jeff/theimc_robot/install/theimc_teleop' for CMake config files
[7.264s] Level 1:colcon.colcon_core.environment:checking '/home/jeff/theimc_robot/install/theimc_teleop/lib'
[7.265s] Level 1:colcon.colcon_core.environment:checking '/home/jeff/theimc_robot/install/theimc_teleop/bin'
[7.265s] Level 1:colcon.colcon_core.environment:checking '/home/jeff/theimc_robot/install/theimc_teleop/lib/pkgconfig/theimc_teleop.pc'
[7.266s] Level 1:colcon.colcon_core.environment:checking '/home/jeff/theimc_robot/install/theimc_teleop/lib/python3.10/site-packages'
[7.266s] Level 1:colcon.colcon_core.shell:create_environment_hook('theimc_teleop', 'pythonpath')
[7.267s] INFO:colcon.colcon_core.shell:Creating environment hook '/home/jeff/theimc_robot/install/theimc_teleop/share/theimc_teleop/hook/pythonpath.ps1'
[7.268s] INFO:colcon.colcon_core.shell:Creating environment descriptor '/home/jeff/theimc_robot/install/theimc_teleop/share/theimc_teleop/hook/pythonpath.dsv'
[7.269s] INFO:colcon.colcon_core.shell:Creating environment hook '/home/jeff/theimc_robot/install/theimc_teleop/share/theimc_teleop/hook/pythonpath.sh'
[7.270s] Level 1:colcon.colcon_core.environment:checking '/home/jeff/theimc_robot/install/theimc_teleop/bin'
[7.271s] Level 1:colcon.colcon_core.environment:create_environment_scripts_only(theimc_teleop)
[7.271s] INFO:colcon.colcon_core.shell:Creating package script '/home/jeff/theimc_robot/install/theimc_teleop/share/theimc_teleop/package.ps1'
[7.273s] INFO:colcon.colcon_core.shell:Creating package descriptor '/home/jeff/theimc_robot/install/theimc_teleop/share/theimc_teleop/package.dsv'
[7.274s] INFO:colcon.colcon_core.shell:Creating package script '/home/jeff/theimc_robot/install/theimc_teleop/share/theimc_teleop/package.sh'
[7.276s] INFO:colcon.colcon_core.shell:Creating package script '/home/jeff/theimc_robot/install/theimc_teleop/share/theimc_teleop/package.bash'
[7.276s] INFO:colcon.colcon_core.shell:Creating package script '/home/jeff/theimc_robot/install/theimc_teleop/share/theimc_teleop/package.zsh'
[7.277s] Level 1:colcon.colcon_core.environment:create_file_with_runtime_dependencies(/home/jeff/theimc_robot/install/theimc_teleop/share/colcon-core/packages/theimc_teleop)
[7.950s] Level 1:colcon.colcon_core.shell:create_environment_hook('decision_making_pkg', 'pythonpath_develop')
[7.951s] INFO:colcon.colcon_core.shell:Creating environment hook '/home/jeff/theimc_robot/build/decision_making_pkg/share/decision_making_pkg/hook/pythonpath_develop.ps1'
[7.952s] DEBUG:colcon.colcon_core.event_handler.log_command:Invoked command in '/home/jeff/theimc_robot/build/decision_making_pkg' returned '0': CMAKE_PREFIX_PATH=/home/jeff/theimc_robot/install/interfaces_pkg:/home/jeff/theimc_robot/install/theimc_bt_nodes:/home/jeff/theimc_robot/install/theimc_navigation2:/home/jeff/theimc_robot/install/theimc_description:/home/jeff/theimc_robot/install/sllidar_ros2 LD_LIBRARY_PATH=/home/jeff/theimc_robot/install/interfaces_pkg/lib:/usr/local/cuda/lib64:/home/jeff/theimc_robot/install/theimc_bt_nodes/lib:/home/jeff/theimc_robot/install/theimc_navigation2/lib:/opt/ros/humble/opt/rviz_ogre_vendor/lib:/opt/ros/humble/lib/aarch64-linux-gnu:/opt/ros/humble/lib PYTHONPATH=/home/jeff/theimc_robot/build/decision_making_pkg/prefix_override:/usr/lib/python3/dist-packages/colcon_core/task/python/colcon_distutils_commands:/home/jeff/theimc_robot/install/decision_making_pkg/lib/python3.10/site-packages:${PYTHONPATH} /usr/bin/python3 -W ignore:setup.py install is deprecated -W ignore:easy_install command is deprecated setup.py develop --editable --build-directory /home/jeff/theimc_robot/build/decision_making_pkg/build --no-deps symlink_data
[7.954s] INFO:colcon.colcon_core.shell:Creating environment descriptor '/home/jeff/theimc_robot/build/decision_making_pkg/share/decision_making_pkg/hook/pythonpath_develop.dsv'
[7.955s] INFO:colcon.colcon_core.shell:Creating environment hook '/home/jeff/theimc_robot/build/decision_making_pkg/share/decision_making_pkg/hook/pythonpath_develop.sh'
[7.956s] Level 1:colcon.colcon_core.environment:checking '/home/jeff/theimc_robot/install/decision_making_pkg' for CMake module files
[7.957s] Level 1:colcon.colcon_core.environment:checking '/home/jeff/theimc_robot/install/decision_making_pkg' for CMake config files
[7.958s] Level 1:colcon.colcon_core.environment:checking '/home/jeff/theimc_robot/install/decision_making_pkg/lib'
[7.958s] Level 1:colcon.colcon_core.environment:checking '/home/jeff/theimc_robot/install/decision_making_pkg/bin'
[7.959s] Level 1:colcon.colcon_core.environment:checking '/home/jeff/theimc_robot/install/decision_making_pkg/lib/pkgconfig/decision_making_pkg.pc'
[7.959s] Level 1:colcon.colcon_core.environment:checking '/home/jeff/theimc_robot/install/decision_making_pkg/lib/python3.10/site-packages'
[7.960s] Level 1:colcon.colcon_core.shell:create_environment_hook('decision_making_pkg', 'pythonpath')
[7.960s] INFO:colcon.colcon_core.shell:Creating environment hook '/home/jeff/theimc_robot/install/decision_making_pkg/share/decision_making_pkg/hook/pythonpath.ps1'
[7.962s] INFO:colcon.colcon_core.shell:Creating environment descriptor '/home/jeff/theimc_robot/install/decision_making_pkg/share/decision_making_pkg/hook/pythonpath.dsv'
[7.963s] INFO:colcon.colcon_core.shell:Creating environment hook '/home/jeff/theimc_robot/install/decision_making_pkg/share/decision_making_pkg/hook/pythonpath.sh'
[7.964s] Level 1:colcon.colcon_core.environment:checking '/home/jeff/theimc_robot/install/decision_making_pkg/bin'
[7.964s] Level 1:colcon.colcon_core.environment:create_environment_scripts_only(decision_making_pkg)
[7.965s] INFO:colcon.colcon_core.shell:Creating package script '/home/jeff/theimc_robot/install/decision_making_pkg/share/decision_making_pkg/package.ps1'
[7.967s] INFO:colcon.colcon_core.shell:Creating package descriptor '/home/jeff/theimc_robot/install/decision_making_pkg/share/decision_making_pkg/package.dsv'
[7.968s] INFO:colcon.colcon_core.shell:Creating package script '/home/jeff/theimc_robot/install/decision_making_pkg/share/decision_making_pkg/package.sh'
[7.969s] INFO:colcon.colcon_core.shell:Creating package script '/home/jeff/theimc_robot/install/decision_making_pkg/share/decision_making_pkg/package.bash'
[7.970s] INFO:colcon.colcon_core.shell:Creating package script '/home/jeff/theimc_robot/install/decision_making_pkg/share/decision_making_pkg/package.zsh'
[7.971s] Level 1:colcon.colcon_core.environment:create_file_with_runtime_dependencies(/home/jeff/theimc_robot/install/decision_making_pkg/share/colcon-core/packages/decision_making_pkg)
[7.973s] DEBUG:colcon.colcon_parallel_executor.executor.parallel:closing loop
[7.974s] DEBUG:colcon.colcon_parallel_executor.executor.parallel:loop closed
[7.974s] DEBUG:colcon.colcon_parallel_executor.executor.parallel:run_until_complete finished with '0'
[7.974s] DEBUG:colcon.colcon_core.event_reactor:joining thread
[7.976s] DEBUG:colcon.colcon_core.event_reactor:joined thread
[7.976s] INFO:colcon.colcon_core.shell:Creating prefix script '/home/jeff/theimc_robot/install/local_setup.ps1'
[7.979s] INFO:colcon.colcon_core.shell:Creating prefix util module '/home/jeff/theimc_robot/install/_local_setup_util_ps1.py'
[7.984s] INFO:colcon.colcon_core.shell:Creating prefix chain script '/home/jeff/theimc_robot/install/setup.ps1'
[7.987s] INFO:colcon.colcon_core.shell:Creating prefix script '/home/jeff/theimc_robot/install/local_setup.sh'
[7.989s] INFO:colcon.colcon_core.shell:Creating prefix util module '/home/jeff/theimc_robot/install/_local_setup_util_sh.py'
[7.990s] INFO:colcon.colcon_core.shell:Creating prefix chain script '/home/jeff/theimc_robot/install/setup.sh'
[7.993s] INFO:colcon.colcon_core.shell:Creating prefix script '/home/jeff/theimc_robot/install/local_setup.bash'
[7.995s] INFO:colcon.colcon_core.shell:Creating prefix chain script '/home/jeff/theimc_robot/install/setup.bash'
[7.999s] INFO:colcon.colcon_core.shell:Creating prefix script '/home/jeff/theimc_robot/install/local_setup.zsh'
[8.000s] INFO:colcon.colcon_core.shell:Creating prefix chain script '/home/jeff/theimc_robot/install/setup.zsh'
