[0.069s] Invoking command in '/home/jeff/theimc_robot/build/interfaces_pkg': CMAKE_PREFIX_PATH=${CMAKE_PREFIX_PATH}:/home/jeff/theimc_robot/install/theimc_teleop:/home/jeff/theimc_robot/install/theimc_bringup:/home/jeff/theimc_robot/install/localizer_server:/home/jeff/theimc_robot/install/decision_making_pkg:/home/jeff/theimc_robot/install/debug_pkg:/home/jeff/theimc_robot/install/camera_perception_pkg:/opt/ros/humble /usr/bin/cmake /home/jeff/theimc_robot/src/interfaces_pkg -DCMAKE_INSTALL_PREFIX=/home/jeff/theimc_robot/install/interfaces_pkg
[1.886s] -- The C compiler identification is GNU 11.4.0
[1.887s] -- The CXX compiler identification is GNU 11.4.0
[1.887s] -- Detecting C compiler ABI info
[1.888s] -- Detecting C compiler ABI info - done
[1.888s] -- Check for working C compiler: /usr/bin/cc - skipped
[1.893s] -- Detecting C compile features
[1.893s] -- Detecting C compile features - done
[1.893s] -- Detecting CXX compiler ABI info
[1.894s] -- Detecting CXX compiler ABI info - done
[1.894s] -- Check for working CXX compiler: /usr/bin/c++ - skipped
[1.894s] -- Detecting CXX compile features
[1.894s] -- Detecting CXX compile features - done
[1.894s] -- Found ament_cmake: 1.3.14 (/opt/ros/humble/share/ament_cmake/cmake)
[1.894s] -- Found Python3: /usr/bin/python3 (found version "3.10.12") found components: Interpreter 
[1.894s] -- Found rosidl_default_generators: 1.2.1 (/opt/ros/humble/share/rosidl_default_generators/cmake)
[1.895s] -- Using all available rosidl_typesupport_c: rosidl_typesupport_fastrtps_c;rosidl_typesupport_introspection_c
[1.895s] -- Found rosidl_adapter: 3.1.8 (/opt/ros/humble/share/rosidl_adapter/cmake)
[1.895s] -- Using all available rosidl_typesupport_cpp: rosidl_typesupport_fastrtps_cpp;rosidl_typesupport_introspection_cpp
[1.895s] -- Found std_msgs: 4.9.1 (/opt/ros/humble/share/std_msgs/cmake)
[1.895s] -- Found geometry_msgs: 4.9.1 (/opt/ros/humble/share/geometry_msgs/cmake)
[2.757s] -- Found ament_cmake_ros: 0.10.0 (/opt/ros/humble/share/ament_cmake_ros/cmake)
[3.334s] -- Using all available rosidl_typesupport_c: rosidl_typesupport_fastrtps_c;rosidl_typesupport_introspection_c
[4.153s] -- Using all available rosidl_typesupport_cpp: rosidl_typesupport_fastrtps_cpp;rosidl_typesupport_introspection_cpp
[4.205s] -- Found PythonInterp: /usr/bin/python3 (found suitable version "3.10.12", minimum required is "3.6") 
[4.209s] -- Found python_cmake_module: 0.10.0 (/opt/ros/humble/share/python_cmake_module/cmake)
[4.275s] -- Found PythonLibs: /usr/lib/aarch64-linux-gnu/libpython3.10.so (found suitable version "3.10.12", minimum required is "3.5") 
[4.275s] -- Using PYTHON_EXECUTABLE: /usr/bin/python3
[4.276s] -- Using PYTHON_INCLUDE_DIRS: /usr/include/python3.10
[4.276s] -- Using PYTHON_LIBRARIES: /usr/lib/aarch64-linux-gnu/libpython3.10.so
[4.326s] -- Found PythonExtra: .so  
[4.734s] -- Configuring done
[4.879s] -- Generating done
[4.910s] -- Build files have been written to: /home/jeff/theimc_robot/build/interfaces_pkg
[5.147s] Invoked command in '/home/jeff/theimc_robot/build/interfaces_pkg' returned '0': CMAKE_PREFIX_PATH=${CMAKE_PREFIX_PATH}:/home/jeff/theimc_robot/install/theimc_teleop:/home/jeff/theimc_robot/install/theimc_bringup:/home/jeff/theimc_robot/install/localizer_server:/home/jeff/theimc_robot/install/decision_making_pkg:/home/jeff/theimc_robot/install/debug_pkg:/home/jeff/theimc_robot/install/camera_perception_pkg:/opt/ros/humble /usr/bin/cmake /home/jeff/theimc_robot/src/interfaces_pkg -DCMAKE_INSTALL_PREFIX=/home/jeff/theimc_robot/install/interfaces_pkg
[5.150s] Invoking command in '/home/jeff/theimc_robot/build/interfaces_pkg': CMAKE_PREFIX_PATH=${CMAKE_PREFIX_PATH}:/home/jeff/theimc_robot/install/theimc_teleop:/home/jeff/theimc_robot/install/theimc_bringup:/home/jeff/theimc_robot/install/localizer_server:/home/jeff/theimc_robot/install/decision_making_pkg:/home/jeff/theimc_robot/install/debug_pkg:/home/jeff/theimc_robot/install/camera_perception_pkg:/opt/ros/humble /usr/bin/cmake --build /home/jeff/theimc_robot/build/interfaces_pkg -- -j6 -l6
[5.278s] [  0%] [34m[1mGenerating C code for ROS interfaces[0m
[5.359s] [  0%] [34m[1mGenerating C++ code for ROS interfaces[0m
[5.369s] [  1%] [34m[1mGenerating Rust code for ROS interfaces[0m
[5.411s] [  1%] Built target ament_cmake_python_copy_interfaces_pkg
[6.931s] running egg_info
[6.933s] creating interfaces_pkg.egg-info
[6.933s] writing interfaces_pkg.egg-info/PKG-INFO
[6.950s] writing dependency_links to interfaces_pkg.egg-info/dependency_links.txt
[6.951s] writing top-level names to interfaces_pkg.egg-info/top_level.txt
[6.951s] writing manifest file 'interfaces_pkg.egg-info/SOURCES.txt'
[6.956s] reading manifest file 'interfaces_pkg.egg-info/SOURCES.txt'
[6.972s] writing manifest file 'interfaces_pkg.egg-info/SOURCES.txt'
[7.216s] [  1%] Built target ament_cmake_python_build_interfaces_pkg_egg
[9.507s] [  1%] Built target interfaces_pkg__rs
[13.223s] [  2%] [32mBuilding C object CMakeFiles/interfaces_pkg__rosidl_generator_c.dir/rosidl_generator_c/interfaces_pkg/msg/detail/point2_d__functions.c.o[0m
[13.241s] [  2%] [32mBuilding C object CMakeFiles/interfaces_pkg__rosidl_generator_c.dir/rosidl_generator_c/interfaces_pkg/msg/detail/vector2__functions.c.o[0m
[13.282s] [  3%] [32mBuilding C object CMakeFiles/interfaces_pkg__rosidl_generator_c.dir/rosidl_generator_c/interfaces_pkg/msg/detail/pose2_d__functions.c.o[0m
[13.316s] [  3%] [32mBuilding C object CMakeFiles/interfaces_pkg__rosidl_generator_c.dir/rosidl_generator_c/interfaces_pkg/msg/detail/bounding_box3_d__functions.c.o[0m
[13.327s] [  3%] Built target interfaces_pkg__cpp
[13.332s] [  4%] [32mBuilding C object CMakeFiles/interfaces_pkg__rosidl_generator_c.dir/rosidl_generator_c/interfaces_pkg/msg/detail/bounding_box2_d__functions.c.o[0m
[13.368s] [  5%] [34m[1mGenerating C++ type support for eProsima Fast-RTPS[0m
[13.544s] [  6%] [32mBuilding C object CMakeFiles/interfaces_pkg__rosidl_generator_c.dir/rosidl_generator_c/interfaces_pkg/msg/detail/mask__functions.c.o[0m
[13.561s] [  7%] [32mBuilding C object CMakeFiles/interfaces_pkg__rosidl_generator_c.dir/rosidl_generator_c/interfaces_pkg/msg/detail/key_point2_d_array__functions.c.o[0m
[13.567s] [  7%] [32mBuilding C object CMakeFiles/interfaces_pkg__rosidl_generator_c.dir/rosidl_generator_c/interfaces_pkg/msg/detail/key_point2_d__functions.c.o[0m
[13.642s] [  7%] [32mBuilding C object CMakeFiles/interfaces_pkg__rosidl_generator_c.dir/rosidl_generator_c/interfaces_pkg/msg/detail/key_point3_d_array__functions.c.o[0m
[13.644s] [  8%] [32mBuilding C object CMakeFiles/interfaces_pkg__rosidl_generator_c.dir/rosidl_generator_c/interfaces_pkg/msg/detail/key_point3_d__functions.c.o[0m
[13.806s] [  9%] [32mBuilding C object CMakeFiles/interfaces_pkg__rosidl_generator_c.dir/rosidl_generator_c/interfaces_pkg/msg/detail/detection__functions.c.o[0m
[13.873s] [  9%] [32mBuilding C object CMakeFiles/interfaces_pkg__rosidl_generator_c.dir/rosidl_generator_c/interfaces_pkg/msg/detail/detection_array__functions.c.o[0m
[13.968s] [ 10%] [32mBuilding C object CMakeFiles/interfaces_pkg__rosidl_generator_c.dir/rosidl_generator_c/interfaces_pkg/msg/detail/lane_info__functions.c.o[0m
[13.995s] [ 11%] [32mBuilding C object CMakeFiles/interfaces_pkg__rosidl_generator_c.dir/rosidl_generator_c/interfaces_pkg/msg/detail/rail_info__functions.c.o[0m
[14.022s] [ 12%] [34m[1mGenerating C++ introspection for ROS interfaces[0m
[14.206s] [ 12%] [32mBuilding C object CMakeFiles/interfaces_pkg__rosidl_generator_c.dir/rosidl_generator_c/interfaces_pkg/msg/detail/motion_command__functions.c.o[0m
[14.213s] [ 13%] [32mBuilding C object CMakeFiles/interfaces_pkg__rosidl_generator_c.dir/rosidl_generator_c/interfaces_pkg/msg/detail/target_point__functions.c.o[0m
[14.320s] [ 13%] [32mBuilding C object CMakeFiles/interfaces_pkg__rosidl_generator_c.dir/rosidl_generator_c/interfaces_pkg/msg/detail/path_planning_result__functions.c.o[0m
[14.352s] [ 14%] [32mBuilding C object CMakeFiles/interfaces_pkg__rosidl_generator_c.dir/rosidl_generator_c/interfaces_pkg/action/detail/rail_approach__functions.c.o[0m
[14.506s] [ 15%] [34m[1mGenerating C++ type support dispatch for ROS interfaces[0m
[14.968s] [ 16%] [32m[1mLinking C shared library libinterfaces_pkg__rosidl_generator_c.so[0m
[15.160s] [ 16%] Built target interfaces_pkg__rosidl_generator_c
[15.221s] [ 17%] [34m[1mGenerating C type support dispatch for ROS interfaces[0m
[15.231s] [ 18%] [34m[1mGenerating C type support for eProsima Fast-RTPS[0m
[15.267s] [ 19%] [34m[1mGenerating C introspection for ROS interfaces[0m
[18.699s] [ 19%] [32mBuilding CXX object CMakeFiles/interfaces_pkg__rosidl_typesupport_c.dir/rosidl_typesupport_c/interfaces_pkg/msg/point2_d__type_support.cpp.o[0m
[18.718s] [ 19%] [32mBuilding CXX object CMakeFiles/interfaces_pkg__rosidl_typesupport_introspection_cpp.dir/rosidl_typesupport_introspection_cpp/interfaces_pkg/msg/detail/point2_d__type_support.cpp.o[0m
[18.847s] [ 20%] [32mBuilding CXX object CMakeFiles/interfaces_pkg__rosidl_typesupport_c.dir/rosidl_typesupport_c/interfaces_pkg/msg/vector2__type_support.cpp.o[0m
[18.854s] [ 20%] [32mBuilding CXX object CMakeFiles/interfaces_pkg__rosidl_typesupport_cpp.dir/rosidl_typesupport_cpp/interfaces_pkg/msg/point2_d__type_support.cpp.o[0m
[18.855s] [ 20%] [32mBuilding CXX object CMakeFiles/interfaces_pkg__rosidl_typesupport_fastrtps_cpp.dir/rosidl_typesupport_fastrtps_cpp/interfaces_pkg/msg/detail/dds_fastrtps/point2_d__type_support.cpp.o[0m
[18.965s] [ 20%] [32mBuilding CXX object CMakeFiles/interfaces_pkg__rosidl_typesupport_c.dir/rosidl_typesupport_c/interfaces_pkg/msg/pose2_d__type_support.cpp.o[0m
[19.112s] [ 21%] [32mBuilding CXX object CMakeFiles/interfaces_pkg__rosidl_typesupport_c.dir/rosidl_typesupport_c/interfaces_pkg/msg/bounding_box2_d__type_support.cpp.o[0m
[19.216s] [ 21%] [32mBuilding CXX object CMakeFiles/interfaces_pkg__rosidl_typesupport_c.dir/rosidl_typesupport_c/interfaces_pkg/msg/bounding_box3_d__type_support.cpp.o[0m
[19.367s] [ 22%] [32mBuilding CXX object CMakeFiles/interfaces_pkg__rosidl_typesupport_c.dir/rosidl_typesupport_c/interfaces_pkg/msg/mask__type_support.cpp.o[0m
[19.546s] [ 23%] [32mBuilding CXX object CMakeFiles/interfaces_pkg__rosidl_typesupport_c.dir/rosidl_typesupport_c/interfaces_pkg/msg/key_point2_d__type_support.cpp.o[0m
[19.732s] [ 23%] [32mBuilding CXX object CMakeFiles/interfaces_pkg__rosidl_typesupport_c.dir/rosidl_typesupport_c/interfaces_pkg/msg/key_point2_d_array__type_support.cpp.o[0m
[19.843s] [ 24%] [32mBuilding CXX object CMakeFiles/interfaces_pkg__rosidl_typesupport_cpp.dir/rosidl_typesupport_cpp/interfaces_pkg/msg/vector2__type_support.cpp.o[0m
[19.896s] [ 25%] [32mBuilding CXX object CMakeFiles/interfaces_pkg__rosidl_typesupport_c.dir/rosidl_typesupport_c/interfaces_pkg/msg/key_point3_d__type_support.cpp.o[0m
[19.995s] [ 26%] [32mBuilding CXX object CMakeFiles/interfaces_pkg__rosidl_typesupport_introspection_cpp.dir/rosidl_typesupport_introspection_cpp/interfaces_pkg/msg/detail/vector2__type_support.cpp.o[0m
[20.013s] [ 26%] [32mBuilding CXX object CMakeFiles/interfaces_pkg__rosidl_typesupport_c.dir/rosidl_typesupport_c/interfaces_pkg/msg/key_point3_d_array__type_support.cpp.o[0m
[20.050s] [ 27%] [32mBuilding CXX object CMakeFiles/interfaces_pkg__rosidl_typesupport_fastrtps_cpp.dir/rosidl_typesupport_fastrtps_cpp/interfaces_pkg/msg/detail/dds_fastrtps/vector2__type_support.cpp.o[0m
[20.126s] [ 28%] [32mBuilding CXX object CMakeFiles/interfaces_pkg__rosidl_typesupport_c.dir/rosidl_typesupport_c/interfaces_pkg/msg/detection__type_support.cpp.o[0m
[20.160s] [ 28%] [32mBuilding CXX object CMakeFiles/interfaces_pkg__rosidl_typesupport_fastrtps_c.dir/rosidl_typesupport_fastrtps_c/interfaces_pkg/msg/detail/point2_d__type_support_c.cpp.o[0m
[20.312s] [ 28%] [32mBuilding C object CMakeFiles/interfaces_pkg__rosidl_typesupport_introspection_c.dir/rosidl_typesupport_introspection_c/interfaces_pkg/msg/detail/point2_d__type_support.c.o[0m
[20.315s] [ 29%] [32mBuilding CXX object CMakeFiles/interfaces_pkg__rosidl_typesupport_c.dir/rosidl_typesupport_c/interfaces_pkg/msg/detection_array__type_support.cpp.o[0m
[20.500s] [ 29%] [32mBuilding CXX object CMakeFiles/interfaces_pkg__rosidl_typesupport_c.dir/rosidl_typesupport_c/interfaces_pkg/msg/lane_info__type_support.cpp.o[0m
[20.510s] [ 30%] [32mBuilding C object CMakeFiles/interfaces_pkg__rosidl_typesupport_introspection_c.dir/rosidl_typesupport_introspection_c/interfaces_pkg/msg/detail/vector2__type_support.c.o[0m
[20.612s] [ 30%] [32mBuilding CXX object CMakeFiles/interfaces_pkg__rosidl_typesupport_cpp.dir/rosidl_typesupport_cpp/interfaces_pkg/msg/pose2_d__type_support.cpp.o[0m
[20.675s] [ 30%] [32mBuilding C object CMakeFiles/interfaces_pkg__rosidl_typesupport_introspection_c.dir/rosidl_typesupport_introspection_c/interfaces_pkg/msg/detail/pose2_d__type_support.c.o[0m
[20.686s] [ 31%] [32mBuilding CXX object CMakeFiles/interfaces_pkg__rosidl_typesupport_c.dir/rosidl_typesupport_c/interfaces_pkg/msg/rail_info__type_support.cpp.o[0m
[20.864s] [ 32%] [32mBuilding CXX object CMakeFiles/interfaces_pkg__rosidl_typesupport_c.dir/rosidl_typesupport_c/interfaces_pkg/msg/motion_command__type_support.cpp.o[0m
[20.865s] [ 32%] [32mBuilding C object CMakeFiles/interfaces_pkg__rosidl_typesupport_introspection_c.dir/rosidl_typesupport_introspection_c/interfaces_pkg/msg/detail/bounding_box2_d__type_support.c.o[0m
[21.049s] [ 33%] [32mBuilding CXX object CMakeFiles/interfaces_pkg__rosidl_typesupport_c.dir/rosidl_typesupport_c/interfaces_pkg/msg/target_point__type_support.cpp.o[0m
[21.052s] [ 33%] [32mBuilding C object CMakeFiles/interfaces_pkg__rosidl_typesupport_introspection_c.dir/rosidl_typesupport_introspection_c/interfaces_pkg/msg/detail/bounding_box3_d__type_support.c.o[0m
[21.186s] [ 34%] [32mBuilding CXX object CMakeFiles/interfaces_pkg__rosidl_typesupport_fastrtps_c.dir/rosidl_typesupport_fastrtps_c/interfaces_pkg/msg/detail/vector2__type_support_c.cpp.o[0m
[21.205s] [ 35%] [32mBuilding C object CMakeFiles/interfaces_pkg__rosidl_typesupport_introspection_c.dir/rosidl_typesupport_introspection_c/interfaces_pkg/msg/detail/mask__type_support.c.o[0m
[21.210s] [ 36%] [32mBuilding CXX object CMakeFiles/interfaces_pkg__rosidl_typesupport_c.dir/rosidl_typesupport_c/interfaces_pkg/msg/path_planning_result__type_support.cpp.o[0m
[21.324s] [ 36%] [32mBuilding CXX object CMakeFiles/interfaces_pkg__rosidl_typesupport_c.dir/rosidl_typesupport_c/interfaces_pkg/action/rail_approach__type_support.cpp.o[0m
[21.424s] [ 37%] [32mBuilding C object CMakeFiles/interfaces_pkg__rosidl_typesupport_introspection_c.dir/rosidl_typesupport_introspection_c/interfaces_pkg/msg/detail/key_point2_d__type_support.c.o[0m
[21.522s] [ 37%] [32mBuilding CXX object CMakeFiles/interfaces_pkg__rosidl_typesupport_introspection_cpp.dir/rosidl_typesupport_introspection_cpp/interfaces_pkg/msg/detail/pose2_d__type_support.cpp.o[0m
[21.550s] [ 38%] [32m[1mLinking CXX shared library libinterfaces_pkg__rosidl_typesupport_c.so[0m
[21.600s] [ 38%] [32mBuilding C object CMakeFiles/interfaces_pkg__rosidl_typesupport_introspection_c.dir/rosidl_typesupport_introspection_c/interfaces_pkg/msg/detail/key_point2_d_array__type_support.c.o[0m
[21.655s] [ 39%] [32mBuilding CXX object CMakeFiles/interfaces_pkg__rosidl_typesupport_cpp.dir/rosidl_typesupport_cpp/interfaces_pkg/msg/bounding_box2_d__type_support.cpp.o[0m
[21.664s] [ 39%] [32mBuilding CXX object CMakeFiles/interfaces_pkg__rosidl_typesupport_fastrtps_cpp.dir/rosidl_typesupport_fastrtps_cpp/interfaces_pkg/msg/detail/dds_fastrtps/pose2_d__type_support.cpp.o[0m
[21.713s] [ 39%] Built target interfaces_pkg__rosidl_typesupport_c
[21.772s] [ 40%] [32mBuilding CXX object CMakeFiles/interfaces_pkg__rosidl_typesupport_introspection_cpp.dir/rosidl_typesupport_introspection_cpp/interfaces_pkg/msg/detail/bounding_box2_d__type_support.cpp.o[0m
[21.795s] [ 41%] [32mBuilding C object CMakeFiles/interfaces_pkg__rosidl_typesupport_introspection_c.dir/rosidl_typesupport_introspection_c/interfaces_pkg/msg/detail/key_point3_d__type_support.c.o[0m
[22.020s] [ 41%] [32mBuilding C object CMakeFiles/interfaces_pkg__rosidl_typesupport_introspection_c.dir/rosidl_typesupport_introspection_c/interfaces_pkg/msg/detail/key_point3_d_array__type_support.c.o[0m
[22.239s] [ 42%] [32mBuilding C object CMakeFiles/interfaces_pkg__rosidl_typesupport_introspection_c.dir/rosidl_typesupport_introspection_c/interfaces_pkg/msg/detail/detection__type_support.c.o[0m
[22.474s] [ 43%] [32mBuilding C object CMakeFiles/interfaces_pkg__rosidl_typesupport_introspection_c.dir/rosidl_typesupport_introspection_c/interfaces_pkg/msg/detail/detection_array__type_support.c.o[0m
[22.513s] [ 43%] [32mBuilding CXX object CMakeFiles/interfaces_pkg__rosidl_typesupport_fastrtps_c.dir/rosidl_typesupport_fastrtps_c/interfaces_pkg/msg/detail/pose2_d__type_support_c.cpp.o[0m
[22.587s] [ 44%] [32mBuilding CXX object CMakeFiles/interfaces_pkg__rosidl_typesupport_cpp.dir/rosidl_typesupport_cpp/interfaces_pkg/msg/bounding_box3_d__type_support.cpp.o[0m
[22.662s] [ 44%] [32mBuilding C object CMakeFiles/interfaces_pkg__rosidl_typesupport_introspection_c.dir/rosidl_typesupport_introspection_c/interfaces_pkg/msg/detail/lane_info__type_support.c.o[0m
[22.676s] [ 44%] [32mBuilding CXX object CMakeFiles/interfaces_pkg__rosidl_typesupport_cpp.dir/rosidl_typesupport_cpp/interfaces_pkg/msg/mask__type_support.cpp.o[0m
[22.762s] [ 45%] [32mBuilding C object CMakeFiles/interfaces_pkg__rosidl_typesupport_introspection_c.dir/rosidl_typesupport_introspection_c/interfaces_pkg/msg/detail/rail_info__type_support.c.o[0m
[22.872s] [ 45%] [32mBuilding C object CMakeFiles/interfaces_pkg__rosidl_typesupport_introspection_c.dir/rosidl_typesupport_introspection_c/interfaces_pkg/msg/detail/motion_command__type_support.c.o[0m
[22.931s] [ 46%] [32mBuilding CXX object CMakeFiles/interfaces_pkg__rosidl_typesupport_fastrtps_cpp.dir/rosidl_typesupport_fastrtps_cpp/interfaces_pkg/msg/detail/dds_fastrtps/bounding_box2_d__type_support.cpp.o[0m
[23.073s] [ 47%] [32mBuilding C object CMakeFiles/interfaces_pkg__rosidl_typesupport_introspection_c.dir/rosidl_typesupport_introspection_c/interfaces_pkg/msg/detail/target_point__type_support.c.o[0m
[23.202s] [ 48%] [32mBuilding CXX object CMakeFiles/interfaces_pkg__rosidl_typesupport_introspection_cpp.dir/rosidl_typesupport_introspection_cpp/interfaces_pkg/msg/detail/bounding_box3_d__type_support.cpp.o[0m
[23.263s] [ 49%] [32mBuilding C object CMakeFiles/interfaces_pkg__rosidl_typesupport_introspection_c.dir/rosidl_typesupport_introspection_c/interfaces_pkg/msg/detail/path_planning_result__type_support.c.o[0m
[23.444s] [ 50%] [32mBuilding CXX object CMakeFiles/interfaces_pkg__rosidl_typesupport_cpp.dir/rosidl_typesupport_cpp/interfaces_pkg/msg/key_point2_d__type_support.cpp.o[0m
[23.452s] [ 50%] [32mBuilding C object CMakeFiles/interfaces_pkg__rosidl_typesupport_introspection_c.dir/rosidl_typesupport_introspection_c/interfaces_pkg/action/detail/rail_approach__type_support.c.o[0m
[23.520s] [ 50%] [32mBuilding CXX object CMakeFiles/interfaces_pkg__rosidl_typesupport_cpp.dir/rosidl_typesupport_cpp/interfaces_pkg/msg/key_point2_d_array__type_support.cpp.o[0m
[23.725s] [ 51%] [32m[1mLinking C shared library libinterfaces_pkg__rosidl_typesupport_introspection_c.so[0m
[23.785s] [ 52%] [32mBuilding CXX object CMakeFiles/interfaces_pkg__rosidl_typesupport_fastrtps_c.dir/rosidl_typesupport_fastrtps_c/interfaces_pkg/msg/detail/bounding_box2_d__type_support_c.cpp.o[0m
[23.987s] [ 52%] Built target interfaces_pkg__rosidl_typesupport_introspection_c
[24.048s] [ 52%] [32mBuilding CXX object CMakeFiles/interfaces_pkg__rosidl_typesupport_fastrtps_c.dir/rosidl_typesupport_fastrtps_c/interfaces_pkg/msg/detail/bounding_box3_d__type_support_c.cpp.o[0m
[24.360s] [ 53%] [32mBuilding CXX object CMakeFiles/interfaces_pkg__rosidl_typesupport_fastrtps_cpp.dir/rosidl_typesupport_fastrtps_cpp/interfaces_pkg/msg/detail/dds_fastrtps/bounding_box3_d__type_support.cpp.o[0m
[24.417s] [ 54%] [32mBuilding CXX object CMakeFiles/interfaces_pkg__rosidl_typesupport_cpp.dir/rosidl_typesupport_cpp/interfaces_pkg/msg/key_point3_d__type_support.cpp.o[0m
[24.479s] [ 55%] [32mBuilding CXX object CMakeFiles/interfaces_pkg__rosidl_typesupport_cpp.dir/rosidl_typesupport_cpp/interfaces_pkg/msg/key_point3_d_array__type_support.cpp.o[0m
[24.602s] [ 55%] [32mBuilding CXX object CMakeFiles/interfaces_pkg__rosidl_typesupport_introspection_cpp.dir/rosidl_typesupport_introspection_cpp/interfaces_pkg/msg/detail/mask__type_support.cpp.o[0m
[25.078s] [ 56%] [32mBuilding CXX object CMakeFiles/interfaces_pkg__rosidl_typesupport_fastrtps_c.dir/rosidl_typesupport_fastrtps_c/interfaces_pkg/msg/detail/mask__type_support_c.cpp.o[0m
[25.235s] [ 57%] [32mBuilding CXX object CMakeFiles/interfaces_pkg__rosidl_typesupport_fastrtps_c.dir/rosidl_typesupport_fastrtps_c/interfaces_pkg/msg/detail/key_point2_d__type_support_c.cpp.o[0m
[25.393s] [ 57%] [32mBuilding CXX object CMakeFiles/interfaces_pkg__rosidl_typesupport_cpp.dir/rosidl_typesupport_cpp/interfaces_pkg/msg/detection__type_support.cpp.o[0m
[25.541s] [ 58%] [32mBuilding CXX object CMakeFiles/interfaces_pkg__rosidl_typesupport_cpp.dir/rosidl_typesupport_cpp/interfaces_pkg/msg/detection_array__type_support.cpp.o[0m
[25.946s] [ 58%] [32mBuilding CXX object CMakeFiles/interfaces_pkg__rosidl_typesupport_fastrtps_cpp.dir/rosidl_typesupport_fastrtps_cpp/interfaces_pkg/msg/detail/dds_fastrtps/mask__type_support.cpp.o[0m
[25.963s] [ 59%] [32mBuilding CXX object CMakeFiles/interfaces_pkg__rosidl_typesupport_introspection_cpp.dir/rosidl_typesupport_introspection_cpp/interfaces_pkg/msg/detail/key_point2_d__type_support.cpp.o[0m
[26.367s] [ 59%] [32mBuilding CXX object CMakeFiles/interfaces_pkg__rosidl_typesupport_cpp.dir/rosidl_typesupport_cpp/interfaces_pkg/msg/lane_info__type_support.cpp.o[0m
[26.434s] [ 59%] [32mBuilding CXX object CMakeFiles/interfaces_pkg__rosidl_typesupport_fastrtps_c.dir/rosidl_typesupport_fastrtps_c/interfaces_pkg/msg/detail/key_point2_d_array__type_support_c.cpp.o[0m
[26.647s] [ 60%] [32mBuilding CXX object CMakeFiles/interfaces_pkg__rosidl_typesupport_fastrtps_c.dir/rosidl_typesupport_fastrtps_c/interfaces_pkg/msg/detail/key_point3_d__type_support_c.cpp.o[0m
[26.887s] [ 61%] [32mBuilding CXX object CMakeFiles/interfaces_pkg__rosidl_typesupport_cpp.dir/rosidl_typesupport_cpp/interfaces_pkg/msg/rail_info__type_support.cpp.o[0m
[27.342s] [ 62%] [32mBuilding CXX object CMakeFiles/interfaces_pkg__rosidl_typesupport_fastrtps_cpp.dir/rosidl_typesupport_fastrtps_cpp/interfaces_pkg/msg/detail/dds_fastrtps/key_point2_d__type_support.cpp.o[0m
[27.417s] [ 63%] [32mBuilding CXX object CMakeFiles/interfaces_pkg__rosidl_typesupport_cpp.dir/rosidl_typesupport_cpp/interfaces_pkg/msg/motion_command__type_support.cpp.o[0m
[27.439s] [ 63%] [32mBuilding CXX object CMakeFiles/interfaces_pkg__rosidl_typesupport_introspection_cpp.dir/rosidl_typesupport_introspection_cpp/interfaces_pkg/msg/detail/key_point2_d_array__type_support.cpp.o[0m
[27.456s] [ 63%] [32mBuilding CXX object CMakeFiles/interfaces_pkg__rosidl_typesupport_fastrtps_c.dir/rosidl_typesupport_fastrtps_c/interfaces_pkg/msg/detail/key_point3_d_array__type_support_c.cpp.o[0m
[27.685s] [ 64%] [32mBuilding CXX object CMakeFiles/interfaces_pkg__rosidl_typesupport_fastrtps_c.dir/rosidl_typesupport_fastrtps_c/interfaces_pkg/msg/detail/detection__type_support_c.cpp.o[0m
[27.792s] [ 64%] [32mBuilding CXX object CMakeFiles/interfaces_pkg__rosidl_typesupport_cpp.dir/rosidl_typesupport_cpp/interfaces_pkg/msg/target_point__type_support.cpp.o[0m
[28.293s] [ 65%] [32mBuilding CXX object CMakeFiles/interfaces_pkg__rosidl_typesupport_cpp.dir/rosidl_typesupport_cpp/interfaces_pkg/msg/path_planning_result__type_support.cpp.o[0m
[28.502s] [ 65%] [32mBuilding CXX object CMakeFiles/interfaces_pkg__rosidl_typesupport_fastrtps_cpp.dir/rosidl_typesupport_fastrtps_cpp/interfaces_pkg/msg/detail/dds_fastrtps/key_point2_d_array__type_support.cpp.o[0m
[28.566s] [ 66%] [32mBuilding CXX object CMakeFiles/interfaces_pkg__rosidl_typesupport_fastrtps_c.dir/rosidl_typesupport_fastrtps_c/interfaces_pkg/msg/detail/detection_array__type_support_c.cpp.o[0m
[28.610s] [ 67%] [32mBuilding CXX object CMakeFiles/interfaces_pkg__rosidl_typesupport_introspection_cpp.dir/rosidl_typesupport_introspection_cpp/interfaces_pkg/msg/detail/key_point3_d__type_support.cpp.o[0m
[28.765s] [ 67%] [32mBuilding CXX object CMakeFiles/interfaces_pkg__rosidl_typesupport_fastrtps_c.dir/rosidl_typesupport_fastrtps_c/interfaces_pkg/msg/detail/lane_info__type_support_c.cpp.o[0m
[28.895s] [ 67%] [32mBuilding CXX object CMakeFiles/interfaces_pkg__rosidl_typesupport_cpp.dir/rosidl_typesupport_cpp/interfaces_pkg/action/rail_approach__type_support.cpp.o[0m
[29.085s] [ 68%] [32mBuilding CXX object CMakeFiles/interfaces_pkg__rosidl_typesupport_fastrtps_c.dir/rosidl_typesupport_fastrtps_c/interfaces_pkg/msg/detail/rail_info__type_support_c.cpp.o[0m
[29.520s] [ 68%] [32mBuilding CXX object CMakeFiles/interfaces_pkg__rosidl_typesupport_fastrtps_c.dir/rosidl_typesupport_fastrtps_c/interfaces_pkg/msg/detail/motion_command__type_support_c.cpp.o[0m
[29.673s] [ 69%] [32mBuilding CXX object CMakeFiles/interfaces_pkg__rosidl_typesupport_introspection_cpp.dir/rosidl_typesupport_introspection_cpp/interfaces_pkg/msg/detail/key_point3_d_array__type_support.cpp.o[0m
[29.856s] [ 70%] [32mBuilding CXX object CMakeFiles/interfaces_pkg__rosidl_typesupport_fastrtps_cpp.dir/rosidl_typesupport_fastrtps_cpp/interfaces_pkg/msg/detail/dds_fastrtps/key_point3_d__type_support.cpp.o[0m
[29.918s] [ 71%] [32mBuilding CXX object CMakeFiles/interfaces_pkg__rosidl_typesupport_fastrtps_c.dir/rosidl_typesupport_fastrtps_c/interfaces_pkg/msg/detail/target_point__type_support_c.cpp.o[0m
[30.247s] [ 72%] [32mBuilding CXX object CMakeFiles/interfaces_pkg__rosidl_typesupport_fastrtps_c.dir/rosidl_typesupport_fastrtps_c/interfaces_pkg/msg/detail/path_planning_result__type_support_c.cpp.o[0m
[30.416s] [ 73%] [32m[1mLinking CXX shared library libinterfaces_pkg__rosidl_typesupport_cpp.so[0m
[30.469s] [ 73%] [32mBuilding CXX object CMakeFiles/interfaces_pkg__rosidl_typesupport_fastrtps_c.dir/rosidl_typesupport_fastrtps_c/interfaces_pkg/action/detail/rail_approach__type_support_c.cpp.o[0m
[30.650s] [ 73%] Built target interfaces_pkg__rosidl_typesupport_cpp
[30.718s] [ 74%] [32mBuilding CXX object CMakeFiles/interfaces_pkg__rosidl_typesupport_fastrtps_cpp.dir/rosidl_typesupport_fastrtps_cpp/interfaces_pkg/msg/detail/dds_fastrtps/key_point3_d_array__type_support.cpp.o[0m
[30.954s] [ 74%] [32mBuilding CXX object CMakeFiles/interfaces_pkg__rosidl_typesupport_introspection_cpp.dir/rosidl_typesupport_introspection_cpp/interfaces_pkg/msg/detail/detection__type_support.cpp.o[0m
[30.962s] [ 75%] [32mBuilding CXX object CMakeFiles/interfaces_pkg__rosidl_typesupport_introspection_cpp.dir/rosidl_typesupport_introspection_cpp/interfaces_pkg/msg/detail/detection_array__type_support.cpp.o[0m
[31.108s] [ 75%] [32mBuilding CXX object CMakeFiles/interfaces_pkg__rosidl_typesupport_fastrtps_cpp.dir/rosidl_typesupport_fastrtps_cpp/interfaces_pkg/msg/detail/dds_fastrtps/detection__type_support.cpp.o[0m
[31.273s] [ 76%] [32mBuilding CXX object CMakeFiles/interfaces_pkg__rosidl_typesupport_fastrtps_cpp.dir/rosidl_typesupport_fastrtps_cpp/interfaces_pkg/msg/detail/dds_fastrtps/detection_array__type_support.cpp.o[0m
[31.985s] [ 77%] [32m[1mLinking CXX shared library libinterfaces_pkg__rosidl_typesupport_fastrtps_c.so[0m
[32.152s] [ 77%] [32mBuilding CXX object CMakeFiles/interfaces_pkg__rosidl_typesupport_fastrtps_cpp.dir/rosidl_typesupport_fastrtps_cpp/interfaces_pkg/msg/detail/dds_fastrtps/lane_info__type_support.cpp.o[0m
[32.170s] [ 77%] [32mBuilding CXX object CMakeFiles/interfaces_pkg__rosidl_typesupport_introspection_cpp.dir/rosidl_typesupport_introspection_cpp/interfaces_pkg/msg/detail/lane_info__type_support.cpp.o[0m
[32.358s] [ 77%] Built target interfaces_pkg__rosidl_typesupport_fastrtps_c
[32.412s] [ 78%] [32mBuilding CXX object CMakeFiles/interfaces_pkg__rosidl_typesupport_introspection_cpp.dir/rosidl_typesupport_introspection_cpp/interfaces_pkg/msg/detail/rail_info__type_support.cpp.o[0m
[32.560s] [ 79%] [32mBuilding CXX object CMakeFiles/interfaces_pkg__rosidl_typesupport_fastrtps_cpp.dir/rosidl_typesupport_fastrtps_cpp/interfaces_pkg/msg/detail/dds_fastrtps/rail_info__type_support.cpp.o[0m
[32.801s] [ 80%] [32mBuilding CXX object CMakeFiles/interfaces_pkg__rosidl_typesupport_fastrtps_cpp.dir/rosidl_typesupport_fastrtps_cpp/interfaces_pkg/msg/detail/dds_fastrtps/motion_command__type_support.cpp.o[0m
[32.956s] [ 81%] [32mBuilding CXX object CMakeFiles/interfaces_pkg__rosidl_typesupport_introspection_cpp.dir/rosidl_typesupport_introspection_cpp/interfaces_pkg/msg/detail/motion_command__type_support.cpp.o[0m
[33.371s] [ 81%] [32mBuilding CXX object CMakeFiles/interfaces_pkg__rosidl_typesupport_fastrtps_cpp.dir/rosidl_typesupport_fastrtps_cpp/interfaces_pkg/msg/detail/dds_fastrtps/target_point__type_support.cpp.o[0m
[33.666s] [ 81%] [32mBuilding CXX object CMakeFiles/interfaces_pkg__rosidl_typesupport_introspection_cpp.dir/rosidl_typesupport_introspection_cpp/interfaces_pkg/msg/detail/target_point__type_support.cpp.o[0m
[33.721s] [ 82%] [32mBuilding CXX object CMakeFiles/interfaces_pkg__rosidl_typesupport_introspection_cpp.dir/rosidl_typesupport_introspection_cpp/interfaces_pkg/msg/detail/path_planning_result__type_support.cpp.o[0m
[33.926s] [ 83%] [32mBuilding CXX object CMakeFiles/interfaces_pkg__rosidl_typesupport_fastrtps_cpp.dir/rosidl_typesupport_fastrtps_cpp/interfaces_pkg/msg/detail/dds_fastrtps/path_planning_result__type_support.cpp.o[0m
[34.076s] [ 83%] [32mBuilding CXX object CMakeFiles/interfaces_pkg__rosidl_typesupport_fastrtps_cpp.dir/rosidl_typesupport_fastrtps_cpp/interfaces_pkg/action/detail/dds_fastrtps/rail_approach__type_support.cpp.o[0m
[34.187s] [ 83%] [32mBuilding CXX object CMakeFiles/interfaces_pkg__rosidl_typesupport_introspection_cpp.dir/rosidl_typesupport_introspection_cpp/interfaces_pkg/action/detail/rail_approach__type_support.cpp.o[0m
[35.520s] [ 84%] [32m[1mLinking CXX shared library libinterfaces_pkg__rosidl_typesupport_fastrtps_cpp.so[0m
[35.714s] [ 84%] Built target interfaces_pkg__rosidl_typesupport_fastrtps_cpp
[35.893s] [ 85%] [32m[1mLinking CXX shared library libinterfaces_pkg__rosidl_typesupport_introspection_cpp.so[0m
[36.099s] [ 85%] Built target interfaces_pkg__rosidl_typesupport_introspection_cpp
[36.149s] [ 85%] Built target interfaces_pkg
[36.202s] [ 86%] [34m[1mGenerating Python code for ROS interfaces[0m
[41.749s] [ 86%] Built target interfaces_pkg__py
[41.793s] [ 89%] [32mBuilding C object CMakeFiles/interfaces_pkg__rosidl_generator_py.dir/rosidl_generator_py/interfaces_pkg/msg/_mask_s.c.o[0m
[41.793s] [ 89%] [32mBuilding C object CMakeFiles/interfaces_pkg__rosidl_generator_py.dir/rosidl_generator_py/interfaces_pkg/msg/_bounding_box3_d_s.c.o[0m
[41.793s] [ 89%] [32mBuilding C object CMakeFiles/interfaces_pkg__rosidl_generator_py.dir/rosidl_generator_py/interfaces_pkg/msg/_point2_d_s.c.o[0m
[41.793s] [ 89%] [32mBuilding C object CMakeFiles/interfaces_pkg__rosidl_generator_py.dir/rosidl_generator_py/interfaces_pkg/msg/_vector2_s.c.o[0m
[41.794s] [ 89%] [32mBuilding C object CMakeFiles/interfaces_pkg__rosidl_generator_py.dir/rosidl_generator_py/interfaces_pkg/msg/_pose2_d_s.c.o[0m
[41.795s] [ 89%] [32mBuilding C object CMakeFiles/interfaces_pkg__rosidl_generator_py.dir/rosidl_generator_py/interfaces_pkg/msg/_bounding_box2_d_s.c.o[0m
[42.040s] [ 90%] [32mBuilding C object CMakeFiles/interfaces_pkg__rosidl_generator_py.dir/rosidl_generator_py/interfaces_pkg/msg/_key_point2_d_s.c.o[0m
[42.041s] [ 91%] [32mBuilding C object CMakeFiles/interfaces_pkg__rosidl_generator_py.dir/rosidl_generator_py/interfaces_pkg/msg/_key_point3_d_s.c.o[0m
[42.041s] [ 90%] [32mBuilding C object CMakeFiles/interfaces_pkg__rosidl_generator_py.dir/rosidl_generator_py/interfaces_pkg/msg/_key_point2_d_array_s.c.o[0m
[42.044s] [ 92%] [32mBuilding C object CMakeFiles/interfaces_pkg__rosidl_generator_py.dir/rosidl_generator_py/interfaces_pkg/msg/_key_point3_d_array_s.c.o[0m
[42.051s] [ 92%] [32mBuilding C object CMakeFiles/interfaces_pkg__rosidl_generator_py.dir/rosidl_generator_py/interfaces_pkg/msg/_detection_s.c.o[0m
[42.055s] [ 93%] [32mBuilding C object CMakeFiles/interfaces_pkg__rosidl_generator_py.dir/rosidl_generator_py/interfaces_pkg/msg/_detection_array_s.c.o[0m
[42.257s] [ 93%] [32mBuilding C object CMakeFiles/interfaces_pkg__rosidl_generator_py.dir/rosidl_generator_py/interfaces_pkg/msg/_lane_info_s.c.o[0m
[42.270s] [ 95%] [32mBuilding C object CMakeFiles/interfaces_pkg__rosidl_generator_py.dir/rosidl_generator_py/interfaces_pkg/msg/_rail_info_s.c.o[0m
[42.270s] [ 95%] [32mBuilding C object CMakeFiles/interfaces_pkg__rosidl_generator_py.dir/rosidl_generator_py/interfaces_pkg/msg/_motion_command_s.c.o[0m
[42.278s] [ 95%] [32mBuilding C object CMakeFiles/interfaces_pkg__rosidl_generator_py.dir/rosidl_generator_py/interfaces_pkg/msg/_target_point_s.c.o[0m
[42.281s] [ 96%] [32mBuilding C object CMakeFiles/interfaces_pkg__rosidl_generator_py.dir/rosidl_generator_py/interfaces_pkg/msg/_path_planning_result_s.c.o[0m
[42.290s] [ 96%] [32mBuilding C object CMakeFiles/interfaces_pkg__rosidl_generator_py.dir/rosidl_generator_py/interfaces_pkg/action/_rail_approach_s.c.o[0m
[42.631s] [ 97%] [32m[1mLinking C shared library rosidl_generator_py/interfaces_pkg/libinterfaces_pkg__rosidl_generator_py.so[0m
[42.735s] [ 97%] Built target interfaces_pkg__rosidl_generator_py
[42.774s] [ 97%] [32mBuilding C object CMakeFiles/interfaces_pkg__rosidl_typesupport_fastrtps_c__pyext.dir/rosidl_generator_py/interfaces_pkg/_interfaces_pkg_s.ep.rosidl_typesupport_fastrtps_c.c.o[0m
[42.774s] [ 97%] [32mBuilding C object CMakeFiles/interfaces_pkg__rosidl_typesupport_c__pyext.dir/rosidl_generator_py/interfaces_pkg/_interfaces_pkg_s.ep.rosidl_typesupport_c.c.o[0m
[42.776s] [ 97%] [32mBuilding C object CMakeFiles/interfaces_pkg__rosidl_typesupport_introspection_c__pyext.dir/rosidl_generator_py/interfaces_pkg/_interfaces_pkg_s.ep.rosidl_typesupport_introspection_c.c.o[0m
[43.149s] [ 99%] [32m[1mLinking C shared library rosidl_generator_py/interfaces_pkg/interfaces_pkg_s__rosidl_typesupport_c.cpython-310-aarch64-linux-gnu.so[0m
[43.150s] [ 99%] [32m[1mLinking C shared library rosidl_generator_py/interfaces_pkg/interfaces_pkg_s__rosidl_typesupport_introspection_c.cpython-310-aarch64-linux-gnu.so[0m
[43.168s] [100%] [32m[1mLinking C shared library rosidl_generator_py/interfaces_pkg/interfaces_pkg_s__rosidl_typesupport_fastrtps_c.cpython-310-aarch64-linux-gnu.so[0m
[43.247s] [100%] Built target interfaces_pkg__rosidl_typesupport_introspection_c__pyext
[43.247s] [100%] Built target interfaces_pkg__rosidl_typesupport_c__pyext
[43.271s] [100%] Built target interfaces_pkg__rosidl_typesupport_fastrtps_c__pyext
[43.301s] Invoked command in '/home/jeff/theimc_robot/build/interfaces_pkg' returned '0': CMAKE_PREFIX_PATH=${CMAKE_PREFIX_PATH}:/home/jeff/theimc_robot/install/theimc_teleop:/home/jeff/theimc_robot/install/theimc_bringup:/home/jeff/theimc_robot/install/localizer_server:/home/jeff/theimc_robot/install/decision_making_pkg:/home/jeff/theimc_robot/install/debug_pkg:/home/jeff/theimc_robot/install/camera_perception_pkg:/opt/ros/humble /usr/bin/cmake --build /home/jeff/theimc_robot/build/interfaces_pkg -- -j6 -l6
[43.306s] Invoking command in '/home/jeff/theimc_robot/build/interfaces_pkg': CMAKE_PREFIX_PATH=${CMAKE_PREFIX_PATH}:/home/jeff/theimc_robot/install/theimc_teleop:/home/jeff/theimc_robot/install/theimc_bringup:/home/jeff/theimc_robot/install/localizer_server:/home/jeff/theimc_robot/install/decision_making_pkg:/home/jeff/theimc_robot/install/debug_pkg:/home/jeff/theimc_robot/install/camera_perception_pkg:/opt/ros/humble /usr/bin/cmake --install /home/jeff/theimc_robot/build/interfaces_pkg
[43.325s] -- Install configuration: ""
[43.325s] -- Installing: /home/jeff/theimc_robot/install/interfaces_pkg/share/ament_index/resource_index/rosidl_interfaces/interfaces_pkg
[43.326s] -- Installing: /home/jeff/theimc_robot/install/interfaces_pkg/include/interfaces_pkg/interfaces_pkg
[43.326s] -- Installing: /home/jeff/theimc_robot/install/interfaces_pkg/include/interfaces_pkg/interfaces_pkg/action
[43.327s] -- Installing: /home/jeff/theimc_robot/install/interfaces_pkg/include/interfaces_pkg/interfaces_pkg/action/rail_approach.h
[43.327s] -- Installing: /home/jeff/theimc_robot/install/interfaces_pkg/include/interfaces_pkg/interfaces_pkg/action/detail
[43.327s] -- Installing: /home/jeff/theimc_robot/install/interfaces_pkg/include/interfaces_pkg/interfaces_pkg/action/detail/rail_approach__functions.c
[43.328s] -- Installing: /home/jeff/theimc_robot/install/interfaces_pkg/include/interfaces_pkg/interfaces_pkg/action/detail/rail_approach__struct.h
[43.328s] -- Installing: /home/jeff/theimc_robot/install/interfaces_pkg/include/interfaces_pkg/interfaces_pkg/action/detail/rail_approach__type_support.h
[43.328s] -- Installing: /home/jeff/theimc_robot/install/interfaces_pkg/include/interfaces_pkg/interfaces_pkg/action/detail/rail_approach__functions.h
[43.329s] -- Installing: /home/jeff/theimc_robot/install/interfaces_pkg/include/interfaces_pkg/interfaces_pkg/msg
[43.329s] -- Installing: /home/jeff/theimc_robot/install/interfaces_pkg/include/interfaces_pkg/interfaces_pkg/msg/rail_info.h
[43.329s] -- Installing: /home/jeff/theimc_robot/install/interfaces_pkg/include/interfaces_pkg/interfaces_pkg/msg/key_point3_d_array.h
[43.330s] -- Installing: /home/jeff/theimc_robot/install/interfaces_pkg/include/interfaces_pkg/interfaces_pkg/msg/key_point2_d_array.h
[43.330s] -- Installing: /home/jeff/theimc_robot/install/interfaces_pkg/include/interfaces_pkg/interfaces_pkg/msg/path_planning_result.h
[43.330s] -- Installing: /home/jeff/theimc_robot/install/interfaces_pkg/include/interfaces_pkg/interfaces_pkg/msg/detection.h
[43.331s] -- Installing: /home/jeff/theimc_robot/install/interfaces_pkg/include/interfaces_pkg/interfaces_pkg/msg/mask.h
[43.331s] -- Installing: /home/jeff/theimc_robot/install/interfaces_pkg/include/interfaces_pkg/interfaces_pkg/msg/key_point2_d.h
[43.331s] -- Installing: /home/jeff/theimc_robot/install/interfaces_pkg/include/interfaces_pkg/interfaces_pkg/msg/detection_array.h
[43.332s] -- Installing: /home/jeff/theimc_robot/install/interfaces_pkg/include/interfaces_pkg/interfaces_pkg/msg/point2_d.h
[43.332s] -- Installing: /home/jeff/theimc_robot/install/interfaces_pkg/include/interfaces_pkg/interfaces_pkg/msg/target_point.h
[43.332s] -- Installing: /home/jeff/theimc_robot/install/interfaces_pkg/include/interfaces_pkg/interfaces_pkg/msg/detail
[43.333s] -- Installing: /home/jeff/theimc_robot/install/interfaces_pkg/include/interfaces_pkg/interfaces_pkg/msg/detail/detection_array__functions.h
[43.333s] -- Installing: /home/jeff/theimc_robot/install/interfaces_pkg/include/interfaces_pkg/interfaces_pkg/msg/detail/bounding_box3_d__functions.c
[43.333s] -- Installing: /home/jeff/theimc_robot/install/interfaces_pkg/include/interfaces_pkg/interfaces_pkg/msg/detail/bounding_box2_d__functions.h
[43.334s] -- Installing: /home/jeff/theimc_robot/install/interfaces_pkg/include/interfaces_pkg/interfaces_pkg/msg/detail/point2_d__functions.c
[43.334s] -- Installing: /home/jeff/theimc_robot/install/interfaces_pkg/include/interfaces_pkg/interfaces_pkg/msg/detail/lane_info__type_support.h
[43.334s] -- Installing: /home/jeff/theimc_robot/install/interfaces_pkg/include/interfaces_pkg/interfaces_pkg/msg/detail/target_point__struct.h
[43.334s] -- Installing: /home/jeff/theimc_robot/install/interfaces_pkg/include/interfaces_pkg/interfaces_pkg/msg/detail/key_point3_d_array__type_support.h
[43.335s] -- Installing: /home/jeff/theimc_robot/install/interfaces_pkg/include/interfaces_pkg/interfaces_pkg/msg/detail/lane_info__functions.c
[43.335s] -- Installing: /home/jeff/theimc_robot/install/interfaces_pkg/include/interfaces_pkg/interfaces_pkg/msg/detail/rail_info__type_support.h
[43.335s] -- Installing: /home/jeff/theimc_robot/install/interfaces_pkg/include/interfaces_pkg/interfaces_pkg/msg/detail/path_planning_result__struct.h
[43.336s] -- Installing: /home/jeff/theimc_robot/install/interfaces_pkg/include/interfaces_pkg/interfaces_pkg/msg/detail/path_planning_result__functions.c
[43.336s] -- Installing: /home/jeff/theimc_robot/install/interfaces_pkg/include/interfaces_pkg/interfaces_pkg/msg/detail/motion_command__struct.h
[43.336s] -- Installing: /home/jeff/theimc_robot/install/interfaces_pkg/include/interfaces_pkg/interfaces_pkg/msg/detail/key_point3_d__functions.h
[43.337s] -- Installing: /home/jeff/theimc_robot/install/interfaces_pkg/include/interfaces_pkg/interfaces_pkg/msg/detail/bounding_box2_d__functions.c
[43.337s] -- Installing: /home/jeff/theimc_robot/install/interfaces_pkg/include/interfaces_pkg/interfaces_pkg/msg/detail/key_point3_d_array__functions.h
[43.337s] -- Installing: /home/jeff/theimc_robot/install/interfaces_pkg/include/interfaces_pkg/interfaces_pkg/msg/detail/detection__type_support.h
[43.338s] -- Installing: /home/jeff/theimc_robot/install/interfaces_pkg/include/interfaces_pkg/interfaces_pkg/msg/detail/mask__functions.c
[43.338s] -- Installing: /home/jeff/theimc_robot/install/interfaces_pkg/include/interfaces_pkg/interfaces_pkg/msg/detail/key_point3_d__struct.h
[43.338s] -- Installing: /home/jeff/theimc_robot/install/interfaces_pkg/include/interfaces_pkg/interfaces_pkg/msg/detail/rail_info__functions.h
[43.338s] -- Installing: /home/jeff/theimc_robot/install/interfaces_pkg/include/interfaces_pkg/interfaces_pkg/msg/detail/rail_info__functions.c
[43.339s] -- Installing: /home/jeff/theimc_robot/install/interfaces_pkg/include/interfaces_pkg/interfaces_pkg/msg/detail/key_point2_d__functions.h
[43.339s] -- Installing: /home/jeff/theimc_robot/install/interfaces_pkg/include/interfaces_pkg/interfaces_pkg/msg/detail/path_planning_result__functions.h
[43.339s] -- Installing: /home/jeff/theimc_robot/install/interfaces_pkg/include/interfaces_pkg/interfaces_pkg/msg/detail/vector2__functions.h
[43.340s] -- Installing: /home/jeff/theimc_robot/install/interfaces_pkg/include/interfaces_pkg/interfaces_pkg/msg/detail/key_point2_d__functions.c
[43.340s] -- Installing: /home/jeff/theimc_robot/install/interfaces_pkg/include/interfaces_pkg/interfaces_pkg/msg/detail/point2_d__struct.h
[43.340s] -- Installing: /home/jeff/theimc_robot/install/interfaces_pkg/include/interfaces_pkg/interfaces_pkg/msg/detail/detection_array__functions.c
[43.341s] -- Installing: /home/jeff/theimc_robot/install/interfaces_pkg/include/interfaces_pkg/interfaces_pkg/msg/detail/pose2_d__functions.c
[43.341s] -- Installing: /home/jeff/theimc_robot/install/interfaces_pkg/include/interfaces_pkg/interfaces_pkg/msg/detail/bounding_box3_d__struct.h
[43.341s] -- Installing: /home/jeff/theimc_robot/install/interfaces_pkg/include/interfaces_pkg/interfaces_pkg/msg/detail/key_point2_d__struct.h
[43.342s] -- Installing: /home/jeff/theimc_robot/install/interfaces_pkg/include/interfaces_pkg/interfaces_pkg/msg/detail/detection__functions.c
[43.342s] -- Installing: /home/jeff/theimc_robot/install/interfaces_pkg/include/interfaces_pkg/interfaces_pkg/msg/detail/bounding_box3_d__type_support.h
[43.342s] -- Installing: /home/jeff/theimc_robot/install/interfaces_pkg/include/interfaces_pkg/interfaces_pkg/msg/detail/key_point3_d__type_support.h
[43.343s] -- Installing: /home/jeff/theimc_robot/install/interfaces_pkg/include/interfaces_pkg/interfaces_pkg/msg/detail/target_point__type_support.h
[43.343s] -- Installing: /home/jeff/theimc_robot/install/interfaces_pkg/include/interfaces_pkg/interfaces_pkg/msg/detail/pose2_d__struct.h
[43.343s] -- Installing: /home/jeff/theimc_robot/install/interfaces_pkg/include/interfaces_pkg/interfaces_pkg/msg/detail/detection__struct.h
[43.343s] -- Installing: /home/jeff/theimc_robot/install/interfaces_pkg/include/interfaces_pkg/interfaces_pkg/msg/detail/key_point2_d_array__functions.h
[43.344s] -- Installing: /home/jeff/theimc_robot/install/interfaces_pkg/include/interfaces_pkg/interfaces_pkg/msg/detail/pose2_d__functions.h
[43.344s] -- Installing: /home/jeff/theimc_robot/install/interfaces_pkg/include/interfaces_pkg/interfaces_pkg/msg/detail/point2_d__type_support.h
[43.344s] -- Installing: /home/jeff/theimc_robot/install/interfaces_pkg/include/interfaces_pkg/interfaces_pkg/msg/detail/mask__type_support.h
[43.345s] -- Installing: /home/jeff/theimc_robot/install/interfaces_pkg/include/interfaces_pkg/interfaces_pkg/msg/detail/target_point__functions.c
[43.345s] -- Installing: /home/jeff/theimc_robot/install/interfaces_pkg/include/interfaces_pkg/interfaces_pkg/msg/detail/motion_command__type_support.h
[43.345s] -- Installing: /home/jeff/theimc_robot/install/interfaces_pkg/include/interfaces_pkg/interfaces_pkg/msg/detail/detection_array__type_support.h
[43.346s] -- Installing: /home/jeff/theimc_robot/install/interfaces_pkg/include/interfaces_pkg/interfaces_pkg/msg/detail/pose2_d__type_support.h
[43.346s] -- Installing: /home/jeff/theimc_robot/install/interfaces_pkg/include/interfaces_pkg/interfaces_pkg/msg/detail/bounding_box2_d__struct.h
[43.346s] -- Installing: /home/jeff/theimc_robot/install/interfaces_pkg/include/interfaces_pkg/interfaces_pkg/msg/detail/vector2__struct.h
[43.347s] -- Installing: /home/jeff/theimc_robot/install/interfaces_pkg/include/interfaces_pkg/interfaces_pkg/msg/detail/point2_d__functions.h
[43.347s] -- Installing: /home/jeff/theimc_robot/install/interfaces_pkg/include/interfaces_pkg/interfaces_pkg/msg/detail/key_point2_d_array__type_support.h
[43.347s] -- Installing: /home/jeff/theimc_robot/install/interfaces_pkg/include/interfaces_pkg/interfaces_pkg/msg/detail/lane_info__struct.h
[43.347s] -- Installing: /home/jeff/theimc_robot/install/interfaces_pkg/include/interfaces_pkg/interfaces_pkg/msg/detail/key_point2_d_array__functions.c
[43.348s] -- Installing: /home/jeff/theimc_robot/install/interfaces_pkg/include/interfaces_pkg/interfaces_pkg/msg/detail/detection__functions.h
[43.348s] -- Installing: /home/jeff/theimc_robot/install/interfaces_pkg/include/interfaces_pkg/interfaces_pkg/msg/detail/mask__struct.h
[43.348s] -- Installing: /home/jeff/theimc_robot/install/interfaces_pkg/include/interfaces_pkg/interfaces_pkg/msg/detail/bounding_box3_d__functions.h
[43.349s] -- Installing: /home/jeff/theimc_robot/install/interfaces_pkg/include/interfaces_pkg/interfaces_pkg/msg/detail/key_point3_d_array__functions.c
[43.349s] -- Installing: /home/jeff/theimc_robot/install/interfaces_pkg/include/interfaces_pkg/interfaces_pkg/msg/detail/lane_info__functions.h
[43.349s] -- Installing: /home/jeff/theimc_robot/install/interfaces_pkg/include/interfaces_pkg/interfaces_pkg/msg/detail/key_point2_d__type_support.h
[43.349s] -- Installing: /home/jeff/theimc_robot/install/interfaces_pkg/include/interfaces_pkg/interfaces_pkg/msg/detail/key_point3_d__functions.c
[43.350s] -- Installing: /home/jeff/theimc_robot/install/interfaces_pkg/include/interfaces_pkg/interfaces_pkg/msg/detail/motion_command__functions.c
[43.350s] -- Installing: /home/jeff/theimc_robot/install/interfaces_pkg/include/interfaces_pkg/interfaces_pkg/msg/detail/rail_info__struct.h
[43.350s] -- Installing: /home/jeff/theimc_robot/install/interfaces_pkg/include/interfaces_pkg/interfaces_pkg/msg/detail/key_point3_d_array__struct.h
[43.351s] -- Installing: /home/jeff/theimc_robot/install/interfaces_pkg/include/interfaces_pkg/interfaces_pkg/msg/detail/mask__functions.h
[43.351s] -- Installing: /home/jeff/theimc_robot/install/interfaces_pkg/include/interfaces_pkg/interfaces_pkg/msg/detail/target_point__functions.h
[43.351s] -- Installing: /home/jeff/theimc_robot/install/interfaces_pkg/include/interfaces_pkg/interfaces_pkg/msg/detail/vector2__functions.c
[43.352s] -- Installing: /home/jeff/theimc_robot/install/interfaces_pkg/include/interfaces_pkg/interfaces_pkg/msg/detail/bounding_box2_d__type_support.h
[43.352s] -- Installing: /home/jeff/theimc_robot/install/interfaces_pkg/include/interfaces_pkg/interfaces_pkg/msg/detail/vector2__type_support.h
[43.352s] -- Installing: /home/jeff/theimc_robot/install/interfaces_pkg/include/interfaces_pkg/interfaces_pkg/msg/detail/key_point2_d_array__struct.h
[43.353s] -- Installing: /home/jeff/theimc_robot/install/interfaces_pkg/include/interfaces_pkg/interfaces_pkg/msg/detail/motion_command__functions.h
[43.353s] -- Installing: /home/jeff/theimc_robot/install/interfaces_pkg/include/interfaces_pkg/interfaces_pkg/msg/detail/detection_array__struct.h
[43.353s] -- Installing: /home/jeff/theimc_robot/install/interfaces_pkg/include/interfaces_pkg/interfaces_pkg/msg/detail/path_planning_result__type_support.h
[43.354s] -- Installing: /home/jeff/theimc_robot/install/interfaces_pkg/include/interfaces_pkg/interfaces_pkg/msg/motion_command.h
[43.354s] -- Installing: /home/jeff/theimc_robot/install/interfaces_pkg/include/interfaces_pkg/interfaces_pkg/msg/bounding_box3_d.h
[43.354s] -- Installing: /home/jeff/theimc_robot/install/interfaces_pkg/include/interfaces_pkg/interfaces_pkg/msg/bounding_box2_d.h
[43.354s] -- Installing: /home/jeff/theimc_robot/install/interfaces_pkg/include/interfaces_pkg/interfaces_pkg/msg/rosidl_generator_c__visibility_control.h
[43.355s] -- Installing: /home/jeff/theimc_robot/install/interfaces_pkg/include/interfaces_pkg/interfaces_pkg/msg/pose2_d.h
[43.355s] -- Installing: /home/jeff/theimc_robot/install/interfaces_pkg/include/interfaces_pkg/interfaces_pkg/msg/key_point3_d.h
[43.355s] -- Installing: /home/jeff/theimc_robot/install/interfaces_pkg/include/interfaces_pkg/interfaces_pkg/msg/lane_info.h
[43.356s] -- Installing: /home/jeff/theimc_robot/install/interfaces_pkg/include/interfaces_pkg/interfaces_pkg/msg/vector2.h
[43.356s] -- Installing: /home/jeff/theimc_robot/install/interfaces_pkg/share/interfaces_pkg/environment/library_path.sh
[43.356s] -- Installing: /home/jeff/theimc_robot/install/interfaces_pkg/share/interfaces_pkg/environment/library_path.dsv
[43.356s] -- Installing: /home/jeff/theimc_robot/install/interfaces_pkg/lib/libinterfaces_pkg__rosidl_generator_c.so
[43.357s] -- Set runtime path of "/home/jeff/theimc_robot/install/interfaces_pkg/lib/libinterfaces_pkg__rosidl_generator_c.so" to ""
[43.357s] -- Up-to-date: /home/jeff/theimc_robot/install/interfaces_pkg/include/interfaces_pkg/interfaces_pkg
[43.357s] -- Up-to-date: /home/jeff/theimc_robot/install/interfaces_pkg/include/interfaces_pkg/interfaces_pkg/action
[43.358s] -- Up-to-date: /home/jeff/theimc_robot/install/interfaces_pkg/include/interfaces_pkg/interfaces_pkg/action/detail
[43.358s] -- Installing: /home/jeff/theimc_robot/install/interfaces_pkg/include/interfaces_pkg/interfaces_pkg/action/detail/rail_approach__rosidl_typesupport_fastrtps_c.h
[43.358s] -- Up-to-date: /home/jeff/theimc_robot/install/interfaces_pkg/include/interfaces_pkg/interfaces_pkg/msg
[43.359s] -- Up-to-date: /home/jeff/theimc_robot/install/interfaces_pkg/include/interfaces_pkg/interfaces_pkg/msg/detail
[43.359s] -- Installing: /home/jeff/theimc_robot/install/interfaces_pkg/include/interfaces_pkg/interfaces_pkg/msg/detail/bounding_box3_d__rosidl_typesupport_fastrtps_c.h
[43.359s] -- Installing: /home/jeff/theimc_robot/install/interfaces_pkg/include/interfaces_pkg/interfaces_pkg/msg/detail/detection__rosidl_typesupport_fastrtps_c.h
[43.360s] -- Installing: /home/jeff/theimc_robot/install/interfaces_pkg/include/interfaces_pkg/interfaces_pkg/msg/detail/key_point3_d__rosidl_typesupport_fastrtps_c.h
[43.360s] -- Installing: /home/jeff/theimc_robot/install/interfaces_pkg/include/interfaces_pkg/interfaces_pkg/msg/detail/detection_array__rosidl_typesupport_fastrtps_c.h
[43.360s] -- Installing: /home/jeff/theimc_robot/install/interfaces_pkg/include/interfaces_pkg/interfaces_pkg/msg/detail/rail_info__rosidl_typesupport_fastrtps_c.h
[43.361s] -- Installing: /home/jeff/theimc_robot/install/interfaces_pkg/include/interfaces_pkg/interfaces_pkg/msg/detail/bounding_box2_d__rosidl_typesupport_fastrtps_c.h
[43.361s] -- Installing: /home/jeff/theimc_robot/install/interfaces_pkg/include/interfaces_pkg/interfaces_pkg/msg/detail/mask__rosidl_typesupport_fastrtps_c.h
[43.361s] -- Installing: /home/jeff/theimc_robot/install/interfaces_pkg/include/interfaces_pkg/interfaces_pkg/msg/detail/key_point3_d_array__rosidl_typesupport_fastrtps_c.h
[43.361s] -- Installing: /home/jeff/theimc_robot/install/interfaces_pkg/include/interfaces_pkg/interfaces_pkg/msg/detail/lane_info__rosidl_typesupport_fastrtps_c.h
[43.362s] -- Installing: /home/jeff/theimc_robot/install/interfaces_pkg/include/interfaces_pkg/interfaces_pkg/msg/detail/pose2_d__rosidl_typesupport_fastrtps_c.h
[43.362s] -- Installing: /home/jeff/theimc_robot/install/interfaces_pkg/include/interfaces_pkg/interfaces_pkg/msg/detail/point2_d__rosidl_typesupport_fastrtps_c.h
[43.362s] -- Installing: /home/jeff/theimc_robot/install/interfaces_pkg/include/interfaces_pkg/interfaces_pkg/msg/detail/path_planning_result__rosidl_typesupport_fastrtps_c.h
[43.363s] -- Installing: /home/jeff/theimc_robot/install/interfaces_pkg/include/interfaces_pkg/interfaces_pkg/msg/detail/motion_command__rosidl_typesupport_fastrtps_c.h
[43.363s] -- Installing: /home/jeff/theimc_robot/install/interfaces_pkg/include/interfaces_pkg/interfaces_pkg/msg/detail/target_point__rosidl_typesupport_fastrtps_c.h
[43.363s] -- Installing: /home/jeff/theimc_robot/install/interfaces_pkg/include/interfaces_pkg/interfaces_pkg/msg/detail/key_point2_d__rosidl_typesupport_fastrtps_c.h
[43.364s] -- Installing: /home/jeff/theimc_robot/install/interfaces_pkg/include/interfaces_pkg/interfaces_pkg/msg/detail/key_point2_d_array__rosidl_typesupport_fastrtps_c.h
[43.364s] -- Installing: /home/jeff/theimc_robot/install/interfaces_pkg/include/interfaces_pkg/interfaces_pkg/msg/detail/vector2__rosidl_typesupport_fastrtps_c.h
[43.364s] -- Installing: /home/jeff/theimc_robot/install/interfaces_pkg/include/interfaces_pkg/interfaces_pkg/msg/rosidl_typesupport_fastrtps_c__visibility_control.h
[43.364s] -- Installing: /home/jeff/theimc_robot/install/interfaces_pkg/lib/libinterfaces_pkg__rosidl_typesupport_fastrtps_c.so
[43.365s] -- Set runtime path of "/home/jeff/theimc_robot/install/interfaces_pkg/lib/libinterfaces_pkg__rosidl_typesupport_fastrtps_c.so" to ""
[43.365s] -- Up-to-date: /home/jeff/theimc_robot/install/interfaces_pkg/include/interfaces_pkg/interfaces_pkg
[43.365s] -- Up-to-date: /home/jeff/theimc_robot/install/interfaces_pkg/include/interfaces_pkg/interfaces_pkg/action
[43.366s] -- Up-to-date: /home/jeff/theimc_robot/install/interfaces_pkg/include/interfaces_pkg/interfaces_pkg/action/detail
[43.366s] -- Installing: /home/jeff/theimc_robot/install/interfaces_pkg/include/interfaces_pkg/interfaces_pkg/action/detail/rail_approach__rosidl_typesupport_introspection_c.h
[43.366s] -- Installing: /home/jeff/theimc_robot/install/interfaces_pkg/include/interfaces_pkg/interfaces_pkg/action/detail/rail_approach__type_support.c
[43.367s] -- Up-to-date: /home/jeff/theimc_robot/install/interfaces_pkg/include/interfaces_pkg/interfaces_pkg/msg
[43.367s] -- Installing: /home/jeff/theimc_robot/install/interfaces_pkg/include/interfaces_pkg/interfaces_pkg/msg/rosidl_typesupport_introspection_c__visibility_control.h
[43.367s] -- Up-to-date: /home/jeff/theimc_robot/install/interfaces_pkg/include/interfaces_pkg/interfaces_pkg/msg/detail
[43.367s] -- Installing: /home/jeff/theimc_robot/install/interfaces_pkg/include/interfaces_pkg/interfaces_pkg/msg/detail/vector2__type_support.c
[43.368s] -- Installing: /home/jeff/theimc_robot/install/interfaces_pkg/include/interfaces_pkg/interfaces_pkg/msg/detail/key_point2_d_array__type_support.c
[43.368s] -- Installing: /home/jeff/theimc_robot/install/interfaces_pkg/include/interfaces_pkg/interfaces_pkg/msg/detail/target_point__type_support.c
[43.368s] -- Installing: /home/jeff/theimc_robot/install/interfaces_pkg/include/interfaces_pkg/interfaces_pkg/msg/detail/key_point3_d__type_support.c
[43.369s] -- Installing: /home/jeff/theimc_robot/install/interfaces_pkg/include/interfaces_pkg/interfaces_pkg/msg/detail/key_point2_d_array__rosidl_typesupport_introspection_c.h
[43.369s] -- Installing: /home/jeff/theimc_robot/install/interfaces_pkg/include/interfaces_pkg/interfaces_pkg/msg/detail/key_point2_d__rosidl_typesupport_introspection_c.h
[43.369s] -- Installing: /home/jeff/theimc_robot/install/interfaces_pkg/include/interfaces_pkg/interfaces_pkg/msg/detail/bounding_box3_d__type_support.c
[43.370s] -- Installing: /home/jeff/theimc_robot/install/interfaces_pkg/include/interfaces_pkg/interfaces_pkg/msg/detail/mask__type_support.c
[43.370s] -- Installing: /home/jeff/theimc_robot/install/interfaces_pkg/include/interfaces_pkg/interfaces_pkg/msg/detail/detection_array__rosidl_typesupport_introspection_c.h
[43.370s] -- Installing: /home/jeff/theimc_robot/install/interfaces_pkg/include/interfaces_pkg/interfaces_pkg/msg/detail/pose2_d__rosidl_typesupport_introspection_c.h
[43.371s] -- Installing: /home/jeff/theimc_robot/install/interfaces_pkg/include/interfaces_pkg/interfaces_pkg/msg/detail/key_point3_d_array__type_support.c
[43.371s] -- Installing: /home/jeff/theimc_robot/install/interfaces_pkg/include/interfaces_pkg/interfaces_pkg/msg/detail/target_point__rosidl_typesupport_introspection_c.h
[43.371s] -- Installing: /home/jeff/theimc_robot/install/interfaces_pkg/include/interfaces_pkg/interfaces_pkg/msg/detail/pose2_d__type_support.c
[43.371s] -- Installing: /home/jeff/theimc_robot/install/interfaces_pkg/include/interfaces_pkg/interfaces_pkg/msg/detail/bounding_box2_d__rosidl_typesupport_introspection_c.h
[43.372s] -- Installing: /home/jeff/theimc_robot/install/interfaces_pkg/include/interfaces_pkg/interfaces_pkg/msg/detail/motion_command__type_support.c
[43.372s] -- Installing: /home/jeff/theimc_robot/install/interfaces_pkg/include/interfaces_pkg/interfaces_pkg/msg/detail/detection__rosidl_typesupport_introspection_c.h
[43.372s] -- Installing: /home/jeff/theimc_robot/install/interfaces_pkg/include/interfaces_pkg/interfaces_pkg/msg/detail/point2_d__rosidl_typesupport_introspection_c.h
[43.373s] -- Installing: /home/jeff/theimc_robot/install/interfaces_pkg/include/interfaces_pkg/interfaces_pkg/msg/detail/detection__type_support.c
[43.373s] -- Installing: /home/jeff/theimc_robot/install/interfaces_pkg/include/interfaces_pkg/interfaces_pkg/msg/detail/vector2__rosidl_typesupport_introspection_c.h
[43.373s] -- Installing: /home/jeff/theimc_robot/install/interfaces_pkg/include/interfaces_pkg/interfaces_pkg/msg/detail/path_planning_result__rosidl_typesupport_introspection_c.h
[43.374s] -- Installing: /home/jeff/theimc_robot/install/interfaces_pkg/include/interfaces_pkg/interfaces_pkg/msg/detail/path_planning_result__type_support.c
[43.374s] -- Installing: /home/jeff/theimc_robot/install/interfaces_pkg/include/interfaces_pkg/interfaces_pkg/msg/detail/point2_d__type_support.c
[43.374s] -- Installing: /home/jeff/theimc_robot/install/interfaces_pkg/include/interfaces_pkg/interfaces_pkg/msg/detail/rail_info__rosidl_typesupport_introspection_c.h
[43.374s] -- Installing: /home/jeff/theimc_robot/install/interfaces_pkg/include/interfaces_pkg/interfaces_pkg/msg/detail/bounding_box3_d__rosidl_typesupport_introspection_c.h
[43.375s] -- Installing: /home/jeff/theimc_robot/install/interfaces_pkg/include/interfaces_pkg/interfaces_pkg/msg/detail/key_point3_d__rosidl_typesupport_introspection_c.h
[43.375s] -- Installing: /home/jeff/theimc_robot/install/interfaces_pkg/include/interfaces_pkg/interfaces_pkg/msg/detail/mask__rosidl_typesupport_introspection_c.h
[43.375s] -- Installing: /home/jeff/theimc_robot/install/interfaces_pkg/include/interfaces_pkg/interfaces_pkg/msg/detail/bounding_box2_d__type_support.c
[43.376s] -- Installing: /home/jeff/theimc_robot/install/interfaces_pkg/include/interfaces_pkg/interfaces_pkg/msg/detail/motion_command__rosidl_typesupport_introspection_c.h
[43.376s] -- Installing: /home/jeff/theimc_robot/install/interfaces_pkg/include/interfaces_pkg/interfaces_pkg/msg/detail/detection_array__type_support.c
[43.376s] -- Installing: /home/jeff/theimc_robot/install/interfaces_pkg/include/interfaces_pkg/interfaces_pkg/msg/detail/key_point3_d_array__rosidl_typesupport_introspection_c.h
[43.377s] -- Installing: /home/jeff/theimc_robot/install/interfaces_pkg/include/interfaces_pkg/interfaces_pkg/msg/detail/key_point2_d__type_support.c
[43.377s] -- Installing: /home/jeff/theimc_robot/install/interfaces_pkg/include/interfaces_pkg/interfaces_pkg/msg/detail/rail_info__type_support.c
[43.377s] -- Installing: /home/jeff/theimc_robot/install/interfaces_pkg/include/interfaces_pkg/interfaces_pkg/msg/detail/lane_info__rosidl_typesupport_introspection_c.h
[43.377s] -- Installing: /home/jeff/theimc_robot/install/interfaces_pkg/include/interfaces_pkg/interfaces_pkg/msg/detail/lane_info__type_support.c
[43.378s] -- Installing: /home/jeff/theimc_robot/install/interfaces_pkg/lib/libinterfaces_pkg__rosidl_typesupport_introspection_c.so
[43.378s] -- Set runtime path of "/home/jeff/theimc_robot/install/interfaces_pkg/lib/libinterfaces_pkg__rosidl_typesupport_introspection_c.so" to ""
[43.378s] -- Installing: /home/jeff/theimc_robot/install/interfaces_pkg/lib/libinterfaces_pkg__rosidl_typesupport_c.so
[43.379s] -- Set runtime path of "/home/jeff/theimc_robot/install/interfaces_pkg/lib/libinterfaces_pkg__rosidl_typesupport_c.so" to ""
[43.379s] -- Up-to-date: /home/jeff/theimc_robot/install/interfaces_pkg/include/interfaces_pkg/interfaces_pkg
[43.379s] -- Up-to-date: /home/jeff/theimc_robot/install/interfaces_pkg/include/interfaces_pkg/interfaces_pkg/action
[43.380s] -- Installing: /home/jeff/theimc_robot/install/interfaces_pkg/include/interfaces_pkg/interfaces_pkg/action/rail_approach.hpp
[43.380s] -- Up-to-date: /home/jeff/theimc_robot/install/interfaces_pkg/include/interfaces_pkg/interfaces_pkg/action/detail
[43.380s] -- Installing: /home/jeff/theimc_robot/install/interfaces_pkg/include/interfaces_pkg/interfaces_pkg/action/detail/rail_approach__type_support.hpp
[43.381s] -- Installing: /home/jeff/theimc_robot/install/interfaces_pkg/include/interfaces_pkg/interfaces_pkg/action/detail/rail_approach__builder.hpp
[43.381s] -- Installing: /home/jeff/theimc_robot/install/interfaces_pkg/include/interfaces_pkg/interfaces_pkg/action/detail/rail_approach__traits.hpp
[43.381s] -- Installing: /home/jeff/theimc_robot/install/interfaces_pkg/include/interfaces_pkg/interfaces_pkg/action/detail/rail_approach__struct.hpp
[43.382s] -- Up-to-date: /home/jeff/theimc_robot/install/interfaces_pkg/include/interfaces_pkg/interfaces_pkg/msg
[43.382s] -- Installing: /home/jeff/theimc_robot/install/interfaces_pkg/include/interfaces_pkg/interfaces_pkg/msg/vector2.hpp
[43.382s] -- Installing: /home/jeff/theimc_robot/install/interfaces_pkg/include/interfaces_pkg/interfaces_pkg/msg/rosidl_generator_cpp__visibility_control.hpp
[43.383s] -- Installing: /home/jeff/theimc_robot/install/interfaces_pkg/include/interfaces_pkg/interfaces_pkg/msg/key_point3_d_array.hpp
[43.383s] -- Installing: /home/jeff/theimc_robot/install/interfaces_pkg/include/interfaces_pkg/interfaces_pkg/msg/detection_array.hpp
[43.383s] -- Installing: /home/jeff/theimc_robot/install/interfaces_pkg/include/interfaces_pkg/interfaces_pkg/msg/bounding_box3_d.hpp
[43.384s] -- Installing: /home/jeff/theimc_robot/install/interfaces_pkg/include/interfaces_pkg/interfaces_pkg/msg/target_point.hpp
[43.384s] -- Installing: /home/jeff/theimc_robot/install/interfaces_pkg/include/interfaces_pkg/interfaces_pkg/msg/path_planning_result.hpp
[43.384s] -- Installing: /home/jeff/theimc_robot/install/interfaces_pkg/include/interfaces_pkg/interfaces_pkg/msg/detection.hpp
[43.384s] -- Installing: /home/jeff/theimc_robot/install/interfaces_pkg/include/interfaces_pkg/interfaces_pkg/msg/pose2_d.hpp
[43.385s] -- Installing: /home/jeff/theimc_robot/install/interfaces_pkg/include/interfaces_pkg/interfaces_pkg/msg/lane_info.hpp
[43.385s] -- Installing: /home/jeff/theimc_robot/install/interfaces_pkg/include/interfaces_pkg/interfaces_pkg/msg/key_point3_d.hpp
[43.385s] -- Installing: /home/jeff/theimc_robot/install/interfaces_pkg/include/interfaces_pkg/interfaces_pkg/msg/motion_command.hpp
[43.386s] -- Installing: /home/jeff/theimc_robot/install/interfaces_pkg/include/interfaces_pkg/interfaces_pkg/msg/mask.hpp
[43.386s] -- Installing: /home/jeff/theimc_robot/install/interfaces_pkg/include/interfaces_pkg/interfaces_pkg/msg/key_point2_d_array.hpp
[43.386s] -- Up-to-date: /home/jeff/theimc_robot/install/interfaces_pkg/include/interfaces_pkg/interfaces_pkg/msg/detail
[43.387s] -- Installing: /home/jeff/theimc_robot/install/interfaces_pkg/include/interfaces_pkg/interfaces_pkg/msg/detail/bounding_box2_d__traits.hpp
[43.387s] -- Installing: /home/jeff/theimc_robot/install/interfaces_pkg/include/interfaces_pkg/interfaces_pkg/msg/detail/key_point2_d_array__traits.hpp
[43.387s] -- Installing: /home/jeff/theimc_robot/install/interfaces_pkg/include/interfaces_pkg/interfaces_pkg/msg/detail/detection__builder.hpp
[43.388s] -- Installing: /home/jeff/theimc_robot/install/interfaces_pkg/include/interfaces_pkg/interfaces_pkg/msg/detail/lane_info__traits.hpp
[43.388s] -- Installing: /home/jeff/theimc_robot/install/interfaces_pkg/include/interfaces_pkg/interfaces_pkg/msg/detail/bounding_box2_d__builder.hpp
[43.388s] -- Installing: /home/jeff/theimc_robot/install/interfaces_pkg/include/interfaces_pkg/interfaces_pkg/msg/detail/target_point__traits.hpp
[43.389s] -- Installing: /home/jeff/theimc_robot/install/interfaces_pkg/include/interfaces_pkg/interfaces_pkg/msg/detail/path_planning_result__struct.hpp
[43.389s] -- Installing: /home/jeff/theimc_robot/install/interfaces_pkg/include/interfaces_pkg/interfaces_pkg/msg/detail/key_point3_d_array__traits.hpp
[43.389s] -- Installing: /home/jeff/theimc_robot/install/interfaces_pkg/include/interfaces_pkg/interfaces_pkg/msg/detail/motion_command__struct.hpp
[43.390s] -- Installing: /home/jeff/theimc_robot/install/interfaces_pkg/include/interfaces_pkg/interfaces_pkg/msg/detail/path_planning_result__type_support.hpp
[43.390s] -- Installing: /home/jeff/theimc_robot/install/interfaces_pkg/include/interfaces_pkg/interfaces_pkg/msg/detail/bounding_box2_d__struct.hpp
[43.390s] -- Installing: /home/jeff/theimc_robot/install/interfaces_pkg/include/interfaces_pkg/interfaces_pkg/msg/detail/target_point__struct.hpp
[43.390s] -- Installing: /home/jeff/theimc_robot/install/interfaces_pkg/include/interfaces_pkg/interfaces_pkg/msg/detail/detection_array__type_support.hpp
[43.391s] -- Installing: /home/jeff/theimc_robot/install/interfaces_pkg/include/interfaces_pkg/interfaces_pkg/msg/detail/bounding_box3_d__struct.hpp
[43.391s] -- Installing: /home/jeff/theimc_robot/install/interfaces_pkg/include/interfaces_pkg/interfaces_pkg/msg/detail/vector2__traits.hpp
[43.391s] -- Installing: /home/jeff/theimc_robot/install/interfaces_pkg/include/interfaces_pkg/interfaces_pkg/msg/detail/key_point3_d_array__struct.hpp
[43.391s] -- Installing: /home/jeff/theimc_robot/install/interfaces_pkg/include/interfaces_pkg/interfaces_pkg/msg/detail/motion_command__builder.hpp
[43.392s] -- Installing: /home/jeff/theimc_robot/install/interfaces_pkg/include/interfaces_pkg/interfaces_pkg/msg/detail/key_point2_d__builder.hpp
[43.392s] -- Installing: /home/jeff/theimc_robot/install/interfaces_pkg/include/interfaces_pkg/interfaces_pkg/msg/detail/key_point3_d__struct.hpp
[43.392s] -- Installing: /home/jeff/theimc_robot/install/interfaces_pkg/include/interfaces_pkg/interfaces_pkg/msg/detail/point2_d__type_support.hpp
[43.392s] -- Installing: /home/jeff/theimc_robot/install/interfaces_pkg/include/interfaces_pkg/interfaces_pkg/msg/detail/detection_array__traits.hpp
[43.393s] -- Installing: /home/jeff/theimc_robot/install/interfaces_pkg/include/interfaces_pkg/interfaces_pkg/msg/detail/key_point2_d_array__type_support.hpp
[43.393s] -- Installing: /home/jeff/theimc_robot/install/interfaces_pkg/include/interfaces_pkg/interfaces_pkg/msg/detail/key_point2_d_array__builder.hpp
[43.393s] -- Installing: /home/jeff/theimc_robot/install/interfaces_pkg/include/interfaces_pkg/interfaces_pkg/msg/detail/key_point3_d_array__type_support.hpp
[43.394s] -- Installing: /home/jeff/theimc_robot/install/interfaces_pkg/include/interfaces_pkg/interfaces_pkg/msg/detail/pose2_d__type_support.hpp
[43.394s] -- Installing: /home/jeff/theimc_robot/install/interfaces_pkg/include/interfaces_pkg/interfaces_pkg/msg/detail/bounding_box3_d__builder.hpp
[43.394s] -- Installing: /home/jeff/theimc_robot/install/interfaces_pkg/include/interfaces_pkg/interfaces_pkg/msg/detail/key_point3_d__type_support.hpp
[43.395s] -- Installing: /home/jeff/theimc_robot/install/interfaces_pkg/include/interfaces_pkg/interfaces_pkg/msg/detail/vector2__builder.hpp
[43.395s] -- Installing: /home/jeff/theimc_robot/install/interfaces_pkg/include/interfaces_pkg/interfaces_pkg/msg/detail/point2_d__struct.hpp
[43.395s] -- Installing: /home/jeff/theimc_robot/install/interfaces_pkg/include/interfaces_pkg/interfaces_pkg/msg/detail/key_point2_d__struct.hpp
[43.395s] -- Installing: /home/jeff/theimc_robot/install/interfaces_pkg/include/interfaces_pkg/interfaces_pkg/msg/detail/vector2__type_support.hpp
[43.396s] -- Installing: /home/jeff/theimc_robot/install/interfaces_pkg/include/interfaces_pkg/interfaces_pkg/msg/detail/path_planning_result__builder.hpp
[43.396s] -- Installing: /home/jeff/theimc_robot/install/interfaces_pkg/include/interfaces_pkg/interfaces_pkg/msg/detail/pose2_d__builder.hpp
[43.396s] -- Installing: /home/jeff/theimc_robot/install/interfaces_pkg/include/interfaces_pkg/interfaces_pkg/msg/detail/bounding_box2_d__type_support.hpp
[43.397s] -- Installing: /home/jeff/theimc_robot/install/interfaces_pkg/include/interfaces_pkg/interfaces_pkg/msg/detail/detection__struct.hpp
[43.397s] -- Installing: /home/jeff/theimc_robot/install/interfaces_pkg/include/interfaces_pkg/interfaces_pkg/msg/detail/key_point2_d__traits.hpp
[43.397s] -- Installing: /home/jeff/theimc_robot/install/interfaces_pkg/include/interfaces_pkg/interfaces_pkg/msg/detail/detection__type_support.hpp
[43.398s] -- Installing: /home/jeff/theimc_robot/install/interfaces_pkg/include/interfaces_pkg/interfaces_pkg/msg/detail/vector2__struct.hpp
[43.398s] -- Installing: /home/jeff/theimc_robot/install/interfaces_pkg/include/interfaces_pkg/interfaces_pkg/msg/detail/key_point3_d__builder.hpp
[43.398s] -- Installing: /home/jeff/theimc_robot/install/interfaces_pkg/include/interfaces_pkg/interfaces_pkg/msg/detail/mask__traits.hpp
[43.398s] -- Installing: /home/jeff/theimc_robot/install/interfaces_pkg/include/interfaces_pkg/interfaces_pkg/msg/detail/target_point__builder.hpp
[43.399s] -- Installing: /home/jeff/theimc_robot/install/interfaces_pkg/include/interfaces_pkg/interfaces_pkg/msg/detail/point2_d__traits.hpp
[43.399s] -- Installing: /home/jeff/theimc_robot/install/interfaces_pkg/include/interfaces_pkg/interfaces_pkg/msg/detail/rail_info__traits.hpp
[43.399s] -- Installing: /home/jeff/theimc_robot/install/interfaces_pkg/include/interfaces_pkg/interfaces_pkg/msg/detail/motion_command__traits.hpp
[43.400s] -- Installing: /home/jeff/theimc_robot/install/interfaces_pkg/include/interfaces_pkg/interfaces_pkg/msg/detail/lane_info__type_support.hpp
[43.400s] -- Installing: /home/jeff/theimc_robot/install/interfaces_pkg/include/interfaces_pkg/interfaces_pkg/msg/detail/point2_d__builder.hpp
[43.400s] -- Installing: /home/jeff/theimc_robot/install/interfaces_pkg/include/interfaces_pkg/interfaces_pkg/msg/detail/bounding_box3_d__type_support.hpp
[43.401s] -- Installing: /home/jeff/theimc_robot/install/interfaces_pkg/include/interfaces_pkg/interfaces_pkg/msg/detail/motion_command__type_support.hpp
[43.401s] -- Installing: /home/jeff/theimc_robot/install/interfaces_pkg/include/interfaces_pkg/interfaces_pkg/msg/detail/detection_array__struct.hpp
[43.401s] -- Installing: /home/jeff/theimc_robot/install/interfaces_pkg/include/interfaces_pkg/interfaces_pkg/msg/detail/target_point__type_support.hpp
[43.401s] -- Installing: /home/jeff/theimc_robot/install/interfaces_pkg/include/interfaces_pkg/interfaces_pkg/msg/detail/mask__struct.hpp
[43.402s] -- Installing: /home/jeff/theimc_robot/install/interfaces_pkg/include/interfaces_pkg/interfaces_pkg/msg/detail/rail_info__struct.hpp
[43.402s] -- Installing: /home/jeff/theimc_robot/install/interfaces_pkg/include/interfaces_pkg/interfaces_pkg/msg/detail/key_point2_d__type_support.hpp
[43.402s] -- Installing: /home/jeff/theimc_robot/install/interfaces_pkg/include/interfaces_pkg/interfaces_pkg/msg/detail/rail_info__builder.hpp
[43.402s] -- Installing: /home/jeff/theimc_robot/install/interfaces_pkg/include/interfaces_pkg/interfaces_pkg/msg/detail/lane_info__struct.hpp
[43.403s] -- Installing: /home/jeff/theimc_robot/install/interfaces_pkg/include/interfaces_pkg/interfaces_pkg/msg/detail/lane_info__builder.hpp
[43.403s] -- Installing: /home/jeff/theimc_robot/install/interfaces_pkg/include/interfaces_pkg/interfaces_pkg/msg/detail/key_point3_d__traits.hpp
[43.403s] -- Installing: /home/jeff/theimc_robot/install/interfaces_pkg/include/interfaces_pkg/interfaces_pkg/msg/detail/mask__type_support.hpp
[43.403s] -- Installing: /home/jeff/theimc_robot/install/interfaces_pkg/include/interfaces_pkg/interfaces_pkg/msg/detail/mask__builder.hpp
[43.404s] -- Installing: /home/jeff/theimc_robot/install/interfaces_pkg/include/interfaces_pkg/interfaces_pkg/msg/detail/key_point3_d_array__builder.hpp
[43.404s] -- Installing: /home/jeff/theimc_robot/install/interfaces_pkg/include/interfaces_pkg/interfaces_pkg/msg/detail/rail_info__type_support.hpp
[43.404s] -- Installing: /home/jeff/theimc_robot/install/interfaces_pkg/include/interfaces_pkg/interfaces_pkg/msg/detail/detection__traits.hpp
[43.404s] -- Installing: /home/jeff/theimc_robot/install/interfaces_pkg/include/interfaces_pkg/interfaces_pkg/msg/detail/pose2_d__traits.hpp
[43.405s] -- Installing: /home/jeff/theimc_robot/install/interfaces_pkg/include/interfaces_pkg/interfaces_pkg/msg/detail/key_point2_d_array__struct.hpp
[43.405s] -- Installing: /home/jeff/theimc_robot/install/interfaces_pkg/include/interfaces_pkg/interfaces_pkg/msg/detail/detection_array__builder.hpp
[43.405s] -- Installing: /home/jeff/theimc_robot/install/interfaces_pkg/include/interfaces_pkg/interfaces_pkg/msg/detail/bounding_box3_d__traits.hpp
[43.406s] -- Installing: /home/jeff/theimc_robot/install/interfaces_pkg/include/interfaces_pkg/interfaces_pkg/msg/detail/path_planning_result__traits.hpp
[43.406s] -- Installing: /home/jeff/theimc_robot/install/interfaces_pkg/include/interfaces_pkg/interfaces_pkg/msg/detail/pose2_d__struct.hpp
[43.406s] -- Installing: /home/jeff/theimc_robot/install/interfaces_pkg/include/interfaces_pkg/interfaces_pkg/msg/bounding_box2_d.hpp
[43.406s] -- Installing: /home/jeff/theimc_robot/install/interfaces_pkg/include/interfaces_pkg/interfaces_pkg/msg/point2_d.hpp
[43.407s] -- Installing: /home/jeff/theimc_robot/install/interfaces_pkg/include/interfaces_pkg/interfaces_pkg/msg/rail_info.hpp
[43.407s] -- Installing: /home/jeff/theimc_robot/install/interfaces_pkg/include/interfaces_pkg/interfaces_pkg/msg/key_point2_d.hpp
[43.407s] -- Up-to-date: /home/jeff/theimc_robot/install/interfaces_pkg/include/interfaces_pkg/interfaces_pkg
[43.407s] -- Up-to-date: /home/jeff/theimc_robot/install/interfaces_pkg/include/interfaces_pkg/interfaces_pkg/action
[43.408s] -- Up-to-date: /home/jeff/theimc_robot/install/interfaces_pkg/include/interfaces_pkg/interfaces_pkg/action/detail
[43.408s] -- Installing: /home/jeff/theimc_robot/install/interfaces_pkg/include/interfaces_pkg/interfaces_pkg/action/detail/dds_fastrtps
[43.409s] -- Installing: /home/jeff/theimc_robot/install/interfaces_pkg/include/interfaces_pkg/interfaces_pkg/action/detail/rail_approach__rosidl_typesupport_fastrtps_cpp.hpp
[43.409s] -- Up-to-date: /home/jeff/theimc_robot/install/interfaces_pkg/include/interfaces_pkg/interfaces_pkg/msg
[43.409s] -- Up-to-date: /home/jeff/theimc_robot/install/interfaces_pkg/include/interfaces_pkg/interfaces_pkg/msg/detail
[43.409s] -- Installing: /home/jeff/theimc_robot/install/interfaces_pkg/include/interfaces_pkg/interfaces_pkg/msg/detail/detection_array__rosidl_typesupport_fastrtps_cpp.hpp
[43.410s] -- Installing: /home/jeff/theimc_robot/install/interfaces_pkg/include/interfaces_pkg/interfaces_pkg/msg/detail/pose2_d__rosidl_typesupport_fastrtps_cpp.hpp
[43.410s] -- Installing: /home/jeff/theimc_robot/install/interfaces_pkg/include/interfaces_pkg/interfaces_pkg/msg/detail/dds_fastrtps
[43.410s] -- Installing: /home/jeff/theimc_robot/install/interfaces_pkg/include/interfaces_pkg/interfaces_pkg/msg/detail/vector2__rosidl_typesupport_fastrtps_cpp.hpp
[43.411s] -- Installing: /home/jeff/theimc_robot/install/interfaces_pkg/include/interfaces_pkg/interfaces_pkg/msg/detail/mask__rosidl_typesupport_fastrtps_cpp.hpp
[43.411s] -- Installing: /home/jeff/theimc_robot/install/interfaces_pkg/include/interfaces_pkg/interfaces_pkg/msg/detail/point2_d__rosidl_typesupport_fastrtps_cpp.hpp
[43.411s] -- Installing: /home/jeff/theimc_robot/install/interfaces_pkg/include/interfaces_pkg/interfaces_pkg/msg/detail/target_point__rosidl_typesupport_fastrtps_cpp.hpp
[43.411s] -- Installing: /home/jeff/theimc_robot/install/interfaces_pkg/include/interfaces_pkg/interfaces_pkg/msg/detail/detection__rosidl_typesupport_fastrtps_cpp.hpp
[43.412s] -- Installing: /home/jeff/theimc_robot/install/interfaces_pkg/include/interfaces_pkg/interfaces_pkg/msg/detail/key_point2_d_array__rosidl_typesupport_fastrtps_cpp.hpp
[43.412s] -- Installing: /home/jeff/theimc_robot/install/interfaces_pkg/include/interfaces_pkg/interfaces_pkg/msg/detail/motion_command__rosidl_typesupport_fastrtps_cpp.hpp
[43.412s] -- Installing: /home/jeff/theimc_robot/install/interfaces_pkg/include/interfaces_pkg/interfaces_pkg/msg/detail/path_planning_result__rosidl_typesupport_fastrtps_cpp.hpp
[43.413s] -- Installing: /home/jeff/theimc_robot/install/interfaces_pkg/include/interfaces_pkg/interfaces_pkg/msg/detail/lane_info__rosidl_typesupport_fastrtps_cpp.hpp
[43.413s] -- Installing: /home/jeff/theimc_robot/install/interfaces_pkg/include/interfaces_pkg/interfaces_pkg/msg/detail/bounding_box2_d__rosidl_typesupport_fastrtps_cpp.hpp
[43.413s] -- Installing: /home/jeff/theimc_robot/install/interfaces_pkg/include/interfaces_pkg/interfaces_pkg/msg/detail/rail_info__rosidl_typesupport_fastrtps_cpp.hpp
[43.413s] -- Installing: /home/jeff/theimc_robot/install/interfaces_pkg/include/interfaces_pkg/interfaces_pkg/msg/detail/bounding_box3_d__rosidl_typesupport_fastrtps_cpp.hpp
[43.414s] -- Installing: /home/jeff/theimc_robot/install/interfaces_pkg/include/interfaces_pkg/interfaces_pkg/msg/detail/key_point2_d__rosidl_typesupport_fastrtps_cpp.hpp
[43.414s] -- Installing: /home/jeff/theimc_robot/install/interfaces_pkg/include/interfaces_pkg/interfaces_pkg/msg/detail/key_point3_d_array__rosidl_typesupport_fastrtps_cpp.hpp
[43.415s] -- Installing: /home/jeff/theimc_robot/install/interfaces_pkg/include/interfaces_pkg/interfaces_pkg/msg/detail/key_point3_d__rosidl_typesupport_fastrtps_cpp.hpp
[43.415s] -- Installing: /home/jeff/theimc_robot/install/interfaces_pkg/include/interfaces_pkg/interfaces_pkg/msg/rosidl_typesupport_fastrtps_cpp__visibility_control.h
[43.415s] -- Installing: /home/jeff/theimc_robot/install/interfaces_pkg/lib/libinterfaces_pkg__rosidl_typesupport_fastrtps_cpp.so
[43.416s] -- Set runtime path of "/home/jeff/theimc_robot/install/interfaces_pkg/lib/libinterfaces_pkg__rosidl_typesupport_fastrtps_cpp.so" to ""
[43.416s] -- Up-to-date: /home/jeff/theimc_robot/install/interfaces_pkg/include/interfaces_pkg/interfaces_pkg
[43.416s] -- Up-to-date: /home/jeff/theimc_robot/install/interfaces_pkg/include/interfaces_pkg/interfaces_pkg/action
[43.417s] -- Up-to-date: /home/jeff/theimc_robot/install/interfaces_pkg/include/interfaces_pkg/interfaces_pkg/action/detail
[43.417s] -- Installing: /home/jeff/theimc_robot/install/interfaces_pkg/include/interfaces_pkg/interfaces_pkg/action/detail/rail_approach__type_support.cpp
[43.417s] -- Installing: /home/jeff/theimc_robot/install/interfaces_pkg/include/interfaces_pkg/interfaces_pkg/action/detail/rail_approach__rosidl_typesupport_introspection_cpp.hpp
[43.417s] -- Up-to-date: /home/jeff/theimc_robot/install/interfaces_pkg/include/interfaces_pkg/interfaces_pkg/msg
[43.418s] -- Up-to-date: /home/jeff/theimc_robot/install/interfaces_pkg/include/interfaces_pkg/interfaces_pkg/msg/detail
[43.418s] -- Installing: /home/jeff/theimc_robot/install/interfaces_pkg/include/interfaces_pkg/interfaces_pkg/msg/detail/key_point2_d_array__type_support.cpp
[43.418s] -- Installing: /home/jeff/theimc_robot/install/interfaces_pkg/include/interfaces_pkg/interfaces_pkg/msg/detail/point2_d__rosidl_typesupport_introspection_cpp.hpp
[43.418s] -- Installing: /home/jeff/theimc_robot/install/interfaces_pkg/include/interfaces_pkg/interfaces_pkg/msg/detail/path_planning_result__rosidl_typesupport_introspection_cpp.hpp
[43.419s] -- Installing: /home/jeff/theimc_robot/install/interfaces_pkg/include/interfaces_pkg/interfaces_pkg/msg/detail/key_point3_d_array__type_support.cpp
[43.419s] -- Installing: /home/jeff/theimc_robot/install/interfaces_pkg/include/interfaces_pkg/interfaces_pkg/msg/detail/pose2_d__type_support.cpp
[43.419s] -- Installing: /home/jeff/theimc_robot/install/interfaces_pkg/include/interfaces_pkg/interfaces_pkg/msg/detail/bounding_box3_d__type_support.cpp
[43.419s] -- Installing: /home/jeff/theimc_robot/install/interfaces_pkg/include/interfaces_pkg/interfaces_pkg/msg/detail/bounding_box2_d__type_support.cpp
[43.419s] -- Installing: /home/jeff/theimc_robot/install/interfaces_pkg/include/interfaces_pkg/interfaces_pkg/msg/detail/vector2__rosidl_typesupport_introspection_cpp.hpp
[43.420s] -- Installing: /home/jeff/theimc_robot/install/interfaces_pkg/include/interfaces_pkg/interfaces_pkg/msg/detail/bounding_box3_d__rosidl_typesupport_introspection_cpp.hpp
[43.420s] -- Installing: /home/jeff/theimc_robot/install/interfaces_pkg/include/interfaces_pkg/interfaces_pkg/msg/detail/lane_info__type_support.cpp
[43.420s] -- Installing: /home/jeff/theimc_robot/install/interfaces_pkg/include/interfaces_pkg/interfaces_pkg/msg/detail/key_point3_d_array__rosidl_typesupport_introspection_cpp.hpp
[43.420s] -- Installing: /home/jeff/theimc_robot/install/interfaces_pkg/include/interfaces_pkg/interfaces_pkg/msg/detail/lane_info__rosidl_typesupport_introspection_cpp.hpp
[43.421s] -- Installing: /home/jeff/theimc_robot/install/interfaces_pkg/include/interfaces_pkg/interfaces_pkg/msg/detail/key_point3_d__type_support.cpp
[43.421s] -- Installing: /home/jeff/theimc_robot/install/interfaces_pkg/include/interfaces_pkg/interfaces_pkg/msg/detail/rail_info__type_support.cpp
[43.421s] -- Installing: /home/jeff/theimc_robot/install/interfaces_pkg/include/interfaces_pkg/interfaces_pkg/msg/detail/key_point3_d__rosidl_typesupport_introspection_cpp.hpp
[43.421s] -- Installing: /home/jeff/theimc_robot/install/interfaces_pkg/include/interfaces_pkg/interfaces_pkg/msg/detail/mask__type_support.cpp
[43.421s] -- Installing: /home/jeff/theimc_robot/install/interfaces_pkg/include/interfaces_pkg/interfaces_pkg/msg/detail/target_point__rosidl_typesupport_introspection_cpp.hpp
[43.422s] -- Installing: /home/jeff/theimc_robot/install/interfaces_pkg/include/interfaces_pkg/interfaces_pkg/msg/detail/key_point2_d_array__rosidl_typesupport_introspection_cpp.hpp
[43.422s] -- Installing: /home/jeff/theimc_robot/install/interfaces_pkg/include/interfaces_pkg/interfaces_pkg/msg/detail/point2_d__type_support.cpp
[43.422s] -- Installing: /home/jeff/theimc_robot/install/interfaces_pkg/include/interfaces_pkg/interfaces_pkg/msg/detail/motion_command__rosidl_typesupport_introspection_cpp.hpp
[43.422s] -- Installing: /home/jeff/theimc_robot/install/interfaces_pkg/include/interfaces_pkg/interfaces_pkg/msg/detail/path_planning_result__type_support.cpp
[43.422s] -- Installing: /home/jeff/theimc_robot/install/interfaces_pkg/include/interfaces_pkg/interfaces_pkg/msg/detail/mask__rosidl_typesupport_introspection_cpp.hpp
[43.423s] -- Installing: /home/jeff/theimc_robot/install/interfaces_pkg/include/interfaces_pkg/interfaces_pkg/msg/detail/rail_info__rosidl_typesupport_introspection_cpp.hpp
[43.423s] -- Installing: /home/jeff/theimc_robot/install/interfaces_pkg/include/interfaces_pkg/interfaces_pkg/msg/detail/key_point2_d__type_support.cpp
[43.423s] -- Installing: /home/jeff/theimc_robot/install/interfaces_pkg/include/interfaces_pkg/interfaces_pkg/msg/detail/detection_array__rosidl_typesupport_introspection_cpp.hpp
[43.423s] -- Installing: /home/jeff/theimc_robot/install/interfaces_pkg/include/interfaces_pkg/interfaces_pkg/msg/detail/vector2__type_support.cpp
[43.423s] -- Installing: /home/jeff/theimc_robot/install/interfaces_pkg/include/interfaces_pkg/interfaces_pkg/msg/detail/motion_command__type_support.cpp
[43.424s] -- Installing: /home/jeff/theimc_robot/install/interfaces_pkg/include/interfaces_pkg/interfaces_pkg/msg/detail/detection__rosidl_typesupport_introspection_cpp.hpp
[43.424s] -- Installing: /home/jeff/theimc_robot/install/interfaces_pkg/include/interfaces_pkg/interfaces_pkg/msg/detail/bounding_box2_d__rosidl_typesupport_introspection_cpp.hpp
[43.424s] -- Installing: /home/jeff/theimc_robot/install/interfaces_pkg/include/interfaces_pkg/interfaces_pkg/msg/detail/detection__type_support.cpp
[43.424s] -- Installing: /home/jeff/theimc_robot/install/interfaces_pkg/include/interfaces_pkg/interfaces_pkg/msg/detail/pose2_d__rosidl_typesupport_introspection_cpp.hpp
[43.424s] -- Installing: /home/jeff/theimc_robot/install/interfaces_pkg/include/interfaces_pkg/interfaces_pkg/msg/detail/target_point__type_support.cpp
[43.425s] -- Installing: /home/jeff/theimc_robot/install/interfaces_pkg/include/interfaces_pkg/interfaces_pkg/msg/detail/key_point2_d__rosidl_typesupport_introspection_cpp.hpp
[43.425s] -- Installing: /home/jeff/theimc_robot/install/interfaces_pkg/include/interfaces_pkg/interfaces_pkg/msg/detail/detection_array__type_support.cpp
[43.425s] -- Installing: /home/jeff/theimc_robot/install/interfaces_pkg/lib/libinterfaces_pkg__rosidl_typesupport_introspection_cpp.so
[43.425s] -- Set runtime path of "/home/jeff/theimc_robot/install/interfaces_pkg/lib/libinterfaces_pkg__rosidl_typesupport_introspection_cpp.so" to ""
[43.425s] -- Installing: /home/jeff/theimc_robot/install/interfaces_pkg/lib/libinterfaces_pkg__rosidl_typesupport_cpp.so
[43.426s] -- Set runtime path of "/home/jeff/theimc_robot/install/interfaces_pkg/lib/libinterfaces_pkg__rosidl_typesupport_cpp.so" to ""
[43.426s] -- Installing: /home/jeff/theimc_robot/install/interfaces_pkg/share/interfaces_pkg/environment/pythonpath.sh
[43.426s] -- Installing: /home/jeff/theimc_robot/install/interfaces_pkg/share/interfaces_pkg/environment/pythonpath.dsv
[43.426s] -- Installing: /home/jeff/theimc_robot/install/interfaces_pkg/local/lib/python3.10/dist-packages/interfaces_pkg-0.0.0-py3.10.egg-info
[43.426s] -- Installing: /home/jeff/theimc_robot/install/interfaces_pkg/local/lib/python3.10/dist-packages/interfaces_pkg-0.0.0-py3.10.egg-info/top_level.txt
[43.427s] -- Installing: /home/jeff/theimc_robot/install/interfaces_pkg/local/lib/python3.10/dist-packages/interfaces_pkg-0.0.0-py3.10.egg-info/PKG-INFO
[43.427s] -- Installing: /home/jeff/theimc_robot/install/interfaces_pkg/local/lib/python3.10/dist-packages/interfaces_pkg-0.0.0-py3.10.egg-info/SOURCES.txt
[43.427s] -- Installing: /home/jeff/theimc_robot/install/interfaces_pkg/local/lib/python3.10/dist-packages/interfaces_pkg-0.0.0-py3.10.egg-info/dependency_links.txt
[43.427s] -- Installing: /home/jeff/theimc_robot/install/interfaces_pkg/local/lib/python3.10/dist-packages/interfaces_pkg
[43.427s] -- Installing: /home/jeff/theimc_robot/install/interfaces_pkg/local/lib/python3.10/dist-packages/interfaces_pkg/__init__.py
[43.428s] -- Installing: /home/jeff/theimc_robot/install/interfaces_pkg/local/lib/python3.10/dist-packages/interfaces_pkg/action
[43.428s] -- Installing: /home/jeff/theimc_robot/install/interfaces_pkg/local/lib/python3.10/dist-packages/interfaces_pkg/action/__init__.py
[43.428s] -- Installing: /home/jeff/theimc_robot/install/interfaces_pkg/local/lib/python3.10/dist-packages/interfaces_pkg/action/_rail_approach.py
[43.428s] -- Installing: /home/jeff/theimc_robot/install/interfaces_pkg/local/lib/python3.10/dist-packages/interfaces_pkg/action/_rail_approach_s.c
[43.428s] -- Installing: /home/jeff/theimc_robot/install/interfaces_pkg/local/lib/python3.10/dist-packages/interfaces_pkg/interfaces_pkg_s__rosidl_typesupport_c.cpython-310-aarch64-linux-gnu.so
[43.429s] -- Installing: /home/jeff/theimc_robot/install/interfaces_pkg/local/lib/python3.10/dist-packages/interfaces_pkg/_interfaces_pkg_s.ep.rosidl_typesupport_fastrtps_c.c
[43.429s] -- Installing: /home/jeff/theimc_robot/install/interfaces_pkg/local/lib/python3.10/dist-packages/interfaces_pkg/_interfaces_pkg_s.ep.rosidl_typesupport_c.c
[43.429s] -- Installing: /home/jeff/theimc_robot/install/interfaces_pkg/local/lib/python3.10/dist-packages/interfaces_pkg/_interfaces_pkg_s.ep.rosidl_typesupport_introspection_c.c
[43.429s] -- Installing: /home/jeff/theimc_robot/install/interfaces_pkg/local/lib/python3.10/dist-packages/interfaces_pkg/msg
[43.429s] -- Installing: /home/jeff/theimc_robot/install/interfaces_pkg/local/lib/python3.10/dist-packages/interfaces_pkg/msg/__init__.py
[43.430s] -- Installing: /home/jeff/theimc_robot/install/interfaces_pkg/local/lib/python3.10/dist-packages/interfaces_pkg/msg/_pose2_d.py
[43.430s] -- Installing: /home/jeff/theimc_robot/install/interfaces_pkg/local/lib/python3.10/dist-packages/interfaces_pkg/msg/_key_point2_d_s.c
[43.430s] -- Installing: /home/jeff/theimc_robot/install/interfaces_pkg/local/lib/python3.10/dist-packages/interfaces_pkg/msg/_path_planning_result.py
[43.430s] -- Installing: /home/jeff/theimc_robot/install/interfaces_pkg/local/lib/python3.10/dist-packages/interfaces_pkg/msg/_target_point.py
[43.430s] -- Installing: /home/jeff/theimc_robot/install/interfaces_pkg/local/lib/python3.10/dist-packages/interfaces_pkg/msg/_bounding_box3_d.py
[43.430s] -- Installing: /home/jeff/theimc_robot/install/interfaces_pkg/local/lib/python3.10/dist-packages/interfaces_pkg/msg/_lane_info_s.c
[43.431s] -- Installing: /home/jeff/theimc_robot/install/interfaces_pkg/local/lib/python3.10/dist-packages/interfaces_pkg/msg/_detection_s.c
[43.431s] -- Installing: /home/jeff/theimc_robot/install/interfaces_pkg/local/lib/python3.10/dist-packages/interfaces_pkg/msg/_vector2_s.c
[43.431s] -- Installing: /home/jeff/theimc_robot/install/interfaces_pkg/local/lib/python3.10/dist-packages/interfaces_pkg/msg/_mask.py
[43.431s] -- Installing: /home/jeff/theimc_robot/install/interfaces_pkg/local/lib/python3.10/dist-packages/interfaces_pkg/msg/_point2_d.py
[43.431s] -- Installing: /home/jeff/theimc_robot/install/interfaces_pkg/local/lib/python3.10/dist-packages/interfaces_pkg/msg/_target_point_s.c
[43.432s] -- Installing: /home/jeff/theimc_robot/install/interfaces_pkg/local/lib/python3.10/dist-packages/interfaces_pkg/msg/_detection_array.py
[43.432s] -- Installing: /home/jeff/theimc_robot/install/interfaces_pkg/local/lib/python3.10/dist-packages/interfaces_pkg/msg/_key_point2_d_array.py
[43.432s] -- Installing: /home/jeff/theimc_robot/install/interfaces_pkg/local/lib/python3.10/dist-packages/interfaces_pkg/msg/_vector2.py
[43.432s] -- Installing: /home/jeff/theimc_robot/install/interfaces_pkg/local/lib/python3.10/dist-packages/interfaces_pkg/msg/_rail_info.py
[43.432s] -- Installing: /home/jeff/theimc_robot/install/interfaces_pkg/local/lib/python3.10/dist-packages/interfaces_pkg/msg/_key_point2_d_array_s.c
[43.433s] -- Installing: /home/jeff/theimc_robot/install/interfaces_pkg/local/lib/python3.10/dist-packages/interfaces_pkg/msg/_key_point2_d.py
[43.433s] -- Installing: /home/jeff/theimc_robot/install/interfaces_pkg/local/lib/python3.10/dist-packages/interfaces_pkg/msg/_motion_command.py
[43.433s] -- Installing: /home/jeff/theimc_robot/install/interfaces_pkg/local/lib/python3.10/dist-packages/interfaces_pkg/msg/_key_point3_d.py
[43.433s] -- Installing: /home/jeff/theimc_robot/install/interfaces_pkg/local/lib/python3.10/dist-packages/interfaces_pkg/msg/_bounding_box2_d_s.c
[43.433s] -- Installing: /home/jeff/theimc_robot/install/interfaces_pkg/local/lib/python3.10/dist-packages/interfaces_pkg/msg/_path_planning_result_s.c
[43.433s] -- Installing: /home/jeff/theimc_robot/install/interfaces_pkg/local/lib/python3.10/dist-packages/interfaces_pkg/msg/_rail_info_s.c
[43.434s] -- Installing: /home/jeff/theimc_robot/install/interfaces_pkg/local/lib/python3.10/dist-packages/interfaces_pkg/msg/_point2_d_s.c
[43.434s] -- Installing: /home/jeff/theimc_robot/install/interfaces_pkg/local/lib/python3.10/dist-packages/interfaces_pkg/msg/_bounding_box2_d.py
[43.434s] -- Installing: /home/jeff/theimc_robot/install/interfaces_pkg/local/lib/python3.10/dist-packages/interfaces_pkg/msg/_key_point3_d_array_s.c
[43.434s] -- Installing: /home/jeff/theimc_robot/install/interfaces_pkg/local/lib/python3.10/dist-packages/interfaces_pkg/msg/_bounding_box3_d_s.c
[43.434s] -- Installing: /home/jeff/theimc_robot/install/interfaces_pkg/local/lib/python3.10/dist-packages/interfaces_pkg/msg/_detection_array_s.c
[43.434s] -- Installing: /home/jeff/theimc_robot/install/interfaces_pkg/local/lib/python3.10/dist-packages/interfaces_pkg/msg/_motion_command_s.c
[43.435s] -- Installing: /home/jeff/theimc_robot/install/interfaces_pkg/local/lib/python3.10/dist-packages/interfaces_pkg/msg/_mask_s.c
[43.435s] -- Installing: /home/jeff/theimc_robot/install/interfaces_pkg/local/lib/python3.10/dist-packages/interfaces_pkg/msg/_key_point3_d_array.py
[43.435s] -- Installing: /home/jeff/theimc_robot/install/interfaces_pkg/local/lib/python3.10/dist-packages/interfaces_pkg/msg/_pose2_d_s.c
[43.435s] -- Installing: /home/jeff/theimc_robot/install/interfaces_pkg/local/lib/python3.10/dist-packages/interfaces_pkg/msg/_key_point3_d_s.c
[43.435s] -- Installing: /home/jeff/theimc_robot/install/interfaces_pkg/local/lib/python3.10/dist-packages/interfaces_pkg/msg/_detection.py
[43.436s] -- Installing: /home/jeff/theimc_robot/install/interfaces_pkg/local/lib/python3.10/dist-packages/interfaces_pkg/msg/_lane_info.py
[43.436s] -- Installing: /home/jeff/theimc_robot/install/interfaces_pkg/local/lib/python3.10/dist-packages/interfaces_pkg/interfaces_pkg_s__rosidl_typesupport_fastrtps_c.cpython-310-aarch64-linux-gnu.so
[43.436s] -- Installing: /home/jeff/theimc_robot/install/interfaces_pkg/local/lib/python3.10/dist-packages/interfaces_pkg/libinterfaces_pkg__rosidl_generator_py.so
[43.436s] -- Installing: /home/jeff/theimc_robot/install/interfaces_pkg/local/lib/python3.10/dist-packages/interfaces_pkg/interfaces_pkg_s__rosidl_typesupport_introspection_c.cpython-310-aarch64-linux-gnu.so
[43.545s] Listing '/home/jeff/theimc_robot/install/interfaces_pkg/local/lib/python3.10/dist-packages/interfaces_pkg'...
[43.546s] Compiling '/home/jeff/theimc_robot/install/interfaces_pkg/local/lib/python3.10/dist-packages/interfaces_pkg/__init__.py'...
[43.546s] Listing '/home/jeff/theimc_robot/install/interfaces_pkg/local/lib/python3.10/dist-packages/interfaces_pkg/action'...
[43.546s] Compiling '/home/jeff/theimc_robot/install/interfaces_pkg/local/lib/python3.10/dist-packages/interfaces_pkg/action/__init__.py'...
[43.547s] Compiling '/home/jeff/theimc_robot/install/interfaces_pkg/local/lib/python3.10/dist-packages/interfaces_pkg/action/_rail_approach.py'...
[43.547s] Listing '/home/jeff/theimc_robot/install/interfaces_pkg/local/lib/python3.10/dist-packages/interfaces_pkg/msg'...
[43.547s] Compiling '/home/jeff/theimc_robot/install/interfaces_pkg/local/lib/python3.10/dist-packages/interfaces_pkg/msg/__init__.py'...
[43.547s] Compiling '/home/jeff/theimc_robot/install/interfaces_pkg/local/lib/python3.10/dist-packages/interfaces_pkg/msg/_bounding_box2_d.py'...
[43.547s] Compiling '/home/jeff/theimc_robot/install/interfaces_pkg/local/lib/python3.10/dist-packages/interfaces_pkg/msg/_bounding_box3_d.py'...
[43.548s] Compiling '/home/jeff/theimc_robot/install/interfaces_pkg/local/lib/python3.10/dist-packages/interfaces_pkg/msg/_detection.py'...
[43.548s] Compiling '/home/jeff/theimc_robot/install/interfaces_pkg/local/lib/python3.10/dist-packages/interfaces_pkg/msg/_detection_array.py'...
[43.548s] Compiling '/home/jeff/theimc_robot/install/interfaces_pkg/local/lib/python3.10/dist-packages/interfaces_pkg/msg/_key_point2_d.py'...
[43.549s] Compiling '/home/jeff/theimc_robot/install/interfaces_pkg/local/lib/python3.10/dist-packages/interfaces_pkg/msg/_key_point2_d_array.py'...
[43.549s] Compiling '/home/jeff/theimc_robot/install/interfaces_pkg/local/lib/python3.10/dist-packages/interfaces_pkg/msg/_key_point3_d.py'...
[43.549s] Compiling '/home/jeff/theimc_robot/install/interfaces_pkg/local/lib/python3.10/dist-packages/interfaces_pkg/msg/_key_point3_d_array.py'...
[43.549s] Compiling '/home/jeff/theimc_robot/install/interfaces_pkg/local/lib/python3.10/dist-packages/interfaces_pkg/msg/_lane_info.py'...
[43.550s] Compiling '/home/jeff/theimc_robot/install/interfaces_pkg/local/lib/python3.10/dist-packages/interfaces_pkg/msg/_mask.py'...
[43.550s] Compiling '/home/jeff/theimc_robot/install/interfaces_pkg/local/lib/python3.10/dist-packages/interfaces_pkg/msg/_motion_command.py'...
[43.550s] Compiling '/home/jeff/theimc_robot/install/interfaces_pkg/local/lib/python3.10/dist-packages/interfaces_pkg/msg/_path_planning_result.py'...
[43.550s] Compiling '/home/jeff/theimc_robot/install/interfaces_pkg/local/lib/python3.10/dist-packages/interfaces_pkg/msg/_point2_d.py'...
[43.550s] Compiling '/home/jeff/theimc_robot/install/interfaces_pkg/local/lib/python3.10/dist-packages/interfaces_pkg/msg/_pose2_d.py'...
[43.551s] Compiling '/home/jeff/theimc_robot/install/interfaces_pkg/local/lib/python3.10/dist-packages/interfaces_pkg/msg/_rail_info.py'...
[43.551s] Compiling '/home/jeff/theimc_robot/install/interfaces_pkg/local/lib/python3.10/dist-packages/interfaces_pkg/msg/_target_point.py'...
[43.551s] Compiling '/home/jeff/theimc_robot/install/interfaces_pkg/local/lib/python3.10/dist-packages/interfaces_pkg/msg/_vector2.py'...
[43.558s] -- Installing: /home/jeff/theimc_robot/install/interfaces_pkg/local/lib/python3.10/dist-packages/interfaces_pkg/interfaces_pkg_s__rosidl_typesupport_fastrtps_c.cpython-310-aarch64-linux-gnu.so
[43.559s] -- Set runtime path of "/home/jeff/theimc_robot/install/interfaces_pkg/local/lib/python3.10/dist-packages/interfaces_pkg/interfaces_pkg_s__rosidl_typesupport_fastrtps_c.cpython-310-aarch64-linux-gnu.so" to ""
[43.559s] -- Installing: /home/jeff/theimc_robot/install/interfaces_pkg/local/lib/python3.10/dist-packages/interfaces_pkg/interfaces_pkg_s__rosidl_typesupport_introspection_c.cpython-310-aarch64-linux-gnu.so
[43.560s] -- Set runtime path of "/home/jeff/theimc_robot/install/interfaces_pkg/local/lib/python3.10/dist-packages/interfaces_pkg/interfaces_pkg_s__rosidl_typesupport_introspection_c.cpython-310-aarch64-linux-gnu.so" to ""
[43.560s] -- Installing: /home/jeff/theimc_robot/install/interfaces_pkg/local/lib/python3.10/dist-packages/interfaces_pkg/interfaces_pkg_s__rosidl_typesupport_c.cpython-310-aarch64-linux-gnu.so
[43.561s] -- Set runtime path of "/home/jeff/theimc_robot/install/interfaces_pkg/local/lib/python3.10/dist-packages/interfaces_pkg/interfaces_pkg_s__rosidl_typesupport_c.cpython-310-aarch64-linux-gnu.so" to ""
[43.561s] -- Installing: /home/jeff/theimc_robot/install/interfaces_pkg/lib/libinterfaces_pkg__rosidl_generator_py.so
[43.562s] -- Set runtime path of "/home/jeff/theimc_robot/install/interfaces_pkg/lib/libinterfaces_pkg__rosidl_generator_py.so" to ""
[43.562s] -- Installing: /home/jeff/theimc_robot/install/interfaces_pkg/share/ament_index/resource_index/rust_packages/interfaces_pkg
[43.563s] -- Installing: /home/jeff/theimc_robot/install/interfaces_pkg/share/interfaces_pkg/rust
[43.563s] -- Installing: /home/jeff/theimc_robot/install/interfaces_pkg/share/interfaces_pkg/rust/Cargo.toml
[43.563s] -- Installing: /home/jeff/theimc_robot/install/interfaces_pkg/share/interfaces_pkg/rust/build.rs
[43.564s] -- Installing: /home/jeff/theimc_robot/install/interfaces_pkg/share/interfaces_pkg/rust/src
[43.564s] -- Installing: /home/jeff/theimc_robot/install/interfaces_pkg/share/interfaces_pkg/rust/src/action
[43.564s] -- Installing: /home/jeff/theimc_robot/install/interfaces_pkg/share/interfaces_pkg/rust/src/action/rmw.rs
[43.565s] -- Installing: /home/jeff/theimc_robot/install/interfaces_pkg/share/interfaces_pkg/rust/src/action.rs
[43.565s] -- Installing: /home/jeff/theimc_robot/install/interfaces_pkg/share/interfaces_pkg/rust/src/msg
[43.565s] -- Installing: /home/jeff/theimc_robot/install/interfaces_pkg/share/interfaces_pkg/rust/src/msg/rmw.rs
[43.565s] -- Installing: /home/jeff/theimc_robot/install/interfaces_pkg/share/interfaces_pkg/rust/src/msg.rs
[43.566s] -- Installing: /home/jeff/theimc_robot/install/interfaces_pkg/share/interfaces_pkg/rust/src/lib.rs
[43.566s] -- Installing: /home/jeff/theimc_robot/install/interfaces_pkg/share/interfaces_pkg/msg/Point2D.idl
[43.566s] -- Installing: /home/jeff/theimc_robot/install/interfaces_pkg/share/interfaces_pkg/msg/Vector2.idl
[43.567s] -- Installing: /home/jeff/theimc_robot/install/interfaces_pkg/share/interfaces_pkg/msg/Pose2D.idl
[43.567s] -- Installing: /home/jeff/theimc_robot/install/interfaces_pkg/share/interfaces_pkg/msg/BoundingBox2D.idl
[43.567s] -- Installing: /home/jeff/theimc_robot/install/interfaces_pkg/share/interfaces_pkg/msg/BoundingBox3D.idl
[43.567s] -- Installing: /home/jeff/theimc_robot/install/interfaces_pkg/share/interfaces_pkg/msg/Mask.idl
[43.568s] -- Installing: /home/jeff/theimc_robot/install/interfaces_pkg/share/interfaces_pkg/msg/KeyPoint2D.idl
[43.568s] -- Installing: /home/jeff/theimc_robot/install/interfaces_pkg/share/interfaces_pkg/msg/KeyPoint2DArray.idl
[43.568s] -- Installing: /home/jeff/theimc_robot/install/interfaces_pkg/share/interfaces_pkg/msg/KeyPoint3D.idl
[43.569s] -- Installing: /home/jeff/theimc_robot/install/interfaces_pkg/share/interfaces_pkg/msg/KeyPoint3DArray.idl
[43.569s] -- Installing: /home/jeff/theimc_robot/install/interfaces_pkg/share/interfaces_pkg/msg/Detection.idl
[43.569s] -- Installing: /home/jeff/theimc_robot/install/interfaces_pkg/share/interfaces_pkg/msg/DetectionArray.idl
[43.570s] -- Installing: /home/jeff/theimc_robot/install/interfaces_pkg/share/interfaces_pkg/msg/LaneInfo.idl
[43.570s] -- Installing: /home/jeff/theimc_robot/install/interfaces_pkg/share/interfaces_pkg/msg/RailInfo.idl
[43.570s] -- Installing: /home/jeff/theimc_robot/install/interfaces_pkg/share/interfaces_pkg/msg/MotionCommand.idl
[43.571s] -- Installing: /home/jeff/theimc_robot/install/interfaces_pkg/share/interfaces_pkg/msg/TargetPoint.idl
[43.571s] -- Installing: /home/jeff/theimc_robot/install/interfaces_pkg/share/interfaces_pkg/msg/PathPlanningResult.idl
[43.571s] -- Installing: /home/jeff/theimc_robot/install/interfaces_pkg/share/interfaces_pkg/action/RailApproach.idl
[43.571s] -- Installing: /home/jeff/theimc_robot/install/interfaces_pkg/share/interfaces_pkg/msg/Point2D.msg
[43.572s] -- Installing: /home/jeff/theimc_robot/install/interfaces_pkg/share/interfaces_pkg/msg/Vector2.msg
[43.572s] -- Installing: /home/jeff/theimc_robot/install/interfaces_pkg/share/interfaces_pkg/msg/Pose2D.msg
[43.572s] -- Installing: /home/jeff/theimc_robot/install/interfaces_pkg/share/interfaces_pkg/msg/BoundingBox2D.msg
[43.573s] -- Installing: /home/jeff/theimc_robot/install/interfaces_pkg/share/interfaces_pkg/msg/BoundingBox3D.msg
[43.573s] -- Installing: /home/jeff/theimc_robot/install/interfaces_pkg/share/interfaces_pkg/msg/Mask.msg
[43.573s] -- Installing: /home/jeff/theimc_robot/install/interfaces_pkg/share/interfaces_pkg/msg/KeyPoint2D.msg
[43.574s] -- Installing: /home/jeff/theimc_robot/install/interfaces_pkg/share/interfaces_pkg/msg/KeyPoint2DArray.msg
[43.574s] -- Installing: /home/jeff/theimc_robot/install/interfaces_pkg/share/interfaces_pkg/msg/KeyPoint3D.msg
[43.574s] -- Installing: /home/jeff/theimc_robot/install/interfaces_pkg/share/interfaces_pkg/msg/KeyPoint3DArray.msg
[43.574s] -- Installing: /home/jeff/theimc_robot/install/interfaces_pkg/share/interfaces_pkg/msg/Detection.msg
[43.575s] -- Installing: /home/jeff/theimc_robot/install/interfaces_pkg/share/interfaces_pkg/msg/DetectionArray.msg
[43.575s] -- Installing: /home/jeff/theimc_robot/install/interfaces_pkg/share/interfaces_pkg/msg/LaneInfo.msg
[43.575s] -- Installing: /home/jeff/theimc_robot/install/interfaces_pkg/share/interfaces_pkg/msg/RailInfo.msg
[43.575s] -- Installing: /home/jeff/theimc_robot/install/interfaces_pkg/share/interfaces_pkg/msg/MotionCommand.msg
[43.576s] -- Installing: /home/jeff/theimc_robot/install/interfaces_pkg/share/interfaces_pkg/msg/TargetPoint.msg
[43.576s] -- Installing: /home/jeff/theimc_robot/install/interfaces_pkg/share/interfaces_pkg/msg/PathPlanningResult.msg
[43.576s] -- Installing: /home/jeff/theimc_robot/install/interfaces_pkg/share/interfaces_pkg/action/RailApproach.action
[43.577s] -- Installing: /home/jeff/theimc_robot/install/interfaces_pkg/share/ament_index/resource_index/package_run_dependencies/interfaces_pkg
[43.577s] -- Installing: /home/jeff/theimc_robot/install/interfaces_pkg/share/ament_index/resource_index/parent_prefix_path/interfaces_pkg
[43.577s] -- Installing: /home/jeff/theimc_robot/install/interfaces_pkg/share/interfaces_pkg/environment/ament_prefix_path.sh
[43.577s] -- Installing: /home/jeff/theimc_robot/install/interfaces_pkg/share/interfaces_pkg/environment/ament_prefix_path.dsv
[43.578s] -- Installing: /home/jeff/theimc_robot/install/interfaces_pkg/share/interfaces_pkg/environment/path.sh
[43.578s] -- Installing: /home/jeff/theimc_robot/install/interfaces_pkg/share/interfaces_pkg/environment/path.dsv
[43.578s] -- Installing: /home/jeff/theimc_robot/install/interfaces_pkg/share/interfaces_pkg/local_setup.bash
[43.579s] -- Installing: /home/jeff/theimc_robot/install/interfaces_pkg/share/interfaces_pkg/local_setup.sh
[43.579s] -- Installing: /home/jeff/theimc_robot/install/interfaces_pkg/share/interfaces_pkg/local_setup.zsh
[43.579s] -- Installing: /home/jeff/theimc_robot/install/interfaces_pkg/share/interfaces_pkg/local_setup.dsv
[43.579s] -- Installing: /home/jeff/theimc_robot/install/interfaces_pkg/share/interfaces_pkg/package.dsv
[43.580s] -- Installing: /home/jeff/theimc_robot/install/interfaces_pkg/share/ament_index/resource_index/packages/interfaces_pkg
[43.580s] -- Installing: /home/jeff/theimc_robot/install/interfaces_pkg/share/interfaces_pkg/cmake/export_interfaces_pkg__rosidl_generator_cExport.cmake
[43.580s] -- Installing: /home/jeff/theimc_robot/install/interfaces_pkg/share/interfaces_pkg/cmake/export_interfaces_pkg__rosidl_generator_cExport-noconfig.cmake
[43.581s] -- Installing: /home/jeff/theimc_robot/install/interfaces_pkg/share/interfaces_pkg/cmake/export_interfaces_pkg__rosidl_typesupport_fastrtps_cExport.cmake
[43.581s] -- Installing: /home/jeff/theimc_robot/install/interfaces_pkg/share/interfaces_pkg/cmake/export_interfaces_pkg__rosidl_typesupport_fastrtps_cExport-noconfig.cmake
[43.581s] -- Installing: /home/jeff/theimc_robot/install/interfaces_pkg/share/interfaces_pkg/cmake/interfaces_pkg__rosidl_typesupport_introspection_cExport.cmake
[43.581s] -- Installing: /home/jeff/theimc_robot/install/interfaces_pkg/share/interfaces_pkg/cmake/interfaces_pkg__rosidl_typesupport_introspection_cExport-noconfig.cmake
[43.582s] -- Installing: /home/jeff/theimc_robot/install/interfaces_pkg/share/interfaces_pkg/cmake/interfaces_pkg__rosidl_typesupport_cExport.cmake
[43.582s] -- Installing: /home/jeff/theimc_robot/install/interfaces_pkg/share/interfaces_pkg/cmake/interfaces_pkg__rosidl_typesupport_cExport-noconfig.cmake
[43.582s] -- Installing: /home/jeff/theimc_robot/install/interfaces_pkg/share/interfaces_pkg/cmake/export_interfaces_pkg__rosidl_generator_cppExport.cmake
[43.583s] -- Installing: /home/jeff/theimc_robot/install/interfaces_pkg/share/interfaces_pkg/cmake/export_interfaces_pkg__rosidl_typesupport_fastrtps_cppExport.cmake
[43.583s] -- Installing: /home/jeff/theimc_robot/install/interfaces_pkg/share/interfaces_pkg/cmake/export_interfaces_pkg__rosidl_typesupport_fastrtps_cppExport-noconfig.cmake
[43.583s] -- Installing: /home/jeff/theimc_robot/install/interfaces_pkg/share/interfaces_pkg/cmake/interfaces_pkg__rosidl_typesupport_introspection_cppExport.cmake
[43.583s] -- Installing: /home/jeff/theimc_robot/install/interfaces_pkg/share/interfaces_pkg/cmake/interfaces_pkg__rosidl_typesupport_introspection_cppExport-noconfig.cmake
[43.584s] -- Installing: /home/jeff/theimc_robot/install/interfaces_pkg/share/interfaces_pkg/cmake/interfaces_pkg__rosidl_typesupport_cppExport.cmake
[43.584s] -- Installing: /home/jeff/theimc_robot/install/interfaces_pkg/share/interfaces_pkg/cmake/interfaces_pkg__rosidl_typesupport_cppExport-noconfig.cmake
[43.584s] -- Installing: /home/jeff/theimc_robot/install/interfaces_pkg/share/interfaces_pkg/cmake/export_interfaces_pkg__rosidl_generator_pyExport.cmake
[43.585s] -- Installing: /home/jeff/theimc_robot/install/interfaces_pkg/share/interfaces_pkg/cmake/export_interfaces_pkg__rosidl_generator_pyExport-noconfig.cmake
[43.585s] -- Installing: /home/jeff/theimc_robot/install/interfaces_pkg/share/interfaces_pkg/cmake/rosidl_cmake-extras.cmake
[43.585s] -- Installing: /home/jeff/theimc_robot/install/interfaces_pkg/share/interfaces_pkg/cmake/ament_cmake_export_dependencies-extras.cmake
[43.586s] -- Installing: /home/jeff/theimc_robot/install/interfaces_pkg/share/interfaces_pkg/cmake/ament_cmake_export_include_directories-extras.cmake
[43.586s] -- Installing: /home/jeff/theimc_robot/install/interfaces_pkg/share/interfaces_pkg/cmake/ament_cmake_export_libraries-extras.cmake
[43.586s] -- Installing: /home/jeff/theimc_robot/install/interfaces_pkg/share/interfaces_pkg/cmake/ament_cmake_export_targets-extras.cmake
[43.586s] -- Installing: /home/jeff/theimc_robot/install/interfaces_pkg/share/interfaces_pkg/cmake/rosidl_cmake_export_typesupport_targets-extras.cmake
[43.587s] -- Installing: /home/jeff/theimc_robot/install/interfaces_pkg/share/interfaces_pkg/cmake/rosidl_cmake_export_typesupport_libraries-extras.cmake
[43.587s] -- Installing: /home/jeff/theimc_robot/install/interfaces_pkg/share/interfaces_pkg/cmake/interfaces_pkgConfig.cmake
[43.587s] -- Installing: /home/jeff/theimc_robot/install/interfaces_pkg/share/interfaces_pkg/cmake/interfaces_pkgConfig-version.cmake
[43.587s] -- Installing: /home/jeff/theimc_robot/install/interfaces_pkg/share/interfaces_pkg/package.xml
[43.594s] Invoked command in '/home/jeff/theimc_robot/build/interfaces_pkg' returned '0': CMAKE_PREFIX_PATH=${CMAKE_PREFIX_PATH}:/home/jeff/theimc_robot/install/theimc_teleop:/home/jeff/theimc_robot/install/theimc_bringup:/home/jeff/theimc_robot/install/localizer_server:/home/jeff/theimc_robot/install/decision_making_pkg:/home/jeff/theimc_robot/install/debug_pkg:/home/jeff/theimc_robot/install/camera_perception_pkg:/opt/ros/humble /usr/bin/cmake --install /home/jeff/theimc_robot/build/interfaces_pkg
