[0.232s] DEBUG:colcon:Command line arguments: ['/usr/bin/colcon', 'build', '--symlink-install']
[0.233s] DEBUG:colcon:Parsed command line arguments: Namespace(log_base=None, log_level=None, verb_name='build', build_base='build', install_base='install', merge_install=False, symlink_install=True, test_result_base=None, continue_on_error=False, executor='parallel', parallel_workers=6, event_handlers=None, ignore_user_meta=False, metas=['./colcon.meta'], base_paths=['.'], packages_ignore=None, packages_ignore_regex=None, paths=None, packages_up_to=None, packages_up_to_regex=None, packages_above=None, packages_above_and_dependencies=None, packages_above_depth=None, packages_select_by_dep=None, packages_skip_by_dep=None, packages_skip_up_to=None, packages_select_build_failed=False, packages_skip_build_finished=False, packages_select_test_failures=False, packages_skip_test_passed=False, packages_select=None, packages_skip=None, packages_select_regex=None, packages_skip_regex=None, packages_start=None, packages_end=None, allow_overriding=[], cmake_args=None, cmake_target=None, cmake_target_skip_unavailable=False, cmake_clean_cache=False, cmake_clean_first=False, cmake_force_configure=False, ament_cmake_args=None, catkin_cmake_args=None, catkin_skip_building_tests=False, verb_parser=<colcon_defaults.argument_parser.defaults.DefaultArgumentsDecorator object at 0xffff936d61a0>, verb_extension=<colcon_core.verb.build.BuildVerb object at 0xffff937f7dc0>, main=<bound method BuildVerb.main of <colcon_core.verb.build.BuildVerb object at 0xffff937f7dc0>>)
[0.616s] Level 1:colcon.colcon_core.package_discovery:discover_packages(colcon_meta) check parameters
[0.617s] Level 1:colcon.colcon_core.package_discovery:discover_packages(recursive) check parameters
[0.617s] Level 1:colcon.colcon_core.package_discovery:discover_packages(ignore) check parameters
[0.617s] Level 1:colcon.colcon_core.package_discovery:discover_packages(path) check parameters
[0.617s] Level 1:colcon.colcon_core.package_discovery:discover_packages(colcon_meta) discover
[0.617s] Level 1:colcon.colcon_core.package_discovery:discover_packages(recursive) discover
[0.617s] INFO:colcon.colcon_core.package_discovery:Crawling recursively for packages in '/home/jeff/theimc_robot'
[0.618s] Level 1:colcon.colcon_core.package_identification:_identify(.) by extensions ['ignore', 'ignore_ament_install']
[0.618s] Level 1:colcon.colcon_core.package_identification:_identify(.) by extension 'ignore'
[0.618s] Level 1:colcon.colcon_core.package_identification:_identify(.) by extension 'ignore_ament_install'
[0.618s] Level 1:colcon.colcon_core.package_identification:_identify(.) by extensions ['colcon_pkg']
[0.618s] Level 1:colcon.colcon_core.package_identification:_identify(.) by extension 'colcon_pkg'
[0.618s] Level 1:colcon.colcon_core.package_identification:_identify(.) by extensions ['colcon_meta']
[0.618s] Level 1:colcon.colcon_core.package_identification:_identify(.) by extension 'colcon_meta'
[0.619s] Level 1:colcon.colcon_core.package_identification:_identify(.) by extensions ['ros']
[0.619s] Level 1:colcon.colcon_core.package_identification:_identify(.) by extension 'ros'
[0.643s] Level 1:colcon.colcon_core.package_identification:_identify(.) by extensions ['cmake', 'python']
[0.643s] Level 1:colcon.colcon_core.package_identification:_identify(.) by extension 'cmake'
[0.643s] Level 1:colcon.colcon_core.package_identification:_identify(.) by extension 'python'
[0.643s] Level 1:colcon.colcon_core.package_identification:_identify(.) by extensions ['python_setup_py']
[0.643s] Level 1:colcon.colcon_core.package_identification:_identify(.) by extension 'python_setup_py'
[0.644s] Level 1:colcon.colcon_core.package_identification:_identify(bags) by extensions ['ignore', 'ignore_ament_install']
[0.644s] Level 1:colcon.colcon_core.package_identification:_identify(bags) by extension 'ignore'
[0.644s] Level 1:colcon.colcon_core.package_identification:_identify(bags) by extension 'ignore_ament_install'
[0.644s] Level 1:colcon.colcon_core.package_identification:_identify(bags) by extensions ['colcon_pkg']
[0.644s] Level 1:colcon.colcon_core.package_identification:_identify(bags) by extension 'colcon_pkg'
[0.644s] Level 1:colcon.colcon_core.package_identification:_identify(bags) by extensions ['colcon_meta']
[0.645s] Level 1:colcon.colcon_core.package_identification:_identify(bags) by extension 'colcon_meta'
[0.645s] Level 1:colcon.colcon_core.package_identification:_identify(bags) by extensions ['ros']
[0.645s] Level 1:colcon.colcon_core.package_identification:_identify(bags) by extension 'ros'
[0.645s] Level 1:colcon.colcon_core.package_identification:_identify(bags) by extensions ['cmake', 'python']
[0.645s] Level 1:colcon.colcon_core.package_identification:_identify(bags) by extension 'cmake'
[0.645s] Level 1:colcon.colcon_core.package_identification:_identify(bags) by extension 'python'
[0.645s] Level 1:colcon.colcon_core.package_identification:_identify(bags) by extensions ['python_setup_py']
[0.645s] Level 1:colcon.colcon_core.package_identification:_identify(bags) by extension 'python_setup_py'
[0.646s] Level 1:colcon.colcon_core.package_identification:_identify(bags/camera_odom) by extensions ['ignore', 'ignore_ament_install']
[0.646s] Level 1:colcon.colcon_core.package_identification:_identify(bags/camera_odom) by extension 'ignore'
[0.646s] Level 1:colcon.colcon_core.package_identification:_identify(bags/camera_odom) by extension 'ignore_ament_install'
[0.646s] Level 1:colcon.colcon_core.package_identification:_identify(bags/camera_odom) by extensions ['colcon_pkg']
[0.646s] Level 1:colcon.colcon_core.package_identification:_identify(bags/camera_odom) by extension 'colcon_pkg'
[0.646s] Level 1:colcon.colcon_core.package_identification:_identify(bags/camera_odom) by extensions ['colcon_meta']
[0.646s] Level 1:colcon.colcon_core.package_identification:_identify(bags/camera_odom) by extension 'colcon_meta'
[0.646s] Level 1:colcon.colcon_core.package_identification:_identify(bags/camera_odom) by extensions ['ros']
[0.646s] Level 1:colcon.colcon_core.package_identification:_identify(bags/camera_odom) by extension 'ros'
[0.647s] Level 1:colcon.colcon_core.package_identification:_identify(bags/camera_odom) by extensions ['cmake', 'python']
[0.647s] Level 1:colcon.colcon_core.package_identification:_identify(bags/camera_odom) by extension 'cmake'
[0.647s] Level 1:colcon.colcon_core.package_identification:_identify(bags/camera_odom) by extension 'python'
[0.647s] Level 1:colcon.colcon_core.package_identification:_identify(bags/camera_odom) by extensions ['python_setup_py']
[0.647s] Level 1:colcon.colcon_core.package_identification:_identify(bags/camera_odom) by extension 'python_setup_py'
[0.647s] Level 1:colcon.colcon_core.package_identification:_identify(bags/ekf_raw_teleop_01) by extensions ['ignore', 'ignore_ament_install']
[0.647s] Level 1:colcon.colcon_core.package_identification:_identify(bags/ekf_raw_teleop_01) by extension 'ignore'
[0.648s] Level 1:colcon.colcon_core.package_identification:_identify(bags/ekf_raw_teleop_01) by extension 'ignore_ament_install'
[0.648s] Level 1:colcon.colcon_core.package_identification:_identify(bags/ekf_raw_teleop_01) by extensions ['colcon_pkg']
[0.648s] Level 1:colcon.colcon_core.package_identification:_identify(bags/ekf_raw_teleop_01) by extension 'colcon_pkg'
[0.648s] Level 1:colcon.colcon_core.package_identification:_identify(bags/ekf_raw_teleop_01) by extensions ['colcon_meta']
[0.648s] Level 1:colcon.colcon_core.package_identification:_identify(bags/ekf_raw_teleop_01) by extension 'colcon_meta'
[0.648s] Level 1:colcon.colcon_core.package_identification:_identify(bags/ekf_raw_teleop_01) by extensions ['ros']
[0.648s] Level 1:colcon.colcon_core.package_identification:_identify(bags/ekf_raw_teleop_01) by extension 'ros'
[0.648s] Level 1:colcon.colcon_core.package_identification:_identify(bags/ekf_raw_teleop_01) by extensions ['cmake', 'python']
[0.648s] Level 1:colcon.colcon_core.package_identification:_identify(bags/ekf_raw_teleop_01) by extension 'cmake'
[0.648s] Level 1:colcon.colcon_core.package_identification:_identify(bags/ekf_raw_teleop_01) by extension 'python'
[0.649s] Level 1:colcon.colcon_core.package_identification:_identify(bags/ekf_raw_teleop_01) by extensions ['python_setup_py']
[0.649s] Level 1:colcon.colcon_core.package_identification:_identify(bags/ekf_raw_teleop_01) by extension 'python_setup_py'
[0.649s] Level 1:colcon.colcon_core.package_identification:_identify(bags/result_wheel_ekf) by extensions ['ignore', 'ignore_ament_install']
[0.649s] Level 1:colcon.colcon_core.package_identification:_identify(bags/result_wheel_ekf) by extension 'ignore'
[0.649s] Level 1:colcon.colcon_core.package_identification:_identify(bags/result_wheel_ekf) by extension 'ignore_ament_install'
[0.649s] Level 1:colcon.colcon_core.package_identification:_identify(bags/result_wheel_ekf) by extensions ['colcon_pkg']
[0.649s] Level 1:colcon.colcon_core.package_identification:_identify(bags/result_wheel_ekf) by extension 'colcon_pkg'
[0.650s] Level 1:colcon.colcon_core.package_identification:_identify(bags/result_wheel_ekf) by extensions ['colcon_meta']
[0.650s] Level 1:colcon.colcon_core.package_identification:_identify(bags/result_wheel_ekf) by extension 'colcon_meta'
[0.650s] Level 1:colcon.colcon_core.package_identification:_identify(bags/result_wheel_ekf) by extensions ['ros']
[0.650s] Level 1:colcon.colcon_core.package_identification:_identify(bags/result_wheel_ekf) by extension 'ros'
[0.650s] Level 1:colcon.colcon_core.package_identification:_identify(bags/result_wheel_ekf) by extensions ['cmake', 'python']
[0.650s] Level 1:colcon.colcon_core.package_identification:_identify(bags/result_wheel_ekf) by extension 'cmake'
[0.650s] Level 1:colcon.colcon_core.package_identification:_identify(bags/result_wheel_ekf) by extension 'python'
[0.650s] Level 1:colcon.colcon_core.package_identification:_identify(bags/result_wheel_ekf) by extensions ['python_setup_py']
[0.650s] Level 1:colcon.colcon_core.package_identification:_identify(bags/result_wheel_ekf) by extension 'python_setup_py'
[0.650s] Level 1:colcon.colcon_core.package_identification:_identify(bags/rotation_with_camera) by extensions ['ignore', 'ignore_ament_install']
[0.651s] Level 1:colcon.colcon_core.package_identification:_identify(bags/rotation_with_camera) by extension 'ignore'
[0.651s] Level 1:colcon.colcon_core.package_identification:_identify(bags/rotation_with_camera) by extension 'ignore_ament_install'
[0.651s] Level 1:colcon.colcon_core.package_identification:_identify(bags/rotation_with_camera) by extensions ['colcon_pkg']
[0.651s] Level 1:colcon.colcon_core.package_identification:_identify(bags/rotation_with_camera) by extension 'colcon_pkg'
[0.651s] Level 1:colcon.colcon_core.package_identification:_identify(bags/rotation_with_camera) by extensions ['colcon_meta']
[0.651s] Level 1:colcon.colcon_core.package_identification:_identify(bags/rotation_with_camera) by extension 'colcon_meta'
[0.651s] Level 1:colcon.colcon_core.package_identification:_identify(bags/rotation_with_camera) by extensions ['ros']
[0.651s] Level 1:colcon.colcon_core.package_identification:_identify(bags/rotation_with_camera) by extension 'ros'
[0.651s] Level 1:colcon.colcon_core.package_identification:_identify(bags/rotation_with_camera) by extensions ['cmake', 'python']
[0.651s] Level 1:colcon.colcon_core.package_identification:_identify(bags/rotation_with_camera) by extension 'cmake'
[0.652s] Level 1:colcon.colcon_core.package_identification:_identify(bags/rotation_with_camera) by extension 'python'
[0.652s] Level 1:colcon.colcon_core.package_identification:_identify(bags/rotation_with_camera) by extensions ['python_setup_py']
[0.652s] Level 1:colcon.colcon_core.package_identification:_identify(bags/rotation_with_camera) by extension 'python_setup_py'
[0.652s] Level 1:colcon.colcon_core.package_identification:_identify(bags/rotation_with_camera_retry) by extensions ['ignore', 'ignore_ament_install']
[0.652s] Level 1:colcon.colcon_core.package_identification:_identify(bags/rotation_with_camera_retry) by extension 'ignore'
[0.652s] Level 1:colcon.colcon_core.package_identification:_identify(bags/rotation_with_camera_retry) by extension 'ignore_ament_install'
[0.652s] Level 1:colcon.colcon_core.package_identification:_identify(bags/rotation_with_camera_retry) by extensions ['colcon_pkg']
[0.652s] Level 1:colcon.colcon_core.package_identification:_identify(bags/rotation_with_camera_retry) by extension 'colcon_pkg'
[0.653s] Level 1:colcon.colcon_core.package_identification:_identify(bags/rotation_with_camera_retry) by extensions ['colcon_meta']
[0.653s] Level 1:colcon.colcon_core.package_identification:_identify(bags/rotation_with_camera_retry) by extension 'colcon_meta'
[0.653s] Level 1:colcon.colcon_core.package_identification:_identify(bags/rotation_with_camera_retry) by extensions ['ros']
[0.653s] Level 1:colcon.colcon_core.package_identification:_identify(bags/rotation_with_camera_retry) by extension 'ros'
[0.653s] Level 1:colcon.colcon_core.package_identification:_identify(bags/rotation_with_camera_retry) by extensions ['cmake', 'python']
[0.653s] Level 1:colcon.colcon_core.package_identification:_identify(bags/rotation_with_camera_retry) by extension 'cmake'
[0.653s] Level 1:colcon.colcon_core.package_identification:_identify(bags/rotation_with_camera_retry) by extension 'python'
[0.653s] Level 1:colcon.colcon_core.package_identification:_identify(bags/rotation_with_camera_retry) by extensions ['python_setup_py']
[0.653s] Level 1:colcon.colcon_core.package_identification:_identify(bags/rotation_with_camera_retry) by extension 'python_setup_py'
[0.653s] Level 1:colcon.colcon_core.package_identification:_identify(bags/rotation_with_camera_retry2) by extensions ['ignore', 'ignore_ament_install']
[0.654s] Level 1:colcon.colcon_core.package_identification:_identify(bags/rotation_with_camera_retry2) by extension 'ignore'
[0.654s] Level 1:colcon.colcon_core.package_identification:_identify(bags/rotation_with_camera_retry2) by extension 'ignore_ament_install'
[0.654s] Level 1:colcon.colcon_core.package_identification:_identify(bags/rotation_with_camera_retry2) by extensions ['colcon_pkg']
[0.654s] Level 1:colcon.colcon_core.package_identification:_identify(bags/rotation_with_camera_retry2) by extension 'colcon_pkg'
[0.654s] Level 1:colcon.colcon_core.package_identification:_identify(bags/rotation_with_camera_retry2) by extensions ['colcon_meta']
[0.654s] Level 1:colcon.colcon_core.package_identification:_identify(bags/rotation_with_camera_retry2) by extension 'colcon_meta'
[0.654s] Level 1:colcon.colcon_core.package_identification:_identify(bags/rotation_with_camera_retry2) by extensions ['ros']
[0.654s] Level 1:colcon.colcon_core.package_identification:_identify(bags/rotation_with_camera_retry2) by extension 'ros'
[0.654s] Level 1:colcon.colcon_core.package_identification:_identify(bags/rotation_with_camera_retry2) by extensions ['cmake', 'python']
[0.654s] Level 1:colcon.colcon_core.package_identification:_identify(bags/rotation_with_camera_retry2) by extension 'cmake'
[0.655s] Level 1:colcon.colcon_core.package_identification:_identify(bags/rotation_with_camera_retry2) by extension 'python'
[0.655s] Level 1:colcon.colcon_core.package_identification:_identify(bags/rotation_with_camera_retry2) by extensions ['python_setup_py']
[0.655s] Level 1:colcon.colcon_core.package_identification:_identify(bags/rotation_with_camera_retry2) by extension 'python_setup_py'
[0.655s] Level 1:colcon.colcon_core.package_identification:_identify(bags/rotation_without_camera) by extensions ['ignore', 'ignore_ament_install']
[0.655s] Level 1:colcon.colcon_core.package_identification:_identify(bags/rotation_without_camera) by extension 'ignore'
[0.655s] Level 1:colcon.colcon_core.package_identification:_identify(bags/rotation_without_camera) by extension 'ignore_ament_install'
[0.655s] Level 1:colcon.colcon_core.package_identification:_identify(bags/rotation_without_camera) by extensions ['colcon_pkg']
[0.655s] Level 1:colcon.colcon_core.package_identification:_identify(bags/rotation_without_camera) by extension 'colcon_pkg'
[0.655s] Level 1:colcon.colcon_core.package_identification:_identify(bags/rotation_without_camera) by extensions ['colcon_meta']
[0.656s] Level 1:colcon.colcon_core.package_identification:_identify(bags/rotation_without_camera) by extension 'colcon_meta'
[0.656s] Level 1:colcon.colcon_core.package_identification:_identify(bags/rotation_without_camera) by extensions ['ros']
[0.656s] Level 1:colcon.colcon_core.package_identification:_identify(bags/rotation_without_camera) by extension 'ros'
[0.656s] Level 1:colcon.colcon_core.package_identification:_identify(bags/rotation_without_camera) by extensions ['cmake', 'python']
[0.656s] Level 1:colcon.colcon_core.package_identification:_identify(bags/rotation_without_camera) by extension 'cmake'
[0.656s] Level 1:colcon.colcon_core.package_identification:_identify(bags/rotation_without_camera) by extension 'python'
[0.656s] Level 1:colcon.colcon_core.package_identification:_identify(bags/rotation_without_camera) by extensions ['python_setup_py']
[0.656s] Level 1:colcon.colcon_core.package_identification:_identify(bags/rotation_without_camera) by extension 'python_setup_py'
[0.656s] Level 1:colcon.colcon_core.package_identification:_identify(bags/rotation_without_camera_retry) by extensions ['ignore', 'ignore_ament_install']
[0.657s] Level 1:colcon.colcon_core.package_identification:_identify(bags/rotation_without_camera_retry) by extension 'ignore'
[0.657s] Level 1:colcon.colcon_core.package_identification:_identify(bags/rotation_without_camera_retry) by extension 'ignore_ament_install'
[0.657s] Level 1:colcon.colcon_core.package_identification:_identify(bags/rotation_without_camera_retry) by extensions ['colcon_pkg']
[0.657s] Level 1:colcon.colcon_core.package_identification:_identify(bags/rotation_without_camera_retry) by extension 'colcon_pkg'
[0.657s] Level 1:colcon.colcon_core.package_identification:_identify(bags/rotation_without_camera_retry) by extensions ['colcon_meta']
[0.657s] Level 1:colcon.colcon_core.package_identification:_identify(bags/rotation_without_camera_retry) by extension 'colcon_meta'
[0.657s] Level 1:colcon.colcon_core.package_identification:_identify(bags/rotation_without_camera_retry) by extensions ['ros']
[0.657s] Level 1:colcon.colcon_core.package_identification:_identify(bags/rotation_without_camera_retry) by extension 'ros'
[0.657s] Level 1:colcon.colcon_core.package_identification:_identify(bags/rotation_without_camera_retry) by extensions ['cmake', 'python']
[0.657s] Level 1:colcon.colcon_core.package_identification:_identify(bags/rotation_without_camera_retry) by extension 'cmake'
[0.658s] Level 1:colcon.colcon_core.package_identification:_identify(bags/rotation_without_camera_retry) by extension 'python'
[0.658s] Level 1:colcon.colcon_core.package_identification:_identify(bags/rotation_without_camera_retry) by extensions ['python_setup_py']
[0.658s] Level 1:colcon.colcon_core.package_identification:_identify(bags/rotation_without_camera_retry) by extension 'python_setup_py'
[0.658s] Level 1:colcon.colcon_core.package_identification:_identify(bags/wheel_odom) by extensions ['ignore', 'ignore_ament_install']
[0.658s] Level 1:colcon.colcon_core.package_identification:_identify(bags/wheel_odom) by extension 'ignore'
[0.658s] Level 1:colcon.colcon_core.package_identification:_identify(bags/wheel_odom) by extension 'ignore_ament_install'
[0.658s] Level 1:colcon.colcon_core.package_identification:_identify(bags/wheel_odom) by extensions ['colcon_pkg']
[0.658s] Level 1:colcon.colcon_core.package_identification:_identify(bags/wheel_odom) by extension 'colcon_pkg'
[0.658s] Level 1:colcon.colcon_core.package_identification:_identify(bags/wheel_odom) by extensions ['colcon_meta']
[0.659s] Level 1:colcon.colcon_core.package_identification:_identify(bags/wheel_odom) by extension 'colcon_meta'
[0.659s] Level 1:colcon.colcon_core.package_identification:_identify(bags/wheel_odom) by extensions ['ros']
[0.659s] Level 1:colcon.colcon_core.package_identification:_identify(bags/wheel_odom) by extension 'ros'
[0.659s] Level 1:colcon.colcon_core.package_identification:_identify(bags/wheel_odom) by extensions ['cmake', 'python']
[0.659s] Level 1:colcon.colcon_core.package_identification:_identify(bags/wheel_odom) by extension 'cmake'
[0.659s] Level 1:colcon.colcon_core.package_identification:_identify(bags/wheel_odom) by extension 'python'
[0.659s] Level 1:colcon.colcon_core.package_identification:_identify(bags/wheel_odom) by extensions ['python_setup_py']
[0.659s] Level 1:colcon.colcon_core.package_identification:_identify(bags/wheel_odom) by extension 'python_setup_py'
[0.659s] Level 1:colcon.colcon_core.package_identification:_identify(build) by extensions ['ignore', 'ignore_ament_install']
[0.660s] Level 1:colcon.colcon_core.package_identification:_identify(build) by extension 'ignore'
[0.660s] Level 1:colcon.colcon_core.package_identification:_identify(build) ignored
[0.660s] Level 1:colcon.colcon_core.package_identification:_identify(config) by extensions ['ignore', 'ignore_ament_install']
[0.660s] Level 1:colcon.colcon_core.package_identification:_identify(config) by extension 'ignore'
[0.660s] Level 1:colcon.colcon_core.package_identification:_identify(config) by extension 'ignore_ament_install'
[0.660s] Level 1:colcon.colcon_core.package_identification:_identify(config) by extensions ['colcon_pkg']
[0.660s] Level 1:colcon.colcon_core.package_identification:_identify(config) by extension 'colcon_pkg'
[0.660s] Level 1:colcon.colcon_core.package_identification:_identify(config) by extensions ['colcon_meta']
[0.661s] Level 1:colcon.colcon_core.package_identification:_identify(config) by extension 'colcon_meta'
[0.661s] Level 1:colcon.colcon_core.package_identification:_identify(config) by extensions ['ros']
[0.661s] Level 1:colcon.colcon_core.package_identification:_identify(config) by extension 'ros'
[0.661s] Level 1:colcon.colcon_core.package_identification:_identify(config) by extensions ['cmake', 'python']
[0.661s] Level 1:colcon.colcon_core.package_identification:_identify(config) by extension 'cmake'
[0.661s] Level 1:colcon.colcon_core.package_identification:_identify(config) by extension 'python'
[0.661s] Level 1:colcon.colcon_core.package_identification:_identify(config) by extensions ['python_setup_py']
[0.661s] Level 1:colcon.colcon_core.package_identification:_identify(config) by extension 'python_setup_py'
[0.661s] Level 1:colcon.colcon_core.package_identification:_identify(debug) by extensions ['ignore', 'ignore_ament_install']
[0.662s] Level 1:colcon.colcon_core.package_identification:_identify(debug) by extension 'ignore'
[0.662s] Level 1:colcon.colcon_core.package_identification:_identify(debug) by extension 'ignore_ament_install'
[0.662s] Level 1:colcon.colcon_core.package_identification:_identify(debug) by extensions ['colcon_pkg']
[0.662s] Level 1:colcon.colcon_core.package_identification:_identify(debug) by extension 'colcon_pkg'
[0.662s] Level 1:colcon.colcon_core.package_identification:_identify(debug) by extensions ['colcon_meta']
[0.662s] Level 1:colcon.colcon_core.package_identification:_identify(debug) by extension 'colcon_meta'
[0.662s] Level 1:colcon.colcon_core.package_identification:_identify(debug) by extensions ['ros']
[0.662s] Level 1:colcon.colcon_core.package_identification:_identify(debug) by extension 'ros'
[0.662s] Level 1:colcon.colcon_core.package_identification:_identify(debug) by extensions ['cmake', 'python']
[0.662s] Level 1:colcon.colcon_core.package_identification:_identify(debug) by extension 'cmake'
[0.662s] Level 1:colcon.colcon_core.package_identification:_identify(debug) by extension 'python'
[0.663s] Level 1:colcon.colcon_core.package_identification:_identify(debug) by extensions ['python_setup_py']
[0.663s] Level 1:colcon.colcon_core.package_identification:_identify(debug) by extension 'python_setup_py'
[0.663s] Level 1:colcon.colcon_core.package_identification:_identify(install) by extensions ['ignore', 'ignore_ament_install']
[0.663s] Level 1:colcon.colcon_core.package_identification:_identify(install) by extension 'ignore'
[0.663s] Level 1:colcon.colcon_core.package_identification:_identify(install) ignored
[0.663s] Level 1:colcon.colcon_core.package_identification:_identify(log) by extensions ['ignore', 'ignore_ament_install']
[0.663s] Level 1:colcon.colcon_core.package_identification:_identify(log) by extension 'ignore'
[0.664s] Level 1:colcon.colcon_core.package_identification:_identify(log) ignored
[0.664s] Level 1:colcon.colcon_core.package_identification:_identify(ros_logs) by extensions ['ignore', 'ignore_ament_install']
[0.664s] Level 1:colcon.colcon_core.package_identification:_identify(ros_logs) by extension 'ignore'
[0.664s] Level 1:colcon.colcon_core.package_identification:_identify(ros_logs) by extension 'ignore_ament_install'
[0.664s] Level 1:colcon.colcon_core.package_identification:_identify(ros_logs) by extensions ['colcon_pkg']
[0.664s] Level 1:colcon.colcon_core.package_identification:_identify(ros_logs) by extension 'colcon_pkg'
[0.664s] Level 1:colcon.colcon_core.package_identification:_identify(ros_logs) by extensions ['colcon_meta']
[0.664s] Level 1:colcon.colcon_core.package_identification:_identify(ros_logs) by extension 'colcon_meta'
[0.664s] Level 1:colcon.colcon_core.package_identification:_identify(ros_logs) by extensions ['ros']
[0.665s] Level 1:colcon.colcon_core.package_identification:_identify(ros_logs) by extension 'ros'
[0.665s] Level 1:colcon.colcon_core.package_identification:_identify(ros_logs) by extensions ['cmake', 'python']
[0.665s] Level 1:colcon.colcon_core.package_identification:_identify(ros_logs) by extension 'cmake'
[0.665s] Level 1:colcon.colcon_core.package_identification:_identify(ros_logs) by extension 'python'
[0.665s] Level 1:colcon.colcon_core.package_identification:_identify(ros_logs) by extensions ['python_setup_py']
[0.665s] Level 1:colcon.colcon_core.package_identification:_identify(ros_logs) by extension 'python_setup_py'
[0.665s] Level 1:colcon.colcon_core.package_identification:_identify(src) by extensions ['ignore', 'ignore_ament_install']
[0.665s] Level 1:colcon.colcon_core.package_identification:_identify(src) by extension 'ignore'
[0.666s] Level 1:colcon.colcon_core.package_identification:_identify(src) by extension 'ignore_ament_install'
[0.666s] Level 1:colcon.colcon_core.package_identification:_identify(src) by extensions ['colcon_pkg']
[0.666s] Level 1:colcon.colcon_core.package_identification:_identify(src) by extension 'colcon_pkg'
[0.666s] Level 1:colcon.colcon_core.package_identification:_identify(src) by extensions ['colcon_meta']
[0.666s] Level 1:colcon.colcon_core.package_identification:_identify(src) by extension 'colcon_meta'
[0.666s] Level 1:colcon.colcon_core.package_identification:_identify(src) by extensions ['ros']
[0.666s] Level 1:colcon.colcon_core.package_identification:_identify(src) by extension 'ros'
[0.666s] Level 1:colcon.colcon_core.package_identification:_identify(src) by extensions ['cmake', 'python']
[0.666s] Level 1:colcon.colcon_core.package_identification:_identify(src) by extension 'cmake'
[0.666s] Level 1:colcon.colcon_core.package_identification:_identify(src) by extension 'python'
[0.666s] Level 1:colcon.colcon_core.package_identification:_identify(src) by extensions ['python_setup_py']
[0.666s] Level 1:colcon.colcon_core.package_identification:_identify(src) by extension 'python_setup_py'
[0.667s] Level 1:colcon.colcon_core.package_identification:_identify(src/camera_perception_pkg) by extensions ['ignore', 'ignore_ament_install']
[0.667s] Level 1:colcon.colcon_core.package_identification:_identify(src/camera_perception_pkg) by extension 'ignore'
[0.667s] Level 1:colcon.colcon_core.package_identification:_identify(src/camera_perception_pkg) by extension 'ignore_ament_install'
[0.667s] Level 1:colcon.colcon_core.package_identification:_identify(src/camera_perception_pkg) by extensions ['colcon_pkg']
[0.667s] Level 1:colcon.colcon_core.package_identification:_identify(src/camera_perception_pkg) by extension 'colcon_pkg'
[0.667s] Level 1:colcon.colcon_core.package_identification:_identify(src/camera_perception_pkg) by extensions ['colcon_meta']
[0.667s] Level 1:colcon.colcon_core.package_identification:_identify(src/camera_perception_pkg) by extension 'colcon_meta'
[0.667s] Level 1:colcon.colcon_core.package_identification:_identify(src/camera_perception_pkg) by extensions ['ros']
[0.667s] Level 1:colcon.colcon_core.package_identification:_identify(src/camera_perception_pkg) by extension 'ros'
[0.673s] DEBUG:colcon.colcon_core.package_identification:Package 'src/camera_perception_pkg' with type 'ros.ament_python' and name 'camera_perception_pkg'
[0.673s] Level 1:colcon.colcon_core.package_identification:_identify(src/config) by extensions ['ignore', 'ignore_ament_install']
[0.673s] Level 1:colcon.colcon_core.package_identification:_identify(src/config) by extension 'ignore'
[0.674s] Level 1:colcon.colcon_core.package_identification:_identify(src/config) by extension 'ignore_ament_install'
[0.674s] Level 1:colcon.colcon_core.package_identification:_identify(src/config) by extensions ['colcon_pkg']
[0.674s] Level 1:colcon.colcon_core.package_identification:_identify(src/config) by extension 'colcon_pkg'
[0.674s] Level 1:colcon.colcon_core.package_identification:_identify(src/config) by extensions ['colcon_meta']
[0.674s] Level 1:colcon.colcon_core.package_identification:_identify(src/config) by extension 'colcon_meta'
[0.674s] Level 1:colcon.colcon_core.package_identification:_identify(src/config) by extensions ['ros']
[0.674s] Level 1:colcon.colcon_core.package_identification:_identify(src/config) by extension 'ros'
[0.674s] Level 1:colcon.colcon_core.package_identification:_identify(src/config) by extensions ['cmake', 'python']
[0.675s] Level 1:colcon.colcon_core.package_identification:_identify(src/config) by extension 'cmake'
[0.675s] Level 1:colcon.colcon_core.package_identification:_identify(src/config) by extension 'python'
[0.675s] Level 1:colcon.colcon_core.package_identification:_identify(src/config) by extensions ['python_setup_py']
[0.675s] Level 1:colcon.colcon_core.package_identification:_identify(src/config) by extension 'python_setup_py'
[0.675s] Level 1:colcon.colcon_core.package_identification:_identify(src/debug_pkg) by extensions ['ignore', 'ignore_ament_install']
[0.675s] Level 1:colcon.colcon_core.package_identification:_identify(src/debug_pkg) by extension 'ignore'
[0.675s] Level 1:colcon.colcon_core.package_identification:_identify(src/debug_pkg) by extension 'ignore_ament_install'
[0.675s] Level 1:colcon.colcon_core.package_identification:_identify(src/debug_pkg) by extensions ['colcon_pkg']
[0.675s] Level 1:colcon.colcon_core.package_identification:_identify(src/debug_pkg) by extension 'colcon_pkg'
[0.676s] Level 1:colcon.colcon_core.package_identification:_identify(src/debug_pkg) by extensions ['colcon_meta']
[0.676s] Level 1:colcon.colcon_core.package_identification:_identify(src/debug_pkg) by extension 'colcon_meta'
[0.676s] Level 1:colcon.colcon_core.package_identification:_identify(src/debug_pkg) by extensions ['ros']
[0.676s] Level 1:colcon.colcon_core.package_identification:_identify(src/debug_pkg) by extension 'ros'
[0.677s] DEBUG:colcon.colcon_core.package_identification:Package 'src/debug_pkg' with type 'ros.ament_python' and name 'debug_pkg'
[0.677s] Level 1:colcon.colcon_core.package_identification:_identify(src/decision_making_pkg) by extensions ['ignore', 'ignore_ament_install']
[0.678s] Level 1:colcon.colcon_core.package_identification:_identify(src/decision_making_pkg) by extension 'ignore'
[0.678s] Level 1:colcon.colcon_core.package_identification:_identify(src/decision_making_pkg) by extension 'ignore_ament_install'
[0.678s] Level 1:colcon.colcon_core.package_identification:_identify(src/decision_making_pkg) by extensions ['colcon_pkg']
[0.678s] Level 1:colcon.colcon_core.package_identification:_identify(src/decision_making_pkg) by extension 'colcon_pkg'
[0.678s] Level 1:colcon.colcon_core.package_identification:_identify(src/decision_making_pkg) by extensions ['colcon_meta']
[0.678s] Level 1:colcon.colcon_core.package_identification:_identify(src/decision_making_pkg) by extension 'colcon_meta'
[0.678s] Level 1:colcon.colcon_core.package_identification:_identify(src/decision_making_pkg) by extensions ['ros']
[0.678s] Level 1:colcon.colcon_core.package_identification:_identify(src/decision_making_pkg) by extension 'ros'
[0.680s] DEBUG:colcon.colcon_core.package_identification:Package 'src/decision_making_pkg' with type 'ros.ament_python' and name 'decision_making_pkg'
[0.680s] Level 1:colcon.colcon_core.package_identification:_identify(src/interfaces_pkg) by extensions ['ignore', 'ignore_ament_install']
[0.680s] Level 1:colcon.colcon_core.package_identification:_identify(src/interfaces_pkg) by extension 'ignore'
[0.681s] Level 1:colcon.colcon_core.package_identification:_identify(src/interfaces_pkg) by extension 'ignore_ament_install'
[0.681s] Level 1:colcon.colcon_core.package_identification:_identify(src/interfaces_pkg) by extensions ['colcon_pkg']
[0.681s] Level 1:colcon.colcon_core.package_identification:_identify(src/interfaces_pkg) by extension 'colcon_pkg'
[0.681s] Level 1:colcon.colcon_core.package_identification:_identify(src/interfaces_pkg) by extensions ['colcon_meta']
[0.681s] Level 1:colcon.colcon_core.package_identification:_identify(src/interfaces_pkg) by extension 'colcon_meta'
[0.681s] Level 1:colcon.colcon_core.package_identification:_identify(src/interfaces_pkg) by extensions ['ros']
[0.681s] Level 1:colcon.colcon_core.package_identification:_identify(src/interfaces_pkg) by extension 'ros'
[0.682s] DEBUG:colcon.colcon_core.package_identification:Package 'src/interfaces_pkg' with type 'ros.ament_cmake' and name 'interfaces_pkg'
[0.683s] Level 1:colcon.colcon_core.package_identification:_identify(src/localizer_server) by extensions ['ignore', 'ignore_ament_install']
[0.683s] Level 1:colcon.colcon_core.package_identification:_identify(src/localizer_server) by extension 'ignore'
[0.683s] Level 1:colcon.colcon_core.package_identification:_identify(src/localizer_server) by extension 'ignore_ament_install'
[0.683s] Level 1:colcon.colcon_core.package_identification:_identify(src/localizer_server) by extensions ['colcon_pkg']
[0.683s] Level 1:colcon.colcon_core.package_identification:_identify(src/localizer_server) by extension 'colcon_pkg'
[0.683s] Level 1:colcon.colcon_core.package_identification:_identify(src/localizer_server) by extensions ['colcon_meta']
[0.683s] Level 1:colcon.colcon_core.package_identification:_identify(src/localizer_server) by extension 'colcon_meta'
[0.683s] Level 1:colcon.colcon_core.package_identification:_identify(src/localizer_server) by extensions ['ros']
[0.684s] Level 1:colcon.colcon_core.package_identification:_identify(src/localizer_server) by extension 'ros'
[0.685s] DEBUG:colcon.colcon_core.package_identification:Package 'src/localizer_server' with type 'ros.ament_python' and name 'localizer_server'
[0.685s] Level 1:colcon.colcon_core.package_identification:_identify(src/sllidar_ros2) by extensions ['ignore', 'ignore_ament_install']
[0.685s] Level 1:colcon.colcon_core.package_identification:_identify(src/sllidar_ros2) by extension 'ignore'
[0.685s] Level 1:colcon.colcon_core.package_identification:_identify(src/sllidar_ros2) by extension 'ignore_ament_install'
[0.686s] Level 1:colcon.colcon_core.package_identification:_identify(src/sllidar_ros2) by extensions ['colcon_pkg']
[0.686s] Level 1:colcon.colcon_core.package_identification:_identify(src/sllidar_ros2) by extension 'colcon_pkg'
[0.686s] Level 1:colcon.colcon_core.package_identification:_identify(src/sllidar_ros2) by extensions ['colcon_meta']
[0.686s] Level 1:colcon.colcon_core.package_identification:_identify(src/sllidar_ros2) by extension 'colcon_meta'
[0.686s] Level 1:colcon.colcon_core.package_identification:_identify(src/sllidar_ros2) by extensions ['ros']
[0.686s] Level 1:colcon.colcon_core.package_identification:_identify(src/sllidar_ros2) by extension 'ros'
[0.687s] DEBUG:colcon.colcon_core.package_identification:Package 'src/sllidar_ros2' with type 'ros.ament_cmake' and name 'sllidar_ros2'
[0.687s] Level 1:colcon.colcon_core.package_identification:_identify(src/theimc_bringup) by extensions ['ignore', 'ignore_ament_install']
[0.688s] Level 1:colcon.colcon_core.package_identification:_identify(src/theimc_bringup) by extension 'ignore'
[0.688s] Level 1:colcon.colcon_core.package_identification:_identify(src/theimc_bringup) by extension 'ignore_ament_install'
[0.688s] Level 1:colcon.colcon_core.package_identification:_identify(src/theimc_bringup) by extensions ['colcon_pkg']
[0.688s] Level 1:colcon.colcon_core.package_identification:_identify(src/theimc_bringup) by extension 'colcon_pkg'
[0.688s] Level 1:colcon.colcon_core.package_identification:_identify(src/theimc_bringup) by extensions ['colcon_meta']
[0.688s] Level 1:colcon.colcon_core.package_identification:_identify(src/theimc_bringup) by extension 'colcon_meta'
[0.688s] Level 1:colcon.colcon_core.package_identification:_identify(src/theimc_bringup) by extensions ['ros']
[0.688s] Level 1:colcon.colcon_core.package_identification:_identify(src/theimc_bringup) by extension 'ros'
[0.690s] DEBUG:colcon.colcon_core.package_identification:Package 'src/theimc_bringup' with type 'ros.ament_python' and name 'theimc_bringup'
[0.690s] Level 1:colcon.colcon_core.package_identification:_identify(src/theimc_bt_nodes) by extensions ['ignore', 'ignore_ament_install']
[0.691s] Level 1:colcon.colcon_core.package_identification:_identify(src/theimc_bt_nodes) by extension 'ignore'
[0.691s] Level 1:colcon.colcon_core.package_identification:_identify(src/theimc_bt_nodes) by extension 'ignore_ament_install'
[0.691s] Level 1:colcon.colcon_core.package_identification:_identify(src/theimc_bt_nodes) by extensions ['colcon_pkg']
[0.691s] Level 1:colcon.colcon_core.package_identification:_identify(src/theimc_bt_nodes) by extension 'colcon_pkg'
[0.691s] Level 1:colcon.colcon_core.package_identification:_identify(src/theimc_bt_nodes) by extensions ['colcon_meta']
[0.691s] Level 1:colcon.colcon_core.package_identification:_identify(src/theimc_bt_nodes) by extension 'colcon_meta'
[0.691s] Level 1:colcon.colcon_core.package_identification:_identify(src/theimc_bt_nodes) by extensions ['ros']
[0.691s] Level 1:colcon.colcon_core.package_identification:_identify(src/theimc_bt_nodes) by extension 'ros'
[0.694s] DEBUG:colcon.colcon_core.package_identification:Package 'src/theimc_bt_nodes' with type 'ros.ament_cmake' and name 'theimc_bt_nodes'
[0.694s] Level 1:colcon.colcon_core.package_identification:_identify(src/theimc_description) by extensions ['ignore', 'ignore_ament_install']
[0.694s] Level 1:colcon.colcon_core.package_identification:_identify(src/theimc_description) by extension 'ignore'
[0.694s] Level 1:colcon.colcon_core.package_identification:_identify(src/theimc_description) by extension 'ignore_ament_install'
[0.694s] Level 1:colcon.colcon_core.package_identification:_identify(src/theimc_description) by extensions ['colcon_pkg']
[0.694s] Level 1:colcon.colcon_core.package_identification:_identify(src/theimc_description) by extension 'colcon_pkg'
[0.694s] Level 1:colcon.colcon_core.package_identification:_identify(src/theimc_description) by extensions ['colcon_meta']
[0.694s] Level 1:colcon.colcon_core.package_identification:_identify(src/theimc_description) by extension 'colcon_meta'
[0.695s] Level 1:colcon.colcon_core.package_identification:_identify(src/theimc_description) by extensions ['ros']
[0.695s] Level 1:colcon.colcon_core.package_identification:_identify(src/theimc_description) by extension 'ros'
[0.696s] DEBUG:colcon.colcon_core.package_identification:Package 'src/theimc_description' with type 'ros.ament_cmake' and name 'theimc_description'
[0.696s] Level 1:colcon.colcon_core.package_identification:_identify(src/theimc_navigation2) by extensions ['ignore', 'ignore_ament_install']
[0.696s] Level 1:colcon.colcon_core.package_identification:_identify(src/theimc_navigation2) by extension 'ignore'
[0.696s] Level 1:colcon.colcon_core.package_identification:_identify(src/theimc_navigation2) by extension 'ignore_ament_install'
[0.697s] Level 1:colcon.colcon_core.package_identification:_identify(src/theimc_navigation2) by extensions ['colcon_pkg']
[0.697s] Level 1:colcon.colcon_core.package_identification:_identify(src/theimc_navigation2) by extension 'colcon_pkg'
[0.697s] Level 1:colcon.colcon_core.package_identification:_identify(src/theimc_navigation2) by extensions ['colcon_meta']
[0.697s] Level 1:colcon.colcon_core.package_identification:_identify(src/theimc_navigation2) by extension 'colcon_meta'
[0.697s] Level 1:colcon.colcon_core.package_identification:_identify(src/theimc_navigation2) by extensions ['ros']
[0.697s] Level 1:colcon.colcon_core.package_identification:_identify(src/theimc_navigation2) by extension 'ros'
[0.699s] DEBUG:colcon.colcon_core.package_identification:Package 'src/theimc_navigation2' with type 'ros.ament_cmake' and name 'theimc_navigation2'
[0.700s] Level 1:colcon.colcon_core.package_identification:_identify(src/theimc_teleop) by extensions ['ignore', 'ignore_ament_install']
[0.700s] Level 1:colcon.colcon_core.package_identification:_identify(src/theimc_teleop) by extension 'ignore'
[0.700s] Level 1:colcon.colcon_core.package_identification:_identify(src/theimc_teleop) by extension 'ignore_ament_install'
[0.700s] Level 1:colcon.colcon_core.package_identification:_identify(src/theimc_teleop) by extensions ['colcon_pkg']
[0.700s] Level 1:colcon.colcon_core.package_identification:_identify(src/theimc_teleop) by extension 'colcon_pkg'
[0.700s] Level 1:colcon.colcon_core.package_identification:_identify(src/theimc_teleop) by extensions ['colcon_meta']
[0.700s] Level 1:colcon.colcon_core.package_identification:_identify(src/theimc_teleop) by extension 'colcon_meta'
[0.701s] Level 1:colcon.colcon_core.package_identification:_identify(src/theimc_teleop) by extensions ['ros']
[0.701s] Level 1:colcon.colcon_core.package_identification:_identify(src/theimc_teleop) by extension 'ros'
[0.702s] DEBUG:colcon.colcon_core.package_identification:Package 'src/theimc_teleop' with type 'ros.ament_python' and name 'theimc_teleop'
[0.702s] Level 1:colcon.colcon_core.package_discovery:discover_packages(recursive) using defaults
[0.702s] Level 1:colcon.colcon_core.package_discovery:discover_packages(ignore) discover
[0.702s] Level 1:colcon.colcon_core.package_discovery:discover_packages(ignore) using defaults
[0.702s] Level 1:colcon.colcon_core.package_discovery:discover_packages(path) discover
[0.702s] Level 1:colcon.colcon_core.package_discovery:discover_packages(path) using defaults
[0.776s] Level 1:colcon.colcon_core.package_discovery:discover_packages(prefix_path) check parameters
[0.777s] Level 1:colcon.colcon_core.package_discovery:discover_packages(prefix_path) discover
[0.779s] WARNING:colcon.colcon_ros.prefix_path.ament:The path '/home/jeff/theimc_robot/install/interfaces_pkg' in the environment variable AMENT_PREFIX_PATH doesn't exist
[0.780s] WARNING:colcon.colcon_ros.prefix_path.catkin:The path '/home/jeff/theimc_robot/install/interfaces_pkg' in the environment variable CMAKE_PREFIX_PATH doesn't exist
[0.782s] DEBUG:colcon.colcon_installed_package_information.package_discovery:Found 10 installed packages in /home/jeff/theimc_robot/install
[0.785s] DEBUG:colcon.colcon_installed_package_information.package_discovery:Found 356 installed packages in /opt/ros/humble
[0.788s] Level 1:colcon.colcon_core.package_discovery:discover_packages(prefix_path) using defaults
[0.887s] Level 5:colcon.colcon_core.verb:set package 'camera_perception_pkg' build argument 'cmake_args' from command line to 'None'
[0.888s] Level 5:colcon.colcon_core.verb:set package 'camera_perception_pkg' build argument 'cmake_target' from command line to 'None'
[0.888s] Level 5:colcon.colcon_core.verb:set package 'camera_perception_pkg' build argument 'cmake_target_skip_unavailable' from command line to 'False'
[0.888s] Level 5:colcon.colcon_core.verb:set package 'camera_perception_pkg' build argument 'cmake_clean_cache' from command line to 'False'
[0.888s] Level 5:colcon.colcon_core.verb:set package 'camera_perception_pkg' build argument 'cmake_clean_first' from command line to 'False'
[0.888s] Level 5:colcon.colcon_core.verb:set package 'camera_perception_pkg' build argument 'cmake_force_configure' from command line to 'False'
[0.888s] Level 5:colcon.colcon_core.verb:set package 'camera_perception_pkg' build argument 'ament_cmake_args' from command line to 'None'
[0.888s] Level 5:colcon.colcon_core.verb:set package 'camera_perception_pkg' build argument 'catkin_cmake_args' from command line to 'None'
[0.888s] Level 5:colcon.colcon_core.verb:set package 'camera_perception_pkg' build argument 'catkin_skip_building_tests' from command line to 'False'
[0.888s] DEBUG:colcon.colcon_core.verb:Building package 'camera_perception_pkg' with the following arguments: {'ament_cmake_args': None, 'build_base': '/home/jeff/theimc_robot/build/camera_perception_pkg', 'catkin_cmake_args': None, 'catkin_skip_building_tests': False, 'cmake_args': None, 'cmake_clean_cache': False, 'cmake_clean_first': False, 'cmake_force_configure': False, 'cmake_target': None, 'cmake_target_skip_unavailable': False, 'install_base': '/home/jeff/theimc_robot/install/camera_perception_pkg', 'merge_install': False, 'path': '/home/jeff/theimc_robot/src/camera_perception_pkg', 'symlink_install': True, 'test_result_base': None}
[0.889s] Level 5:colcon.colcon_core.verb:set package 'debug_pkg' build argument 'cmake_args' from command line to 'None'
[0.889s] Level 5:colcon.colcon_core.verb:set package 'debug_pkg' build argument 'cmake_target' from command line to 'None'
[0.889s] Level 5:colcon.colcon_core.verb:set package 'debug_pkg' build argument 'cmake_target_skip_unavailable' from command line to 'False'
[0.889s] Level 5:colcon.colcon_core.verb:set package 'debug_pkg' build argument 'cmake_clean_cache' from command line to 'False'
[0.889s] Level 5:colcon.colcon_core.verb:set package 'debug_pkg' build argument 'cmake_clean_first' from command line to 'False'
[0.889s] Level 5:colcon.colcon_core.verb:set package 'debug_pkg' build argument 'cmake_force_configure' from command line to 'False'
[0.889s] Level 5:colcon.colcon_core.verb:set package 'debug_pkg' build argument 'ament_cmake_args' from command line to 'None'
[0.889s] Level 5:colcon.colcon_core.verb:set package 'debug_pkg' build argument 'catkin_cmake_args' from command line to 'None'
[0.889s] Level 5:colcon.colcon_core.verb:set package 'debug_pkg' build argument 'catkin_skip_building_tests' from command line to 'False'
[0.889s] DEBUG:colcon.colcon_core.verb:Building package 'debug_pkg' with the following arguments: {'ament_cmake_args': None, 'build_base': '/home/jeff/theimc_robot/build/debug_pkg', 'catkin_cmake_args': None, 'catkin_skip_building_tests': False, 'cmake_args': None, 'cmake_clean_cache': False, 'cmake_clean_first': False, 'cmake_force_configure': False, 'cmake_target': None, 'cmake_target_skip_unavailable': False, 'install_base': '/home/jeff/theimc_robot/install/debug_pkg', 'merge_install': False, 'path': '/home/jeff/theimc_robot/src/debug_pkg', 'symlink_install': True, 'test_result_base': None}
[0.890s] Level 5:colcon.colcon_core.verb:set package 'interfaces_pkg' build argument 'cmake_args' from command line to 'None'
[0.890s] Level 5:colcon.colcon_core.verb:set package 'interfaces_pkg' build argument 'cmake_target' from command line to 'None'
[0.890s] Level 5:colcon.colcon_core.verb:set package 'interfaces_pkg' build argument 'cmake_target_skip_unavailable' from command line to 'False'
[0.890s] Level 5:colcon.colcon_core.verb:set package 'interfaces_pkg' build argument 'cmake_clean_cache' from command line to 'False'
[0.890s] Level 5:colcon.colcon_core.verb:set package 'interfaces_pkg' build argument 'cmake_clean_first' from command line to 'False'
[0.890s] Level 5:colcon.colcon_core.verb:set package 'interfaces_pkg' build argument 'cmake_force_configure' from command line to 'False'
[0.890s] Level 5:colcon.colcon_core.verb:set package 'interfaces_pkg' build argument 'ament_cmake_args' from command line to 'None'
[0.890s] Level 5:colcon.colcon_core.verb:set package 'interfaces_pkg' build argument 'catkin_cmake_args' from command line to 'None'
[0.890s] Level 5:colcon.colcon_core.verb:set package 'interfaces_pkg' build argument 'catkin_skip_building_tests' from command line to 'False'
[0.891s] DEBUG:colcon.colcon_core.verb:Building package 'interfaces_pkg' with the following arguments: {'ament_cmake_args': None, 'build_base': '/home/jeff/theimc_robot/build/interfaces_pkg', 'catkin_cmake_args': None, 'catkin_skip_building_tests': False, 'cmake_args': None, 'cmake_clean_cache': False, 'cmake_clean_first': False, 'cmake_force_configure': False, 'cmake_target': None, 'cmake_target_skip_unavailable': False, 'install_base': '/home/jeff/theimc_robot/install/interfaces_pkg', 'merge_install': False, 'path': '/home/jeff/theimc_robot/src/interfaces_pkg', 'symlink_install': True, 'test_result_base': None}
[0.891s] Level 5:colcon.colcon_core.verb:set package 'localizer_server' build argument 'cmake_args' from command line to 'None'
[0.891s] Level 5:colcon.colcon_core.verb:set package 'localizer_server' build argument 'cmake_target' from command line to 'None'
[0.891s] Level 5:colcon.colcon_core.verb:set package 'localizer_server' build argument 'cmake_target_skip_unavailable' from command line to 'False'
[0.891s] Level 5:colcon.colcon_core.verb:set package 'localizer_server' build argument 'cmake_clean_cache' from command line to 'False'
[0.891s] Level 5:colcon.colcon_core.verb:set package 'localizer_server' build argument 'cmake_clean_first' from command line to 'False'
[0.891s] Level 5:colcon.colcon_core.verb:set package 'localizer_server' build argument 'cmake_force_configure' from command line to 'False'
[0.891s] Level 5:colcon.colcon_core.verb:set package 'localizer_server' build argument 'ament_cmake_args' from command line to 'None'
[0.891s] Level 5:colcon.colcon_core.verb:set package 'localizer_server' build argument 'catkin_cmake_args' from command line to 'None'
[0.891s] Level 5:colcon.colcon_core.verb:set package 'localizer_server' build argument 'catkin_skip_building_tests' from command line to 'False'
[0.892s] DEBUG:colcon.colcon_core.verb:Building package 'localizer_server' with the following arguments: {'ament_cmake_args': None, 'build_base': '/home/jeff/theimc_robot/build/localizer_server', 'catkin_cmake_args': None, 'catkin_skip_building_tests': False, 'cmake_args': None, 'cmake_clean_cache': False, 'cmake_clean_first': False, 'cmake_force_configure': False, 'cmake_target': None, 'cmake_target_skip_unavailable': False, 'install_base': '/home/jeff/theimc_robot/install/localizer_server', 'merge_install': False, 'path': '/home/jeff/theimc_robot/src/localizer_server', 'symlink_install': True, 'test_result_base': None}
[0.892s] Level 5:colcon.colcon_core.verb:set package 'sllidar_ros2' build argument 'cmake_args' from command line to 'None'
[0.892s] Level 5:colcon.colcon_core.verb:set package 'sllidar_ros2' build argument 'cmake_target' from command line to 'None'
[0.892s] Level 5:colcon.colcon_core.verb:set package 'sllidar_ros2' build argument 'cmake_target_skip_unavailable' from command line to 'False'
[0.892s] Level 5:colcon.colcon_core.verb:set package 'sllidar_ros2' build argument 'cmake_clean_cache' from command line to 'False'
[0.892s] Level 5:colcon.colcon_core.verb:set package 'sllidar_ros2' build argument 'cmake_clean_first' from command line to 'False'
[0.892s] Level 5:colcon.colcon_core.verb:set package 'sllidar_ros2' build argument 'cmake_force_configure' from command line to 'False'
[0.892s] Level 5:colcon.colcon_core.verb:set package 'sllidar_ros2' build argument 'ament_cmake_args' from command line to 'None'
[0.892s] Level 5:colcon.colcon_core.verb:set package 'sllidar_ros2' build argument 'catkin_cmake_args' from command line to 'None'
[0.892s] Level 5:colcon.colcon_core.verb:set package 'sllidar_ros2' build argument 'catkin_skip_building_tests' from command line to 'False'
[0.893s] DEBUG:colcon.colcon_core.verb:Building package 'sllidar_ros2' with the following arguments: {'ament_cmake_args': None, 'build_base': '/home/jeff/theimc_robot/build/sllidar_ros2', 'catkin_cmake_args': None, 'catkin_skip_building_tests': False, 'cmake_args': None, 'cmake_clean_cache': False, 'cmake_clean_first': False, 'cmake_force_configure': False, 'cmake_target': None, 'cmake_target_skip_unavailable': False, 'install_base': '/home/jeff/theimc_robot/install/sllidar_ros2', 'merge_install': False, 'path': '/home/jeff/theimc_robot/src/sllidar_ros2', 'symlink_install': True, 'test_result_base': None}
[0.893s] Level 5:colcon.colcon_core.verb:set package 'theimc_bringup' build argument 'cmake_args' from command line to 'None'
[0.893s] Level 5:colcon.colcon_core.verb:set package 'theimc_bringup' build argument 'cmake_target' from command line to 'None'
[0.893s] Level 5:colcon.colcon_core.verb:set package 'theimc_bringup' build argument 'cmake_target_skip_unavailable' from command line to 'False'
[0.893s] Level 5:colcon.colcon_core.verb:set package 'theimc_bringup' build argument 'cmake_clean_cache' from command line to 'False'
[0.893s] Level 5:colcon.colcon_core.verb:set package 'theimc_bringup' build argument 'cmake_clean_first' from command line to 'False'
[0.893s] Level 5:colcon.colcon_core.verb:set package 'theimc_bringup' build argument 'cmake_force_configure' from command line to 'False'
[0.894s] Level 5:colcon.colcon_core.verb:set package 'theimc_bringup' build argument 'ament_cmake_args' from command line to 'None'
[0.894s] Level 5:colcon.colcon_core.verb:set package 'theimc_bringup' build argument 'catkin_cmake_args' from command line to 'None'
[0.894s] Level 5:colcon.colcon_core.verb:set package 'theimc_bringup' build argument 'catkin_skip_building_tests' from command line to 'False'
[0.894s] DEBUG:colcon.colcon_core.verb:Building package 'theimc_bringup' with the following arguments: {'ament_cmake_args': None, 'build_base': '/home/jeff/theimc_robot/build/theimc_bringup', 'catkin_cmake_args': None, 'catkin_skip_building_tests': False, 'cmake_args': None, 'cmake_clean_cache': False, 'cmake_clean_first': False, 'cmake_force_configure': False, 'cmake_target': None, 'cmake_target_skip_unavailable': False, 'install_base': '/home/jeff/theimc_robot/install/theimc_bringup', 'merge_install': False, 'path': '/home/jeff/theimc_robot/src/theimc_bringup', 'symlink_install': True, 'test_result_base': None}
[0.894s] Level 5:colcon.colcon_core.verb:set package 'theimc_description' build argument 'cmake_args' from command line to 'None'
[0.894s] Level 5:colcon.colcon_core.verb:set package 'theimc_description' build argument 'cmake_target' from command line to 'None'
[0.894s] Level 5:colcon.colcon_core.verb:set package 'theimc_description' build argument 'cmake_target_skip_unavailable' from command line to 'False'
[0.894s] Level 5:colcon.colcon_core.verb:set package 'theimc_description' build argument 'cmake_clean_cache' from command line to 'False'
[0.894s] Level 5:colcon.colcon_core.verb:set package 'theimc_description' build argument 'cmake_clean_first' from command line to 'False'
[0.894s] Level 5:colcon.colcon_core.verb:set package 'theimc_description' build argument 'cmake_force_configure' from command line to 'False'
[0.895s] Level 5:colcon.colcon_core.verb:set package 'theimc_description' build argument 'ament_cmake_args' from command line to 'None'
[0.895s] Level 5:colcon.colcon_core.verb:set package 'theimc_description' build argument 'catkin_cmake_args' from command line to 'None'
[0.895s] Level 5:colcon.colcon_core.verb:set package 'theimc_description' build argument 'catkin_skip_building_tests' from command line to 'False'
[0.895s] DEBUG:colcon.colcon_core.verb:Building package 'theimc_description' with the following arguments: {'ament_cmake_args': None, 'build_base': '/home/jeff/theimc_robot/build/theimc_description', 'catkin_cmake_args': None, 'catkin_skip_building_tests': False, 'cmake_args': None, 'cmake_clean_cache': False, 'cmake_clean_first': False, 'cmake_force_configure': False, 'cmake_target': None, 'cmake_target_skip_unavailable': False, 'install_base': '/home/jeff/theimc_robot/install/theimc_description', 'merge_install': False, 'path': '/home/jeff/theimc_robot/src/theimc_description', 'symlink_install': True, 'test_result_base': None}
[0.895s] Level 5:colcon.colcon_core.verb:set package 'theimc_navigation2' build argument 'cmake_args' from command line to 'None'
[0.895s] Level 5:colcon.colcon_core.verb:set package 'theimc_navigation2' build argument 'cmake_target' from command line to 'None'
[0.895s] Level 5:colcon.colcon_core.verb:set package 'theimc_navigation2' build argument 'cmake_target_skip_unavailable' from command line to 'False'
[0.895s] Level 5:colcon.colcon_core.verb:set package 'theimc_navigation2' build argument 'cmake_clean_cache' from command line to 'False'
[0.895s] Level 5:colcon.colcon_core.verb:set package 'theimc_navigation2' build argument 'cmake_clean_first' from command line to 'False'
[0.895s] Level 5:colcon.colcon_core.verb:set package 'theimc_navigation2' build argument 'cmake_force_configure' from command line to 'False'
[0.895s] Level 5:colcon.colcon_core.verb:set package 'theimc_navigation2' build argument 'ament_cmake_args' from command line to 'None'
[0.896s] Level 5:colcon.colcon_core.verb:set package 'theimc_navigation2' build argument 'catkin_cmake_args' from command line to 'None'
[0.896s] Level 5:colcon.colcon_core.verb:set package 'theimc_navigation2' build argument 'catkin_skip_building_tests' from command line to 'False'
[0.896s] DEBUG:colcon.colcon_core.verb:Building package 'theimc_navigation2' with the following arguments: {'ament_cmake_args': None, 'build_base': '/home/jeff/theimc_robot/build/theimc_navigation2', 'catkin_cmake_args': None, 'catkin_skip_building_tests': False, 'cmake_args': None, 'cmake_clean_cache': False, 'cmake_clean_first': False, 'cmake_force_configure': False, 'cmake_target': None, 'cmake_target_skip_unavailable': False, 'install_base': '/home/jeff/theimc_robot/install/theimc_navigation2', 'merge_install': False, 'path': '/home/jeff/theimc_robot/src/theimc_navigation2', 'symlink_install': True, 'test_result_base': None}
[0.896s] Level 5:colcon.colcon_core.verb:set package 'theimc_teleop' build argument 'cmake_args' from command line to 'None'
[0.896s] Level 5:colcon.colcon_core.verb:set package 'theimc_teleop' build argument 'cmake_target' from command line to 'None'
[0.896s] Level 5:colcon.colcon_core.verb:set package 'theimc_teleop' build argument 'cmake_target_skip_unavailable' from command line to 'False'
[0.896s] Level 5:colcon.colcon_core.verb:set package 'theimc_teleop' build argument 'cmake_clean_cache' from command line to 'False'
[0.896s] Level 5:colcon.colcon_core.verb:set package 'theimc_teleop' build argument 'cmake_clean_first' from command line to 'False'
[0.896s] Level 5:colcon.colcon_core.verb:set package 'theimc_teleop' build argument 'cmake_force_configure' from command line to 'False'
[0.896s] Level 5:colcon.colcon_core.verb:set package 'theimc_teleop' build argument 'ament_cmake_args' from command line to 'None'
[0.897s] Level 5:colcon.colcon_core.verb:set package 'theimc_teleop' build argument 'catkin_cmake_args' from command line to 'None'
[0.897s] Level 5:colcon.colcon_core.verb:set package 'theimc_teleop' build argument 'catkin_skip_building_tests' from command line to 'False'
[0.897s] DEBUG:colcon.colcon_core.verb:Building package 'theimc_teleop' with the following arguments: {'ament_cmake_args': None, 'build_base': '/home/jeff/theimc_robot/build/theimc_teleop', 'catkin_cmake_args': None, 'catkin_skip_building_tests': False, 'cmake_args': None, 'cmake_clean_cache': False, 'cmake_clean_first': False, 'cmake_force_configure': False, 'cmake_target': None, 'cmake_target_skip_unavailable': False, 'install_base': '/home/jeff/theimc_robot/install/theimc_teleop', 'merge_install': False, 'path': '/home/jeff/theimc_robot/src/theimc_teleop', 'symlink_install': True, 'test_result_base': None}
[0.897s] Level 5:colcon.colcon_core.verb:set package 'decision_making_pkg' build argument 'cmake_args' from command line to 'None'
[0.897s] Level 5:colcon.colcon_core.verb:set package 'decision_making_pkg' build argument 'cmake_target' from command line to 'None'
[0.897s] Level 5:colcon.colcon_core.verb:set package 'decision_making_pkg' build argument 'cmake_target_skip_unavailable' from command line to 'False'
[0.897s] Level 5:colcon.colcon_core.verb:set package 'decision_making_pkg' build argument 'cmake_clean_cache' from command line to 'False'
[0.897s] Level 5:colcon.colcon_core.verb:set package 'decision_making_pkg' build argument 'cmake_clean_first' from command line to 'False'
[0.897s] Level 5:colcon.colcon_core.verb:set package 'decision_making_pkg' build argument 'cmake_force_configure' from command line to 'False'
[0.897s] Level 5:colcon.colcon_core.verb:set package 'decision_making_pkg' build argument 'ament_cmake_args' from command line to 'None'
[0.898s] Level 5:colcon.colcon_core.verb:set package 'decision_making_pkg' build argument 'catkin_cmake_args' from command line to 'None'
[0.898s] Level 5:colcon.colcon_core.verb:set package 'decision_making_pkg' build argument 'catkin_skip_building_tests' from command line to 'False'
[0.898s] DEBUG:colcon.colcon_core.verb:Building package 'decision_making_pkg' with the following arguments: {'ament_cmake_args': None, 'build_base': '/home/jeff/theimc_robot/build/decision_making_pkg', 'catkin_cmake_args': None, 'catkin_skip_building_tests': False, 'cmake_args': None, 'cmake_clean_cache': False, 'cmake_clean_first': False, 'cmake_force_configure': False, 'cmake_target': None, 'cmake_target_skip_unavailable': False, 'install_base': '/home/jeff/theimc_robot/install/decision_making_pkg', 'merge_install': False, 'path': '/home/jeff/theimc_robot/src/decision_making_pkg', 'symlink_install': True, 'test_result_base': None}
[0.898s] Level 5:colcon.colcon_core.verb:set package 'theimc_bt_nodes' build argument 'cmake_args' from command line to 'None'
[0.898s] Level 5:colcon.colcon_core.verb:set package 'theimc_bt_nodes' build argument 'cmake_target' from command line to 'None'
[0.898s] Level 5:colcon.colcon_core.verb:set package 'theimc_bt_nodes' build argument 'cmake_target_skip_unavailable' from command line to 'False'
[0.898s] Level 5:colcon.colcon_core.verb:set package 'theimc_bt_nodes' build argument 'cmake_clean_cache' from command line to 'False'
[0.898s] Level 5:colcon.colcon_core.verb:set package 'theimc_bt_nodes' build argument 'cmake_clean_first' from command line to 'False'
[0.898s] Level 5:colcon.colcon_core.verb:set package 'theimc_bt_nodes' build argument 'cmake_force_configure' from command line to 'False'
[0.899s] Level 5:colcon.colcon_core.verb:set package 'theimc_bt_nodes' build argument 'ament_cmake_args' from command line to 'None'
[0.899s] Level 5:colcon.colcon_core.verb:set package 'theimc_bt_nodes' build argument 'catkin_cmake_args' from command line to 'None'
[0.899s] Level 5:colcon.colcon_core.verb:set package 'theimc_bt_nodes' build argument 'catkin_skip_building_tests' from command line to 'False'
[0.899s] DEBUG:colcon.colcon_core.verb:Building package 'theimc_bt_nodes' with the following arguments: {'ament_cmake_args': None, 'build_base': '/home/jeff/theimc_robot/build/theimc_bt_nodes', 'catkin_cmake_args': None, 'catkin_skip_building_tests': False, 'cmake_args': None, 'cmake_clean_cache': False, 'cmake_clean_first': False, 'cmake_force_configure': False, 'cmake_target': None, 'cmake_target_skip_unavailable': False, 'install_base': '/home/jeff/theimc_robot/install/theimc_bt_nodes', 'merge_install': False, 'path': '/home/jeff/theimc_robot/src/theimc_bt_nodes', 'symlink_install': True, 'test_result_base': None}
[0.899s] INFO:colcon.colcon_core.executor:Executing jobs using 'parallel' executor
[0.901s] DEBUG:colcon.colcon_parallel_executor.executor.parallel:run_until_complete
[0.902s] INFO:colcon.colcon_ros.task.ament_cmake.build:Building ROS package in '/home/jeff/theimc_robot/src/interfaces_pkg' with build type 'ament_cmake'
[0.903s] INFO:colcon.colcon_cmake.task.cmake.build:Building CMake package in '/home/jeff/theimc_robot/src/interfaces_pkg'
[0.908s] INFO:colcon.colcon_core.plugin_system:Skipping extension 'colcon_core.shell.bat': Not used on non-Windows systems
[0.909s] INFO:colcon.colcon_core.shell:Skip shell extension 'powershell' for command environment: Not usable outside of PowerShell
[0.909s] DEBUG:colcon.colcon_core.shell:Skip shell extension 'dsv' for command environment
[0.917s] INFO:colcon.colcon_ros.task.ament_cmake.build:Building ROS package in '/home/jeff/theimc_robot/src/theimc_navigation2' with build type 'ament_cmake'
[0.917s] INFO:colcon.colcon_cmake.task.cmake.build:Building CMake package in '/home/jeff/theimc_robot/src/theimc_navigation2'
[0.918s] INFO:colcon.colcon_core.shell:Skip shell extension 'powershell' for command environment: Not usable outside of PowerShell
[0.918s] DEBUG:colcon.colcon_core.shell:Skip shell extension 'dsv' for command environment
[0.925s] INFO:colcon.colcon_ros.task.ament_python.build:Building ROS package in '/home/jeff/theimc_robot/src/camera_perception_pkg' with build type 'ament_python'
[0.926s] Level 1:colcon.colcon_core.shell:create_environment_hook('camera_perception_pkg', 'ament_prefix_path')
[0.926s] INFO:colcon.colcon_core.shell:Creating environment hook '/home/jeff/theimc_robot/install/camera_perception_pkg/share/camera_perception_pkg/hook/ament_prefix_path.ps1'
[0.928s] INFO:colcon.colcon_core.shell:Creating environment descriptor '/home/jeff/theimc_robot/install/camera_perception_pkg/share/camera_perception_pkg/hook/ament_prefix_path.dsv'
[0.929s] INFO:colcon.colcon_core.shell:Creating environment hook '/home/jeff/theimc_robot/install/camera_perception_pkg/share/camera_perception_pkg/hook/ament_prefix_path.sh'
[0.930s] INFO:colcon.colcon_core.shell:Skip shell extension 'powershell' for command environment: Not usable outside of PowerShell
[0.930s] DEBUG:colcon.colcon_core.shell:Skip shell extension 'dsv' for command environment
[0.937s] INFO:colcon.colcon_ros.task.ament_python.build:Building ROS package in '/home/jeff/theimc_robot/src/debug_pkg' with build type 'ament_python'
[0.938s] Level 1:colcon.colcon_core.shell:create_environment_hook('debug_pkg', 'ament_prefix_path')
[0.938s] INFO:colcon.colcon_core.shell:Creating environment hook '/home/jeff/theimc_robot/install/debug_pkg/share/debug_pkg/hook/ament_prefix_path.ps1'
[0.939s] INFO:colcon.colcon_core.shell:Creating environment descriptor '/home/jeff/theimc_robot/install/debug_pkg/share/debug_pkg/hook/ament_prefix_path.dsv'
[0.940s] INFO:colcon.colcon_core.shell:Creating environment hook '/home/jeff/theimc_robot/install/debug_pkg/share/debug_pkg/hook/ament_prefix_path.sh'
[0.941s] INFO:colcon.colcon_core.shell:Skip shell extension 'powershell' for command environment: Not usable outside of PowerShell
[0.941s] DEBUG:colcon.colcon_core.shell:Skip shell extension 'dsv' for command environment
[0.948s] INFO:colcon.colcon_ros.task.ament_python.build:Building ROS package in '/home/jeff/theimc_robot/src/localizer_server' with build type 'ament_python'
[0.949s] Level 1:colcon.colcon_core.shell:create_environment_hook('localizer_server', 'ament_prefix_path')
[0.949s] INFO:colcon.colcon_core.shell:Creating environment hook '/home/jeff/theimc_robot/install/localizer_server/share/localizer_server/hook/ament_prefix_path.ps1'
[0.950s] INFO:colcon.colcon_core.shell:Creating environment descriptor '/home/jeff/theimc_robot/install/localizer_server/share/localizer_server/hook/ament_prefix_path.dsv'
[0.951s] INFO:colcon.colcon_core.shell:Creating environment hook '/home/jeff/theimc_robot/install/localizer_server/share/localizer_server/hook/ament_prefix_path.sh'
[0.952s] INFO:colcon.colcon_core.shell:Skip shell extension 'powershell' for command environment: Not usable outside of PowerShell
[0.952s] DEBUG:colcon.colcon_core.shell:Skip shell extension 'dsv' for command environment
[0.959s] INFO:colcon.colcon_ros.task.ament_cmake.build:Building ROS package in '/home/jeff/theimc_robot/src/sllidar_ros2' with build type 'ament_cmake'
[0.959s] INFO:colcon.colcon_cmake.task.cmake.build:Building CMake package in '/home/jeff/theimc_robot/src/sllidar_ros2'
[0.960s] INFO:colcon.colcon_core.shell:Skip shell extension 'powershell' for command environment: Not usable outside of PowerShell
[0.960s] DEBUG:colcon.colcon_core.shell:Skip shell extension 'dsv' for command environment
[0.974s] DEBUG:colcon.colcon_core.event_handler.log_command:Invoking command in '/home/jeff/theimc_robot/build/interfaces_pkg': CMAKE_PREFIX_PATH=${CMAKE_PREFIX_PATH}:/home/jeff/theimc_robot/install/theimc_teleop:/home/jeff/theimc_robot/install/theimc_bringup:/home/jeff/theimc_robot/install/localizer_server:/home/jeff/theimc_robot/install/decision_making_pkg:/home/jeff/theimc_robot/install/debug_pkg:/home/jeff/theimc_robot/install/camera_perception_pkg:/opt/ros/humble /usr/bin/cmake /home/jeff/theimc_robot/src/interfaces_pkg -DAMENT_CMAKE_SYMLINK_INSTALL=1 -DCMAKE_INSTALL_PREFIX=/home/jeff/theimc_robot/install/interfaces_pkg
[0.985s] DEBUG:colcon.colcon_core.event_handler.log_command:Invoking command in '/home/jeff/theimc_robot/build/theimc_navigation2': CMAKE_PREFIX_PATH=${CMAKE_PREFIX_PATH}:/home/jeff/theimc_robot/install/theimc_teleop:/home/jeff/theimc_robot/install/theimc_bringup:/home/jeff/theimc_robot/install/localizer_server:/home/jeff/theimc_robot/install/decision_making_pkg:/home/jeff/theimc_robot/install/debug_pkg:/home/jeff/theimc_robot/install/camera_perception_pkg:/opt/ros/humble /usr/bin/cmake --build /home/jeff/theimc_robot/build/theimc_navigation2 -- -j6 -l6
[1.571s] INFO:colcon.colcon_core.task.python.build:Building Python package in '/home/jeff/theimc_robot/src/camera_perception_pkg'
[1.572s] INFO:colcon.colcon_core.shell:Skip shell extension 'powershell' for command environment: Not usable outside of PowerShell
[1.572s] DEBUG:colcon.colcon_core.shell:Skip shell extension 'dsv' for command environment
[2.180s] INFO:colcon.colcon_core.task.python.build:Building Python package in '/home/jeff/theimc_robot/src/debug_pkg'
[2.181s] INFO:colcon.colcon_core.shell:Skip shell extension 'powershell' for command environment: Not usable outside of PowerShell
[2.181s] DEBUG:colcon.colcon_core.shell:Skip shell extension 'dsv' for command environment
[2.784s] INFO:colcon.colcon_core.task.python.build:Building Python package in '/home/jeff/theimc_robot/src/localizer_server'
[2.785s] INFO:colcon.colcon_core.shell:Skip shell extension 'powershell' for command environment: Not usable outside of PowerShell
[2.785s] DEBUG:colcon.colcon_core.shell:Skip shell extension 'dsv' for command environment
[2.828s] DEBUG:colcon.colcon_core.event_handler.log_command:Invoking command in '/home/jeff/theimc_robot/build/sllidar_ros2': CMAKE_PREFIX_PATH=${CMAKE_PREFIX_PATH}:/home/jeff/theimc_robot/install/theimc_teleop:/home/jeff/theimc_robot/install/theimc_bringup:/home/jeff/theimc_robot/install/localizer_server:/home/jeff/theimc_robot/install/decision_making_pkg:/home/jeff/theimc_robot/install/debug_pkg:/home/jeff/theimc_robot/install/camera_perception_pkg:/opt/ros/humble /usr/bin/cmake --build /home/jeff/theimc_robot/build/sllidar_ros2 -- -j6 -l6
[2.829s] DEBUG:colcon.colcon_core.event_handler.log_command:Invoked command in '/home/jeff/theimc_robot/build/theimc_navigation2' returned '0': CMAKE_PREFIX_PATH=${CMAKE_PREFIX_PATH}:/home/jeff/theimc_robot/install/theimc_teleop:/home/jeff/theimc_robot/install/theimc_bringup:/home/jeff/theimc_robot/install/localizer_server:/home/jeff/theimc_robot/install/decision_making_pkg:/home/jeff/theimc_robot/install/debug_pkg:/home/jeff/theimc_robot/install/camera_perception_pkg:/opt/ros/humble /usr/bin/cmake --build /home/jeff/theimc_robot/build/theimc_navigation2 -- -j6 -l6
[2.841s] DEBUG:colcon.colcon_core.event_handler.log_command:Invoking command in '/home/jeff/theimc_robot/build/theimc_navigation2': CMAKE_PREFIX_PATH=${CMAKE_PREFIX_PATH}:/home/jeff/theimc_robot/install/theimc_teleop:/home/jeff/theimc_robot/install/theimc_bringup:/home/jeff/theimc_robot/install/localizer_server:/home/jeff/theimc_robot/install/decision_making_pkg:/home/jeff/theimc_robot/install/debug_pkg:/home/jeff/theimc_robot/install/camera_perception_pkg:/opt/ros/humble /usr/bin/cmake --install /home/jeff/theimc_robot/build/theimc_navigation2
[3.025s] DEBUG:colcon.colcon_core.event_handler.log_command:Invoked command in '/home/jeff/theimc_robot/build/sllidar_ros2' returned '0': CMAKE_PREFIX_PATH=${CMAKE_PREFIX_PATH}:/home/jeff/theimc_robot/install/theimc_teleop:/home/jeff/theimc_robot/install/theimc_bringup:/home/jeff/theimc_robot/install/localizer_server:/home/jeff/theimc_robot/install/decision_making_pkg:/home/jeff/theimc_robot/install/debug_pkg:/home/jeff/theimc_robot/install/camera_perception_pkg:/opt/ros/humble /usr/bin/cmake --build /home/jeff/theimc_robot/build/sllidar_ros2 -- -j6 -l6
[3.026s] DEBUG:colcon.colcon_core.event_handler.log_command:Invoking command in '/home/jeff/theimc_robot/build/sllidar_ros2': CMAKE_PREFIX_PATH=${CMAKE_PREFIX_PATH}:/home/jeff/theimc_robot/install/theimc_teleop:/home/jeff/theimc_robot/install/theimc_bringup:/home/jeff/theimc_robot/install/localizer_server:/home/jeff/theimc_robot/install/decision_making_pkg:/home/jeff/theimc_robot/install/debug_pkg:/home/jeff/theimc_robot/install/camera_perception_pkg:/opt/ros/humble /usr/bin/cmake --install /home/jeff/theimc_robot/build/sllidar_ros2
[3.710s] DEBUG:colcon.colcon_core.task.python.build:Available setuptools commands: rotate, install, clean, install_lib, upload_docs, build_scripts, saveopts, setopt, sdist, dist_info, easy_install, install_headers, install_scripts, egg_info, check, upload, bdist_wheel, install_data, install_egg_info, register, bdist_dumb, bdist_egg, test, build_clib, develop, bdist_rpm, bdist, build, symlink_data, build_ext, build_py, alias
[3.757s] DEBUG:colcon.colcon_core.task.python.build:Available setuptools commands: rotate, install, clean, install_lib, upload_docs, build_scripts, saveopts, setopt, sdist, dist_info, easy_install, install_headers, install_scripts, egg_info, check, upload, bdist_wheel, install_data, install_egg_info, register, bdist_dumb, bdist_egg, test, build_clib, develop, bdist_rpm, bdist, build, symlink_data, build_ext, build_py, alias
[3.858s] DEBUG:colcon.colcon_core.task.python.build:Available setuptools commands: rotate, install, clean, install_lib, upload_docs, build_scripts, saveopts, setopt, sdist, dist_info, easy_install, install_headers, install_scripts, egg_info, check, upload, bdist_wheel, install_data, install_egg_info, register, bdist_dumb, bdist_egg, test, build_clib, develop, bdist_rpm, bdist, build, symlink_data, build_ext, build_py, alias
[3.967s] Level 1:colcon.colcon_core.environment:create_environment_scripts_only(sllidar_ros2)
[3.972s] Level 1:colcon.colcon_core.environment:checking '/home/jeff/theimc_robot/install/sllidar_ros2' for CMake module files
[3.973s] Level 1:colcon.colcon_core.environment:checking '/home/jeff/theimc_robot/install/sllidar_ros2' for CMake config files
[3.974s] DEBUG:colcon.colcon_core.event_handler.log_command:Invoked command in '/home/jeff/theimc_robot/build/sllidar_ros2' returned '0': CMAKE_PREFIX_PATH=${CMAKE_PREFIX_PATH}:/home/jeff/theimc_robot/install/theimc_teleop:/home/jeff/theimc_robot/install/theimc_bringup:/home/jeff/theimc_robot/install/localizer_server:/home/jeff/theimc_robot/install/decision_making_pkg:/home/jeff/theimc_robot/install/debug_pkg:/home/jeff/theimc_robot/install/camera_perception_pkg:/opt/ros/humble /usr/bin/cmake --install /home/jeff/theimc_robot/build/sllidar_ros2
[3.975s] Level 1:colcon.colcon_core.shell:create_environment_hook('sllidar_ros2', 'cmake_prefix_path')
[3.976s] INFO:colcon.colcon_core.shell:Creating environment hook '/home/jeff/theimc_robot/install/sllidar_ros2/share/sllidar_ros2/hook/cmake_prefix_path.ps1'
[3.977s] INFO:colcon.colcon_core.shell:Creating environment descriptor '/home/jeff/theimc_robot/install/sllidar_ros2/share/sllidar_ros2/hook/cmake_prefix_path.dsv'
[3.978s] INFO:colcon.colcon_core.shell:Creating environment hook '/home/jeff/theimc_robot/install/sllidar_ros2/share/sllidar_ros2/hook/cmake_prefix_path.sh'
[3.980s] Level 1:colcon.colcon_core.environment:checking '/home/jeff/theimc_robot/install/sllidar_ros2/lib'
[3.980s] Level 1:colcon.colcon_core.environment:checking '/home/jeff/theimc_robot/install/sllidar_ros2/bin'
[3.980s] Level 1:colcon.colcon_core.environment:checking '/home/jeff/theimc_robot/install/sllidar_ros2/lib/pkgconfig/sllidar_ros2.pc'
[3.981s] Level 1:colcon.colcon_core.environment:checking '/home/jeff/theimc_robot/install/sllidar_ros2/lib/python3.10/site-packages'
[3.982s] Level 1:colcon.colcon_core.environment:checking '/home/jeff/theimc_robot/install/sllidar_ros2/bin'
[3.986s] INFO:colcon.colcon_core.shell:Creating package script '/home/jeff/theimc_robot/install/sllidar_ros2/share/sllidar_ros2/package.ps1'
[3.990s] INFO:colcon.colcon_core.shell:Creating package descriptor '/home/jeff/theimc_robot/install/sllidar_ros2/share/sllidar_ros2/package.dsv'
[3.992s] INFO:colcon.colcon_core.shell:Creating package script '/home/jeff/theimc_robot/install/sllidar_ros2/share/sllidar_ros2/package.sh'
[3.993s] INFO:colcon.colcon_core.shell:Creating package script '/home/jeff/theimc_robot/install/sllidar_ros2/share/sllidar_ros2/package.bash'
[3.995s] INFO:colcon.colcon_core.shell:Creating package script '/home/jeff/theimc_robot/install/sllidar_ros2/share/sllidar_ros2/package.zsh'
[3.996s] Level 1:colcon.colcon_core.environment:create_file_with_runtime_dependencies(/home/jeff/theimc_robot/install/sllidar_ros2/share/colcon-core/packages/sllidar_ros2)
[3.998s] Level 1:colcon.colcon_core.environment:create_environment_scripts_only(sllidar_ros2)
[3.998s] Level 1:colcon.colcon_core.environment:checking '/home/jeff/theimc_robot/install/sllidar_ros2' for CMake module files
[3.999s] Level 1:colcon.colcon_core.environment:checking '/home/jeff/theimc_robot/install/sllidar_ros2' for CMake config files
[4.000s] Level 1:colcon.colcon_core.shell:create_environment_hook('sllidar_ros2', 'cmake_prefix_path')
[4.000s] INFO:colcon.colcon_core.shell:Creating environment hook '/home/jeff/theimc_robot/install/sllidar_ros2/share/sllidar_ros2/hook/cmake_prefix_path.ps1'
[4.001s] INFO:colcon.colcon_core.shell:Creating environment descriptor '/home/jeff/theimc_robot/install/sllidar_ros2/share/sllidar_ros2/hook/cmake_prefix_path.dsv'
[4.002s] INFO:colcon.colcon_core.shell:Creating environment hook '/home/jeff/theimc_robot/install/sllidar_ros2/share/sllidar_ros2/hook/cmake_prefix_path.sh'
[4.003s] Level 1:colcon.colcon_core.environment:checking '/home/jeff/theimc_robot/install/sllidar_ros2/lib'
[4.003s] Level 1:colcon.colcon_core.environment:checking '/home/jeff/theimc_robot/install/sllidar_ros2/bin'
[4.004s] Level 1:colcon.colcon_core.environment:checking '/home/jeff/theimc_robot/install/sllidar_ros2/lib/pkgconfig/sllidar_ros2.pc'
[4.004s] Level 1:colcon.colcon_core.environment:checking '/home/jeff/theimc_robot/install/sllidar_ros2/lib/python3.10/site-packages'
[4.005s] Level 1:colcon.colcon_core.environment:checking '/home/jeff/theimc_robot/install/sllidar_ros2/bin'
[4.005s] INFO:colcon.colcon_core.shell:Creating package script '/home/jeff/theimc_robot/install/sllidar_ros2/share/sllidar_ros2/package.ps1'
[4.007s] INFO:colcon.colcon_core.shell:Creating package descriptor '/home/jeff/theimc_robot/install/sllidar_ros2/share/sllidar_ros2/package.dsv'
[4.008s] INFO:colcon.colcon_core.shell:Creating package script '/home/jeff/theimc_robot/install/sllidar_ros2/share/sllidar_ros2/package.sh'
[4.009s] INFO:colcon.colcon_core.shell:Creating package script '/home/jeff/theimc_robot/install/sllidar_ros2/share/sllidar_ros2/package.bash'
[4.010s] INFO:colcon.colcon_core.shell:Creating package script '/home/jeff/theimc_robot/install/sllidar_ros2/share/sllidar_ros2/package.zsh'
[4.011s] Level 1:colcon.colcon_core.environment:create_file_with_runtime_dependencies(/home/jeff/theimc_robot/install/sllidar_ros2/share/colcon-core/packages/sllidar_ros2)
[4.012s] INFO:colcon.colcon_ros.task.ament_python.build:Building ROS package in '/home/jeff/theimc_robot/src/theimc_bringup' with build type 'ament_python'
[4.013s] Level 1:colcon.colcon_core.shell:create_environment_hook('theimc_bringup', 'ament_prefix_path')
[4.013s] INFO:colcon.colcon_core.shell:Creating environment hook '/home/jeff/theimc_robot/install/theimc_bringup/share/theimc_bringup/hook/ament_prefix_path.ps1'
[4.015s] INFO:colcon.colcon_core.shell:Creating environment descriptor '/home/jeff/theimc_robot/install/theimc_bringup/share/theimc_bringup/hook/ament_prefix_path.dsv'
[4.016s] INFO:colcon.colcon_core.shell:Creating environment hook '/home/jeff/theimc_robot/install/theimc_bringup/share/theimc_bringup/hook/ament_prefix_path.sh'
[4.017s] INFO:colcon.colcon_core.shell:Skip shell extension 'powershell' for command environment: Not usable outside of PowerShell
[4.017s] DEBUG:colcon.colcon_core.shell:Skip shell extension 'dsv' for command environment
[4.027s] Level 1:colcon.colcon_core.environment:create_environment_scripts_only(theimc_navigation2)
[4.028s] Level 1:colcon.colcon_core.environment:checking '/home/jeff/theimc_robot/install/theimc_navigation2' for CMake module files
[4.029s] Level 1:colcon.colcon_core.environment:checking '/home/jeff/theimc_robot/install/theimc_navigation2' for CMake config files
[4.031s] Level 1:colcon.colcon_core.shell:create_environment_hook('theimc_navigation2', 'cmake_prefix_path')
[4.031s] INFO:colcon.colcon_core.shell:Creating environment hook '/home/jeff/theimc_robot/install/theimc_navigation2/share/theimc_navigation2/hook/cmake_prefix_path.ps1'
[4.032s] INFO:colcon.colcon_core.shell:Creating environment descriptor '/home/jeff/theimc_robot/install/theimc_navigation2/share/theimc_navigation2/hook/cmake_prefix_path.dsv'
[4.034s] INFO:colcon.colcon_core.shell:Creating environment hook '/home/jeff/theimc_robot/install/theimc_navigation2/share/theimc_navigation2/hook/cmake_prefix_path.sh'
[4.034s] DEBUG:colcon.colcon_core.event_handler.log_command:Invoked command in '/home/jeff/theimc_robot/build/theimc_navigation2' returned '0': CMAKE_PREFIX_PATH=${CMAKE_PREFIX_PATH}:/home/jeff/theimc_robot/install/theimc_teleop:/home/jeff/theimc_robot/install/theimc_bringup:/home/jeff/theimc_robot/install/localizer_server:/home/jeff/theimc_robot/install/decision_making_pkg:/home/jeff/theimc_robot/install/debug_pkg:/home/jeff/theimc_robot/install/camera_perception_pkg:/opt/ros/humble /usr/bin/cmake --install /home/jeff/theimc_robot/build/theimc_navigation2
[4.035s] Level 1:colcon.colcon_core.environment:checking '/home/jeff/theimc_robot/install/theimc_navigation2/lib'
[4.036s] Level 1:colcon.colcon_core.shell:create_environment_hook('theimc_navigation2', 'ld_library_path_lib')
[4.036s] INFO:colcon.colcon_core.shell:Creating environment hook '/home/jeff/theimc_robot/install/theimc_navigation2/share/theimc_navigation2/hook/ld_library_path_lib.ps1'
[4.037s] INFO:colcon.colcon_core.shell:Creating environment descriptor '/home/jeff/theimc_robot/install/theimc_navigation2/share/theimc_navigation2/hook/ld_library_path_lib.dsv'
[4.038s] INFO:colcon.colcon_core.shell:Creating environment hook '/home/jeff/theimc_robot/install/theimc_navigation2/share/theimc_navigation2/hook/ld_library_path_lib.sh'
[4.039s] Level 1:colcon.colcon_core.environment:checking '/home/jeff/theimc_robot/install/theimc_navigation2/bin'
[4.039s] Level 1:colcon.colcon_core.environment:checking '/home/jeff/theimc_robot/install/theimc_navigation2/lib/pkgconfig/theimc_navigation2.pc'
[4.040s] Level 1:colcon.colcon_core.environment:checking '/home/jeff/theimc_robot/install/theimc_navigation2/lib/python3.10/site-packages'
[4.041s] Level 1:colcon.colcon_core.environment:checking '/home/jeff/theimc_robot/install/theimc_navigation2/bin'
[4.041s] INFO:colcon.colcon_core.shell:Creating package script '/home/jeff/theimc_robot/install/theimc_navigation2/share/theimc_navigation2/package.ps1'
[4.043s] INFO:colcon.colcon_core.shell:Creating package descriptor '/home/jeff/theimc_robot/install/theimc_navigation2/share/theimc_navigation2/package.dsv'
[4.044s] INFO:colcon.colcon_core.shell:Creating package script '/home/jeff/theimc_robot/install/theimc_navigation2/share/theimc_navigation2/package.sh'
[4.045s] INFO:colcon.colcon_core.shell:Creating package script '/home/jeff/theimc_robot/install/theimc_navigation2/share/theimc_navigation2/package.bash'
[4.046s] INFO:colcon.colcon_core.shell:Creating package script '/home/jeff/theimc_robot/install/theimc_navigation2/share/theimc_navigation2/package.zsh'
[4.047s] Level 1:colcon.colcon_core.environment:create_file_with_runtime_dependencies(/home/jeff/theimc_robot/install/theimc_navigation2/share/colcon-core/packages/theimc_navigation2)
[4.048s] Level 1:colcon.colcon_core.environment:create_environment_scripts_only(theimc_navigation2)
[4.049s] Level 1:colcon.colcon_core.environment:checking '/home/jeff/theimc_robot/install/theimc_navigation2' for CMake module files
[4.050s] Level 1:colcon.colcon_core.environment:checking '/home/jeff/theimc_robot/install/theimc_navigation2' for CMake config files
[4.051s] Level 1:colcon.colcon_core.shell:create_environment_hook('theimc_navigation2', 'cmake_prefix_path')
[4.051s] INFO:colcon.colcon_core.shell:Creating environment hook '/home/jeff/theimc_robot/install/theimc_navigation2/share/theimc_navigation2/hook/cmake_prefix_path.ps1'
[4.052s] INFO:colcon.colcon_core.shell:Creating environment descriptor '/home/jeff/theimc_robot/install/theimc_navigation2/share/theimc_navigation2/hook/cmake_prefix_path.dsv'
[4.053s] INFO:colcon.colcon_core.shell:Creating environment hook '/home/jeff/theimc_robot/install/theimc_navigation2/share/theimc_navigation2/hook/cmake_prefix_path.sh'
[4.054s] Level 1:colcon.colcon_core.environment:checking '/home/jeff/theimc_robot/install/theimc_navigation2/lib'
[4.054s] Level 1:colcon.colcon_core.shell:create_environment_hook('theimc_navigation2', 'ld_library_path_lib')
[4.055s] INFO:colcon.colcon_core.shell:Creating environment hook '/home/jeff/theimc_robot/install/theimc_navigation2/share/theimc_navigation2/hook/ld_library_path_lib.ps1'
[4.056s] INFO:colcon.colcon_core.shell:Creating environment descriptor '/home/jeff/theimc_robot/install/theimc_navigation2/share/theimc_navigation2/hook/ld_library_path_lib.dsv'
[4.056s] INFO:colcon.colcon_core.shell:Creating environment hook '/home/jeff/theimc_robot/install/theimc_navigation2/share/theimc_navigation2/hook/ld_library_path_lib.sh'
[4.057s] Level 1:colcon.colcon_core.environment:checking '/home/jeff/theimc_robot/install/theimc_navigation2/bin'
[4.058s] Level 1:colcon.colcon_core.environment:checking '/home/jeff/theimc_robot/install/theimc_navigation2/lib/pkgconfig/theimc_navigation2.pc'
[4.058s] Level 1:colcon.colcon_core.environment:checking '/home/jeff/theimc_robot/install/theimc_navigation2/lib/python3.10/site-packages'
[4.059s] Level 1:colcon.colcon_core.environment:checking '/home/jeff/theimc_robot/install/theimc_navigation2/bin'
[4.059s] INFO:colcon.colcon_core.shell:Creating package script '/home/jeff/theimc_robot/install/theimc_navigation2/share/theimc_navigation2/package.ps1'
[4.061s] INFO:colcon.colcon_core.shell:Creating package descriptor '/home/jeff/theimc_robot/install/theimc_navigation2/share/theimc_navigation2/package.dsv'
[4.062s] INFO:colcon.colcon_core.shell:Creating package script '/home/jeff/theimc_robot/install/theimc_navigation2/share/theimc_navigation2/package.sh'
[4.063s] INFO:colcon.colcon_core.shell:Creating package script '/home/jeff/theimc_robot/install/theimc_navigation2/share/theimc_navigation2/package.bash'
[4.064s] INFO:colcon.colcon_core.shell:Creating package script '/home/jeff/theimc_robot/install/theimc_navigation2/share/theimc_navigation2/package.zsh'
[4.065s] Level 1:colcon.colcon_core.environment:create_file_with_runtime_dependencies(/home/jeff/theimc_robot/install/theimc_navigation2/share/colcon-core/packages/theimc_navigation2)
[4.067s] INFO:colcon.colcon_ros.task.ament_cmake.build:Building ROS package in '/home/jeff/theimc_robot/src/theimc_description' with build type 'ament_cmake'
[4.068s] INFO:colcon.colcon_cmake.task.cmake.build:Building CMake package in '/home/jeff/theimc_robot/src/theimc_description'
[4.068s] INFO:colcon.colcon_core.shell:Skip shell extension 'powershell' for command environment: Not usable outside of PowerShell
[4.068s] DEBUG:colcon.colcon_core.shell:Skip shell extension 'dsv' for command environment
[4.710s] INFO:colcon.colcon_core.task.python.build:Building Python package in '/home/jeff/theimc_robot/src/theimc_bringup'
[4.711s] INFO:colcon.colcon_core.shell:Skip shell extension 'powershell' for command environment: Not usable outside of PowerShell
[4.711s] DEBUG:colcon.colcon_core.shell:Skip shell extension 'dsv' for command environment
[4.728s] DEBUG:colcon.colcon_core.event_handler.log_command:Invoking command in '/home/jeff/theimc_robot/build/theimc_description': CMAKE_PREFIX_PATH=${CMAKE_PREFIX_PATH}:/home/jeff/theimc_robot/install/theimc_teleop:/home/jeff/theimc_robot/install/theimc_bringup:/home/jeff/theimc_robot/install/localizer_server:/home/jeff/theimc_robot/install/decision_making_pkg:/home/jeff/theimc_robot/install/debug_pkg:/home/jeff/theimc_robot/install/camera_perception_pkg:/opt/ros/humble /usr/bin/cmake /home/jeff/theimc_robot/src/theimc_description -DAMENT_CMAKE_SYMLINK_INSTALL=1 -DCMAKE_INSTALL_PREFIX=/home/jeff/theimc_robot/install/theimc_description
[4.728s] DEBUG:colcon.colcon_core.task.python.build:Available setuptools 'develop' options: --local-snapshots-ok, --multi-version, --exclude-scripts, --optimize, --force-installation-into-system-dir, --upgrade, --find-links, --quiet, --version, --zip-ok, --allow-hosts, --no-user-cfg, --script-dir, --dry-run, --site-dirs, --install-layout, --uninstall, --editable, --build-directory, --verbose, --user, --no-find-links, --help, --no-deps, --index-url, --always-unzip, --install-dir, --prefix, --always-copy, --egg-path, --record
[4.732s] DEBUG:colcon.colcon_core.task.python.build:Available setuptools 'develop' options: --local-snapshots-ok, --multi-version, --exclude-scripts, --optimize, --force-installation-into-system-dir, --upgrade, --find-links, --quiet, --version, --zip-ok, --allow-hosts, --no-user-cfg, --script-dir, --dry-run, --site-dirs, --install-layout, --uninstall, --editable, --build-directory, --verbose, --user, --no-find-links, --help, --no-deps, --index-url, --always-unzip, --install-dir, --prefix, --always-copy, --egg-path, --record
[4.735s] DEBUG:colcon.colcon_core.event_handler.log_command:Invoking command in '/home/jeff/theimc_robot/build/debug_pkg': PYTHONPATH=/home/jeff/theimc_robot/build/debug_pkg/prefix_override:/usr/lib/python3/dist-packages/colcon_core/task/python/colcon_distutils_commands:/home/jeff/theimc_robot/install/debug_pkg/lib/python3.10/site-packages:${PYTHONPATH} /usr/bin/python3 -W ignore:setup.py install is deprecated -W ignore:easy_install command is deprecated setup.py develop --editable --build-directory /home/jeff/theimc_robot/build/debug_pkg/build --no-deps symlink_data
[4.736s] DEBUG:colcon.colcon_core.event_handler.log_command:Invoking command in '/home/jeff/theimc_robot/build/camera_perception_pkg': PYTHONPATH=/home/jeff/theimc_robot/build/camera_perception_pkg/prefix_override:/usr/lib/python3/dist-packages/colcon_core/task/python/colcon_distutils_commands:/home/jeff/theimc_robot/install/camera_perception_pkg/lib/python3.10/site-packages:${PYTHONPATH} /usr/bin/python3 -W ignore:setup.py install is deprecated -W ignore:easy_install command is deprecated setup.py develop --editable --build-directory /home/jeff/theimc_robot/build/camera_perception_pkg/build --no-deps symlink_data
[4.736s] DEBUG:colcon.colcon_core.task.python.build:Available setuptools 'develop' options: --local-snapshots-ok, --multi-version, --exclude-scripts, --optimize, --force-installation-into-system-dir, --upgrade, --find-links, --quiet, --version, --zip-ok, --allow-hosts, --no-user-cfg, --script-dir, --dry-run, --site-dirs, --install-layout, --uninstall, --editable, --build-directory, --verbose, --user, --no-find-links, --help, --no-deps, --index-url, --always-unzip, --install-dir, --prefix, --always-copy, --egg-path, --record
[4.740s] DEBUG:colcon.colcon_core.event_handler.log_command:Invoking command in '/home/jeff/theimc_robot/build/localizer_server': PYTHONPATH=/home/jeff/theimc_robot/build/localizer_server/prefix_override:/usr/lib/python3/dist-packages/colcon_core/task/python/colcon_distutils_commands:/home/jeff/theimc_robot/install/localizer_server/lib/python3.10/site-packages:${PYTHONPATH} /usr/bin/python3 -W ignore:setup.py install is deprecated -W ignore:easy_install command is deprecated setup.py develop --editable --build-directory /home/jeff/theimc_robot/build/localizer_server/build --no-deps symlink_data
[5.390s] DEBUG:colcon.colcon_core.event_handler.log_command:Invoked command in '/home/jeff/theimc_robot/build/theimc_description' returned '0': CMAKE_PREFIX_PATH=${CMAKE_PREFIX_PATH}:/home/jeff/theimc_robot/install/theimc_teleop:/home/jeff/theimc_robot/install/theimc_bringup:/home/jeff/theimc_robot/install/localizer_server:/home/jeff/theimc_robot/install/decision_making_pkg:/home/jeff/theimc_robot/install/debug_pkg:/home/jeff/theimc_robot/install/camera_perception_pkg:/opt/ros/humble /usr/bin/cmake /home/jeff/theimc_robot/src/theimc_description -DAMENT_CMAKE_SYMLINK_INSTALL=1 -DCMAKE_INSTALL_PREFIX=/home/jeff/theimc_robot/install/theimc_description
[5.402s] DEBUG:colcon.colcon_core.event_handler.log_command:Invoking command in '/home/jeff/theimc_robot/build/theimc_description': CMAKE_PREFIX_PATH=${CMAKE_PREFIX_PATH}:/home/jeff/theimc_robot/install/theimc_teleop:/home/jeff/theimc_robot/install/theimc_bringup:/home/jeff/theimc_robot/install/localizer_server:/home/jeff/theimc_robot/install/decision_making_pkg:/home/jeff/theimc_robot/install/debug_pkg:/home/jeff/theimc_robot/install/camera_perception_pkg:/opt/ros/humble /usr/bin/cmake --build /home/jeff/theimc_robot/build/theimc_description -- -j6 -l6
[5.491s] DEBUG:colcon.colcon_core.event_handler.log_command:Invoked command in '/home/jeff/theimc_robot/build/theimc_description' returned '0': CMAKE_PREFIX_PATH=${CMAKE_PREFIX_PATH}:/home/jeff/theimc_robot/install/theimc_teleop:/home/jeff/theimc_robot/install/theimc_bringup:/home/jeff/theimc_robot/install/localizer_server:/home/jeff/theimc_robot/install/decision_making_pkg:/home/jeff/theimc_robot/install/debug_pkg:/home/jeff/theimc_robot/install/camera_perception_pkg:/opt/ros/humble /usr/bin/cmake --build /home/jeff/theimc_robot/build/theimc_description -- -j6 -l6
[5.492s] DEBUG:colcon.colcon_core.event_handler.log_command:Invoking command in '/home/jeff/theimc_robot/build/theimc_description': CMAKE_PREFIX_PATH=${CMAKE_PREFIX_PATH}:/home/jeff/theimc_robot/install/theimc_teleop:/home/jeff/theimc_robot/install/theimc_bringup:/home/jeff/theimc_robot/install/localizer_server:/home/jeff/theimc_robot/install/decision_making_pkg:/home/jeff/theimc_robot/install/debug_pkg:/home/jeff/theimc_robot/install/camera_perception_pkg:/opt/ros/humble /usr/bin/cmake --install /home/jeff/theimc_robot/build/theimc_description
[5.576s] DEBUG:colcon.colcon_core.task.python.build:Available setuptools commands: rotate, install, clean, install_lib, upload_docs, build_scripts, saveopts, setopt, sdist, dist_info, easy_install, install_headers, install_scripts, egg_info, check, upload, bdist_wheel, install_data, install_egg_info, register, bdist_dumb, bdist_egg, test, build_clib, develop, bdist_rpm, bdist, build, symlink_data, build_ext, build_py, alias
[5.856s] Level 1:colcon.colcon_core.shell:create_environment_hook('debug_pkg', 'pythonpath_develop')
[5.857s] INFO:colcon.colcon_core.shell:Creating environment hook '/home/jeff/theimc_robot/build/debug_pkg/share/debug_pkg/hook/pythonpath_develop.ps1'
[5.858s] INFO:colcon.colcon_core.shell:Creating environment descriptor '/home/jeff/theimc_robot/build/debug_pkg/share/debug_pkg/hook/pythonpath_develop.dsv'
[5.859s] INFO:colcon.colcon_core.shell:Creating environment hook '/home/jeff/theimc_robot/build/debug_pkg/share/debug_pkg/hook/pythonpath_develop.sh'
[5.860s] Level 1:colcon.colcon_core.environment:checking '/home/jeff/theimc_robot/install/debug_pkg' for CMake module files
[5.861s] Level 1:colcon.colcon_core.environment:checking '/home/jeff/theimc_robot/install/debug_pkg' for CMake config files
[5.862s] Level 1:colcon.colcon_core.environment:checking '/home/jeff/theimc_robot/install/debug_pkg/lib'
[5.863s] Level 1:colcon.colcon_core.environment:checking '/home/jeff/theimc_robot/install/debug_pkg/bin'
[5.863s] Level 1:colcon.colcon_core.environment:checking '/home/jeff/theimc_robot/install/debug_pkg/lib/pkgconfig/debug_pkg.pc'
[5.863s] Level 1:colcon.colcon_core.environment:checking '/home/jeff/theimc_robot/install/debug_pkg/lib/python3.10/site-packages'
[5.863s] Level 1:colcon.colcon_core.shell:create_environment_hook('debug_pkg', 'pythonpath')
[5.864s] INFO:colcon.colcon_core.shell:Creating environment hook '/home/jeff/theimc_robot/install/debug_pkg/share/debug_pkg/hook/pythonpath.ps1'
[5.865s] INFO:colcon.colcon_core.shell:Creating environment descriptor '/home/jeff/theimc_robot/install/debug_pkg/share/debug_pkg/hook/pythonpath.dsv'
[5.866s] DEBUG:colcon.colcon_core.event_handler.log_command:Invoked command in '/home/jeff/theimc_robot/build/debug_pkg' returned '0': PYTHONPATH=/home/jeff/theimc_robot/build/debug_pkg/prefix_override:/usr/lib/python3/dist-packages/colcon_core/task/python/colcon_distutils_commands:/home/jeff/theimc_robot/install/debug_pkg/lib/python3.10/site-packages:${PYTHONPATH} /usr/bin/python3 -W ignore:setup.py install is deprecated -W ignore:easy_install command is deprecated setup.py develop --editable --build-directory /home/jeff/theimc_robot/build/debug_pkg/build --no-deps symlink_data
[5.867s] INFO:colcon.colcon_core.shell:Creating environment hook '/home/jeff/theimc_robot/install/debug_pkg/share/debug_pkg/hook/pythonpath.sh'
[5.868s] Level 1:colcon.colcon_core.environment:checking '/home/jeff/theimc_robot/install/debug_pkg/bin'
[5.869s] Level 1:colcon.colcon_core.environment:create_environment_scripts_only(debug_pkg)
[5.869s] INFO:colcon.colcon_core.shell:Creating package script '/home/jeff/theimc_robot/install/debug_pkg/share/debug_pkg/package.ps1'
[5.875s] INFO:colcon.colcon_core.shell:Creating package descriptor '/home/jeff/theimc_robot/install/debug_pkg/share/debug_pkg/package.dsv'
[5.877s] INFO:colcon.colcon_core.shell:Creating package script '/home/jeff/theimc_robot/install/debug_pkg/share/debug_pkg/package.sh'
[5.879s] INFO:colcon.colcon_core.shell:Creating package script '/home/jeff/theimc_robot/install/debug_pkg/share/debug_pkg/package.bash'
[5.881s] INFO:colcon.colcon_core.shell:Creating package script '/home/jeff/theimc_robot/install/debug_pkg/share/debug_pkg/package.zsh'
[5.882s] Level 1:colcon.colcon_core.environment:create_file_with_runtime_dependencies(/home/jeff/theimc_robot/install/debug_pkg/share/colcon-core/packages/debug_pkg)
[5.885s] INFO:colcon.colcon_ros.task.ament_python.build:Building ROS package in '/home/jeff/theimc_robot/src/theimc_teleop' with build type 'ament_python'
[5.887s] Level 1:colcon.colcon_core.shell:create_environment_hook('theimc_teleop', 'ament_prefix_path')
[5.890s] INFO:colcon.colcon_core.shell:Creating environment hook '/home/jeff/theimc_robot/install/theimc_teleop/share/theimc_teleop/hook/ament_prefix_path.ps1'
[5.893s] INFO:colcon.colcon_core.shell:Creating environment descriptor '/home/jeff/theimc_robot/install/theimc_teleop/share/theimc_teleop/hook/ament_prefix_path.dsv'
[5.895s] INFO:colcon.colcon_core.shell:Creating environment hook '/home/jeff/theimc_robot/install/theimc_teleop/share/theimc_teleop/hook/ament_prefix_path.sh'
[5.897s] INFO:colcon.colcon_core.shell:Skip shell extension 'powershell' for command environment: Not usable outside of PowerShell
[5.897s] DEBUG:colcon.colcon_core.shell:Skip shell extension 'dsv' for command environment
[6.523s] INFO:colcon.colcon_core.task.python.build:Building Python package in '/home/jeff/theimc_robot/src/theimc_teleop'
[6.524s] INFO:colcon.colcon_core.shell:Skip shell extension 'powershell' for command environment: Not usable outside of PowerShell
[6.524s] DEBUG:colcon.colcon_core.shell:Skip shell extension 'dsv' for command environment
[6.540s] Level 1:colcon.colcon_core.environment:create_environment_scripts_only(theimc_description)
[6.541s] Level 1:colcon.colcon_core.environment:checking '/home/jeff/theimc_robot/install/theimc_description' for CMake module files
[6.543s] DEBUG:colcon.colcon_core.event_handler.log_command:Invoked command in '/home/jeff/theimc_robot/build/theimc_description' returned '0': CMAKE_PREFIX_PATH=${CMAKE_PREFIX_PATH}:/home/jeff/theimc_robot/install/theimc_teleop:/home/jeff/theimc_robot/install/theimc_bringup:/home/jeff/theimc_robot/install/localizer_server:/home/jeff/theimc_robot/install/decision_making_pkg:/home/jeff/theimc_robot/install/debug_pkg:/home/jeff/theimc_robot/install/camera_perception_pkg:/opt/ros/humble /usr/bin/cmake --install /home/jeff/theimc_robot/build/theimc_description
[6.544s] Level 1:colcon.colcon_core.environment:checking '/home/jeff/theimc_robot/install/theimc_description' for CMake config files
[6.546s] Level 1:colcon.colcon_core.shell:create_environment_hook('theimc_description', 'cmake_prefix_path')
[6.547s] INFO:colcon.colcon_core.shell:Creating environment hook '/home/jeff/theimc_robot/install/theimc_description/share/theimc_description/hook/cmake_prefix_path.ps1'
[6.548s] INFO:colcon.colcon_core.shell:Creating environment descriptor '/home/jeff/theimc_robot/install/theimc_description/share/theimc_description/hook/cmake_prefix_path.dsv'
[6.549s] INFO:colcon.colcon_core.shell:Creating environment hook '/home/jeff/theimc_robot/install/theimc_description/share/theimc_description/hook/cmake_prefix_path.sh'
[6.550s] Level 1:colcon.colcon_core.environment:checking '/home/jeff/theimc_robot/install/theimc_description/bin'
[6.551s] Level 1:colcon.colcon_core.environment:checking '/home/jeff/theimc_robot/install/theimc_description/lib/pkgconfig/theimc_description.pc'
[6.551s] Level 1:colcon.colcon_core.environment:checking '/home/jeff/theimc_robot/install/theimc_description/lib/python3.10/site-packages'
[6.553s] Level 1:colcon.colcon_core.environment:checking '/home/jeff/theimc_robot/install/theimc_description/bin'
[6.554s] INFO:colcon.colcon_core.shell:Creating package script '/home/jeff/theimc_robot/install/theimc_description/share/theimc_description/package.ps1'
[6.556s] INFO:colcon.colcon_core.shell:Creating package descriptor '/home/jeff/theimc_robot/install/theimc_description/share/theimc_description/package.dsv'
[6.557s] INFO:colcon.colcon_core.shell:Creating package script '/home/jeff/theimc_robot/install/theimc_description/share/theimc_description/package.sh'
[6.558s] INFO:colcon.colcon_core.shell:Creating package script '/home/jeff/theimc_robot/install/theimc_description/share/theimc_description/package.bash'
[6.559s] INFO:colcon.colcon_core.shell:Creating package script '/home/jeff/theimc_robot/install/theimc_description/share/theimc_description/package.zsh'
[6.560s] Level 1:colcon.colcon_core.environment:create_file_with_runtime_dependencies(/home/jeff/theimc_robot/install/theimc_description/share/colcon-core/packages/theimc_description)
[6.562s] Level 1:colcon.colcon_core.environment:create_environment_scripts_only(theimc_description)
[6.563s] Level 1:colcon.colcon_core.environment:checking '/home/jeff/theimc_robot/install/theimc_description' for CMake module files
[6.564s] Level 1:colcon.colcon_core.environment:checking '/home/jeff/theimc_robot/install/theimc_description' for CMake config files
[6.565s] Level 1:colcon.colcon_core.shell:create_environment_hook('theimc_description', 'cmake_prefix_path')
[6.566s] INFO:colcon.colcon_core.shell:Creating environment hook '/home/jeff/theimc_robot/install/theimc_description/share/theimc_description/hook/cmake_prefix_path.ps1'
[6.567s] INFO:colcon.colcon_core.shell:Creating environment descriptor '/home/jeff/theimc_robot/install/theimc_description/share/theimc_description/hook/cmake_prefix_path.dsv'
[6.568s] INFO:colcon.colcon_core.shell:Creating environment hook '/home/jeff/theimc_robot/install/theimc_description/share/theimc_description/hook/cmake_prefix_path.sh'
[6.569s] Level 1:colcon.colcon_core.environment:checking '/home/jeff/theimc_robot/install/theimc_description/bin'
[6.569s] Level 1:colcon.colcon_core.environment:checking '/home/jeff/theimc_robot/install/theimc_description/lib/pkgconfig/theimc_description.pc'
[6.570s] Level 1:colcon.colcon_core.environment:checking '/home/jeff/theimc_robot/install/theimc_description/lib/python3.10/site-packages'
[6.571s] Level 1:colcon.colcon_core.environment:checking '/home/jeff/theimc_robot/install/theimc_description/bin'
[6.571s] INFO:colcon.colcon_core.shell:Creating package script '/home/jeff/theimc_robot/install/theimc_description/share/theimc_description/package.ps1'
[6.573s] INFO:colcon.colcon_core.shell:Creating package descriptor '/home/jeff/theimc_robot/install/theimc_description/share/theimc_description/package.dsv'
[6.575s] INFO:colcon.colcon_core.shell:Creating package script '/home/jeff/theimc_robot/install/theimc_description/share/theimc_description/package.sh'
[6.576s] INFO:colcon.colcon_core.shell:Creating package script '/home/jeff/theimc_robot/install/theimc_description/share/theimc_description/package.bash'
[6.577s] INFO:colcon.colcon_core.shell:Creating package script '/home/jeff/theimc_robot/install/theimc_description/share/theimc_description/package.zsh'
[6.578s] Level 1:colcon.colcon_core.environment:create_file_with_runtime_dependencies(/home/jeff/theimc_robot/install/theimc_description/share/colcon-core/packages/theimc_description)
[6.578s] Level 1:colcon.colcon_core.shell:create_environment_hook('camera_perception_pkg', 'pythonpath_develop')
[6.579s] INFO:colcon.colcon_core.shell:Creating environment hook '/home/jeff/theimc_robot/build/camera_perception_pkg/share/camera_perception_pkg/hook/pythonpath_develop.ps1'
[6.581s] DEBUG:colcon.colcon_core.event_handler.log_command:Invoked command in '/home/jeff/theimc_robot/build/camera_perception_pkg' returned '0': PYTHONPATH=/home/jeff/theimc_robot/build/camera_perception_pkg/prefix_override:/usr/lib/python3/dist-packages/colcon_core/task/python/colcon_distutils_commands:/home/jeff/theimc_robot/install/camera_perception_pkg/lib/python3.10/site-packages:${PYTHONPATH} /usr/bin/python3 -W ignore:setup.py install is deprecated -W ignore:easy_install command is deprecated setup.py develop --editable --build-directory /home/jeff/theimc_robot/build/camera_perception_pkg/build --no-deps symlink_data
[6.582s] INFO:colcon.colcon_core.shell:Creating environment descriptor '/home/jeff/theimc_robot/build/camera_perception_pkg/share/camera_perception_pkg/hook/pythonpath_develop.dsv'
[6.583s] INFO:colcon.colcon_core.shell:Creating environment hook '/home/jeff/theimc_robot/build/camera_perception_pkg/share/camera_perception_pkg/hook/pythonpath_develop.sh'
[6.584s] Level 1:colcon.colcon_core.environment:checking '/home/jeff/theimc_robot/install/camera_perception_pkg' for CMake module files
[6.586s] Level 1:colcon.colcon_core.environment:checking '/home/jeff/theimc_robot/install/camera_perception_pkg' for CMake config files
[6.587s] Level 1:colcon.colcon_core.environment:checking '/home/jeff/theimc_robot/install/camera_perception_pkg/lib'
[6.587s] Level 1:colcon.colcon_core.environment:checking '/home/jeff/theimc_robot/install/camera_perception_pkg/bin'
[6.587s] Level 1:colcon.colcon_core.environment:checking '/home/jeff/theimc_robot/install/camera_perception_pkg/lib/pkgconfig/camera_perception_pkg.pc'
[6.588s] Level 1:colcon.colcon_core.environment:checking '/home/jeff/theimc_robot/install/camera_perception_pkg/lib/python3.10/site-packages'
[6.588s] Level 1:colcon.colcon_core.shell:create_environment_hook('camera_perception_pkg', 'pythonpath')
[6.589s] INFO:colcon.colcon_core.shell:Creating environment hook '/home/jeff/theimc_robot/install/camera_perception_pkg/share/camera_perception_pkg/hook/pythonpath.ps1'
[6.590s] INFO:colcon.colcon_core.shell:Creating environment descriptor '/home/jeff/theimc_robot/install/camera_perception_pkg/share/camera_perception_pkg/hook/pythonpath.dsv'
[6.591s] INFO:colcon.colcon_core.shell:Creating environment hook '/home/jeff/theimc_robot/install/camera_perception_pkg/share/camera_perception_pkg/hook/pythonpath.sh'
[6.593s] Level 1:colcon.colcon_core.environment:checking '/home/jeff/theimc_robot/install/camera_perception_pkg/bin'
[6.593s] Level 1:colcon.colcon_core.environment:create_environment_scripts_only(camera_perception_pkg)
[6.594s] INFO:colcon.colcon_core.shell:Creating package script '/home/jeff/theimc_robot/install/camera_perception_pkg/share/camera_perception_pkg/package.ps1'
[6.595s] INFO:colcon.colcon_core.shell:Creating package descriptor '/home/jeff/theimc_robot/install/camera_perception_pkg/share/camera_perception_pkg/package.dsv'
[6.596s] INFO:colcon.colcon_core.shell:Creating package script '/home/jeff/theimc_robot/install/camera_perception_pkg/share/camera_perception_pkg/package.sh'
[6.597s] INFO:colcon.colcon_core.shell:Creating package script '/home/jeff/theimc_robot/install/camera_perception_pkg/share/camera_perception_pkg/package.bash'
[6.598s] INFO:colcon.colcon_core.shell:Creating package script '/home/jeff/theimc_robot/install/camera_perception_pkg/share/camera_perception_pkg/package.zsh'
[6.599s] Level 1:colcon.colcon_core.environment:create_file_with_runtime_dependencies(/home/jeff/theimc_robot/install/camera_perception_pkg/share/colcon-core/packages/camera_perception_pkg)
[6.600s] DEBUG:colcon.colcon_core.task.python.build:Available setuptools 'develop' options: --local-snapshots-ok, --multi-version, --exclude-scripts, --optimize, --force-installation-into-system-dir, --upgrade, --find-links, --quiet, --version, --zip-ok, --allow-hosts, --no-user-cfg, --script-dir, --dry-run, --site-dirs, --install-layout, --uninstall, --editable, --build-directory, --verbose, --user, --no-find-links, --help, --no-deps, --index-url, --always-unzip, --install-dir, --prefix, --always-copy, --egg-path, --record
[6.609s] Level 1:colcon.colcon_core.shell:create_environment_hook('localizer_server', 'pythonpath_develop')
[6.610s] INFO:colcon.colcon_core.shell:Creating environment hook '/home/jeff/theimc_robot/build/localizer_server/share/localizer_server/hook/pythonpath_develop.ps1'
[6.611s] DEBUG:colcon.colcon_core.event_handler.log_command:Invoking command in '/home/jeff/theimc_robot/build/theimc_bringup': PYTHONPATH=/home/jeff/theimc_robot/build/theimc_bringup/prefix_override:/usr/lib/python3/dist-packages/colcon_core/task/python/colcon_distutils_commands:/home/jeff/theimc_robot/install/theimc_bringup/lib/python3.10/site-packages:${PYTHONPATH} /usr/bin/python3 -W ignore:setup.py install is deprecated -W ignore:easy_install command is deprecated setup.py develop --editable --build-directory /home/jeff/theimc_robot/build/theimc_bringup/build --no-deps symlink_data
[6.613s] DEBUG:colcon.colcon_core.event_handler.log_command:Invoked command in '/home/jeff/theimc_robot/build/interfaces_pkg' returned '0': CMAKE_PREFIX_PATH=${CMAKE_PREFIX_PATH}:/home/jeff/theimc_robot/install/theimc_teleop:/home/jeff/theimc_robot/install/theimc_bringup:/home/jeff/theimc_robot/install/localizer_server:/home/jeff/theimc_robot/install/decision_making_pkg:/home/jeff/theimc_robot/install/debug_pkg:/home/jeff/theimc_robot/install/camera_perception_pkg:/opt/ros/humble /usr/bin/cmake /home/jeff/theimc_robot/src/interfaces_pkg -DAMENT_CMAKE_SYMLINK_INSTALL=1 -DCMAKE_INSTALL_PREFIX=/home/jeff/theimc_robot/install/interfaces_pkg
[6.614s] DEBUG:colcon.colcon_core.event_handler.log_command:Invoking command in '/home/jeff/theimc_robot/build/interfaces_pkg': CMAKE_PREFIX_PATH=${CMAKE_PREFIX_PATH}:/home/jeff/theimc_robot/install/theimc_teleop:/home/jeff/theimc_robot/install/theimc_bringup:/home/jeff/theimc_robot/install/localizer_server:/home/jeff/theimc_robot/install/decision_making_pkg:/home/jeff/theimc_robot/install/debug_pkg:/home/jeff/theimc_robot/install/camera_perception_pkg:/opt/ros/humble /usr/bin/cmake --build /home/jeff/theimc_robot/build/interfaces_pkg -- -j6 -l6
[6.615s] DEBUG:colcon.colcon_core.event_handler.log_command:Invoked command in '/home/jeff/theimc_robot/build/localizer_server' returned '0': PYTHONPATH=/home/jeff/theimc_robot/build/localizer_server/prefix_override:/usr/lib/python3/dist-packages/colcon_core/task/python/colcon_distutils_commands:/home/jeff/theimc_robot/install/localizer_server/lib/python3.10/site-packages:${PYTHONPATH} /usr/bin/python3 -W ignore:setup.py install is deprecated -W ignore:easy_install command is deprecated setup.py develop --editable --build-directory /home/jeff/theimc_robot/build/localizer_server/build --no-deps symlink_data
[6.615s] INFO:colcon.colcon_core.shell:Creating environment descriptor '/home/jeff/theimc_robot/build/localizer_server/share/localizer_server/hook/pythonpath_develop.dsv'
[6.616s] INFO:colcon.colcon_core.shell:Creating environment hook '/home/jeff/theimc_robot/build/localizer_server/share/localizer_server/hook/pythonpath_develop.sh'
[6.618s] Level 1:colcon.colcon_core.environment:checking '/home/jeff/theimc_robot/install/localizer_server' for CMake module files
[6.619s] Level 1:colcon.colcon_core.environment:checking '/home/jeff/theimc_robot/install/localizer_server' for CMake config files
[6.620s] Level 1:colcon.colcon_core.environment:checking '/home/jeff/theimc_robot/install/localizer_server/lib'
[6.621s] Level 1:colcon.colcon_core.environment:checking '/home/jeff/theimc_robot/install/localizer_server/bin'
[6.621s] Level 1:colcon.colcon_core.environment:checking '/home/jeff/theimc_robot/install/localizer_server/lib/pkgconfig/localizer_server.pc'
[6.621s] Level 1:colcon.colcon_core.environment:checking '/home/jeff/theimc_robot/install/localizer_server/lib/python3.10/site-packages'
[6.622s] Level 1:colcon.colcon_core.shell:create_environment_hook('localizer_server', 'pythonpath')
[6.622s] INFO:colcon.colcon_core.shell:Creating environment hook '/home/jeff/theimc_robot/install/localizer_server/share/localizer_server/hook/pythonpath.ps1'
[6.623s] INFO:colcon.colcon_core.shell:Creating environment descriptor '/home/jeff/theimc_robot/install/localizer_server/share/localizer_server/hook/pythonpath.dsv'
[6.624s] INFO:colcon.colcon_core.shell:Creating environment hook '/home/jeff/theimc_robot/install/localizer_server/share/localizer_server/hook/pythonpath.sh'
[6.626s] Level 1:colcon.colcon_core.environment:checking '/home/jeff/theimc_robot/install/localizer_server/bin'
[6.626s] Level 1:colcon.colcon_core.environment:create_environment_scripts_only(localizer_server)
[6.627s] INFO:colcon.colcon_core.shell:Creating package script '/home/jeff/theimc_robot/install/localizer_server/share/localizer_server/package.ps1'
[6.628s] INFO:colcon.colcon_core.shell:Creating package descriptor '/home/jeff/theimc_robot/install/localizer_server/share/localizer_server/package.dsv'
[6.630s] INFO:colcon.colcon_core.shell:Creating package script '/home/jeff/theimc_robot/install/localizer_server/share/localizer_server/package.sh'
[6.631s] INFO:colcon.colcon_core.shell:Creating package script '/home/jeff/theimc_robot/install/localizer_server/share/localizer_server/package.bash'
[6.631s] INFO:colcon.colcon_core.shell:Creating package script '/home/jeff/theimc_robot/install/localizer_server/share/localizer_server/package.zsh'
[6.632s] Level 1:colcon.colcon_core.environment:create_file_with_runtime_dependencies(/home/jeff/theimc_robot/install/localizer_server/share/colcon-core/packages/localizer_server)
[7.489s] DEBUG:colcon.colcon_core.task.python.build:Available setuptools commands: rotate, install, clean, install_lib, upload_docs, build_scripts, saveopts, setopt, sdist, dist_info, easy_install, install_headers, install_scripts, egg_info, check, upload, bdist_wheel, install_data, install_egg_info, register, bdist_dumb, bdist_egg, test, build_clib, develop, bdist_rpm, bdist, build, symlink_data, build_ext, build_py, alias
[7.811s] Level 1:colcon.colcon_core.shell:create_environment_hook('theimc_bringup', 'pythonpath_develop')
[7.812s] INFO:colcon.colcon_core.shell:Creating environment hook '/home/jeff/theimc_robot/build/theimc_bringup/share/theimc_bringup/hook/pythonpath_develop.ps1'
[7.813s] INFO:colcon.colcon_core.shell:Creating environment descriptor '/home/jeff/theimc_robot/build/theimc_bringup/share/theimc_bringup/hook/pythonpath_develop.dsv'
[7.814s] INFO:colcon.colcon_core.shell:Creating environment hook '/home/jeff/theimc_robot/build/theimc_bringup/share/theimc_bringup/hook/pythonpath_develop.sh'
[7.816s] Level 1:colcon.colcon_core.environment:checking '/home/jeff/theimc_robot/install/theimc_bringup' for CMake module files
[7.817s] Level 1:colcon.colcon_core.environment:checking '/home/jeff/theimc_robot/install/theimc_bringup' for CMake config files
[7.818s] DEBUG:colcon.colcon_core.event_handler.log_command:Invoked command in '/home/jeff/theimc_robot/build/theimc_bringup' returned '0': PYTHONPATH=/home/jeff/theimc_robot/build/theimc_bringup/prefix_override:/usr/lib/python3/dist-packages/colcon_core/task/python/colcon_distutils_commands:/home/jeff/theimc_robot/install/theimc_bringup/lib/python3.10/site-packages:${PYTHONPATH} /usr/bin/python3 -W ignore:setup.py install is deprecated -W ignore:easy_install command is deprecated setup.py develop --editable --build-directory /home/jeff/theimc_robot/build/theimc_bringup/build --no-deps symlink_data
[7.819s] Level 1:colcon.colcon_core.environment:checking '/home/jeff/theimc_robot/install/theimc_bringup/lib'
[7.819s] Level 1:colcon.colcon_core.environment:checking '/home/jeff/theimc_robot/install/theimc_bringup/bin'
[7.819s] Level 1:colcon.colcon_core.environment:checking '/home/jeff/theimc_robot/install/theimc_bringup/lib/pkgconfig/theimc_bringup.pc'
[7.820s] Level 1:colcon.colcon_core.environment:checking '/home/jeff/theimc_robot/install/theimc_bringup/lib/python3.10/site-packages'
[7.820s] Level 1:colcon.colcon_core.shell:create_environment_hook('theimc_bringup', 'pythonpath')
[7.820s] INFO:colcon.colcon_core.shell:Creating environment hook '/home/jeff/theimc_robot/install/theimc_bringup/share/theimc_bringup/hook/pythonpath.ps1'
[7.821s] INFO:colcon.colcon_core.shell:Creating environment descriptor '/home/jeff/theimc_robot/install/theimc_bringup/share/theimc_bringup/hook/pythonpath.dsv'
[7.822s] INFO:colcon.colcon_core.shell:Creating environment hook '/home/jeff/theimc_robot/install/theimc_bringup/share/theimc_bringup/hook/pythonpath.sh'
[7.824s] Level 1:colcon.colcon_core.environment:checking '/home/jeff/theimc_robot/install/theimc_bringup/bin'
[7.824s] Level 1:colcon.colcon_core.environment:create_environment_scripts_only(theimc_bringup)
[7.824s] INFO:colcon.colcon_core.shell:Creating package script '/home/jeff/theimc_robot/install/theimc_bringup/share/theimc_bringup/package.ps1'
[7.826s] INFO:colcon.colcon_core.shell:Creating package descriptor '/home/jeff/theimc_robot/install/theimc_bringup/share/theimc_bringup/package.dsv'
[7.827s] INFO:colcon.colcon_core.shell:Creating package script '/home/jeff/theimc_robot/install/theimc_bringup/share/theimc_bringup/package.sh'
[7.828s] INFO:colcon.colcon_core.shell:Creating package script '/home/jeff/theimc_robot/install/theimc_bringup/share/theimc_bringup/package.bash'
[7.829s] INFO:colcon.colcon_core.shell:Creating package script '/home/jeff/theimc_robot/install/theimc_bringup/share/theimc_bringup/package.zsh'
[7.831s] Level 1:colcon.colcon_core.environment:create_file_with_runtime_dependencies(/home/jeff/theimc_robot/install/theimc_bringup/share/colcon-core/packages/theimc_bringup)
[8.152s] DEBUG:colcon.colcon_core.task.python.build:Available setuptools 'develop' options: --local-snapshots-ok, --multi-version, --exclude-scripts, --optimize, --force-installation-into-system-dir, --upgrade, --find-links, --quiet, --version, --zip-ok, --allow-hosts, --no-user-cfg, --script-dir, --dry-run, --site-dirs, --install-layout, --uninstall, --editable, --build-directory, --verbose, --user, --no-find-links, --help, --no-deps, --index-url, --always-unzip, --install-dir, --prefix, --always-copy, --egg-path, --record
[8.153s] DEBUG:colcon.colcon_core.task.python.build:While undoing a previous installation files outside the Python library path are being ignored: /home/jeff/theimc_robot/install/theimc_teleop/share/ament_index/resource_index/packages/theimc_teleop
[8.153s] DEBUG:colcon.colcon_core.task.python.build:While undoing a previous installation files outside the Python library path are being ignored: /home/jeff/theimc_robot/install/theimc_teleop/share/theimc_teleop/package.xml
[8.153s] DEBUG:colcon.colcon_core.task.python.build:While undoing a previous installation files outside the Python library path are being ignored: /home/jeff/theimc_robot/install/theimc_teleop/lib/theimc_teleop/teleop_keyboard
[8.158s] DEBUG:colcon.colcon_core.event_handler.log_command:Invoking command in '/home/jeff/theimc_robot/build/theimc_teleop': PYTHONPATH=/home/jeff/theimc_robot/build/theimc_teleop/prefix_override:/usr/lib/python3/dist-packages/colcon_core/task/python/colcon_distutils_commands:/home/jeff/theimc_robot/install/theimc_teleop/lib/python3.10/site-packages:${PYTHONPATH} /usr/bin/python3 -W ignore:setup.py install is deprecated -W ignore:easy_install command is deprecated setup.py develop --editable --build-directory /home/jeff/theimc_robot/build/theimc_teleop/build --no-deps symlink_data --force
[9.199s] Level 1:colcon.colcon_core.shell:create_environment_hook('theimc_teleop', 'pythonpath_develop')
[9.201s] INFO:colcon.colcon_core.shell:Creating environment hook '/home/jeff/theimc_robot/build/theimc_teleop/share/theimc_teleop/hook/pythonpath_develop.ps1'
[9.202s] DEBUG:colcon.colcon_core.event_handler.log_command:Invoked command in '/home/jeff/theimc_robot/build/theimc_teleop' returned '0': PYTHONPATH=/home/jeff/theimc_robot/build/theimc_teleop/prefix_override:/usr/lib/python3/dist-packages/colcon_core/task/python/colcon_distutils_commands:/home/jeff/theimc_robot/install/theimc_teleop/lib/python3.10/site-packages:${PYTHONPATH} /usr/bin/python3 -W ignore:setup.py install is deprecated -W ignore:easy_install command is deprecated setup.py develop --editable --build-directory /home/jeff/theimc_robot/build/theimc_teleop/build --no-deps symlink_data --force
[9.204s] INFO:colcon.colcon_core.shell:Creating environment descriptor '/home/jeff/theimc_robot/build/theimc_teleop/share/theimc_teleop/hook/pythonpath_develop.dsv'
[9.205s] INFO:colcon.colcon_core.shell:Creating environment hook '/home/jeff/theimc_robot/build/theimc_teleop/share/theimc_teleop/hook/pythonpath_develop.sh'
[9.207s] Level 1:colcon.colcon_core.environment:checking '/home/jeff/theimc_robot/install/theimc_teleop' for CMake module files
[9.209s] Level 1:colcon.colcon_core.environment:checking '/home/jeff/theimc_robot/install/theimc_teleop' for CMake config files
[9.210s] Level 1:colcon.colcon_core.environment:checking '/home/jeff/theimc_robot/install/theimc_teleop/lib'
[9.211s] Level 1:colcon.colcon_core.environment:checking '/home/jeff/theimc_robot/install/theimc_teleop/bin'
[9.211s] Level 1:colcon.colcon_core.environment:checking '/home/jeff/theimc_robot/install/theimc_teleop/lib/pkgconfig/theimc_teleop.pc'
[9.212s] Level 1:colcon.colcon_core.environment:checking '/home/jeff/theimc_robot/install/theimc_teleop/lib/python3.10/site-packages'
[9.212s] Level 1:colcon.colcon_core.shell:create_environment_hook('theimc_teleop', 'pythonpath')
[9.212s] INFO:colcon.colcon_core.shell:Creating environment hook '/home/jeff/theimc_robot/install/theimc_teleop/share/theimc_teleop/hook/pythonpath.ps1'
[9.214s] INFO:colcon.colcon_core.shell:Creating environment descriptor '/home/jeff/theimc_robot/install/theimc_teleop/share/theimc_teleop/hook/pythonpath.dsv'
[9.215s] INFO:colcon.colcon_core.shell:Creating environment hook '/home/jeff/theimc_robot/install/theimc_teleop/share/theimc_teleop/hook/pythonpath.sh'
[9.216s] Level 1:colcon.colcon_core.environment:checking '/home/jeff/theimc_robot/install/theimc_teleop/bin'
[9.217s] Level 1:colcon.colcon_core.environment:create_environment_scripts_only(theimc_teleop)
[9.218s] INFO:colcon.colcon_core.shell:Creating package script '/home/jeff/theimc_robot/install/theimc_teleop/share/theimc_teleop/package.ps1'
[9.220s] INFO:colcon.colcon_core.shell:Creating package descriptor '/home/jeff/theimc_robot/install/theimc_teleop/share/theimc_teleop/package.dsv'
[9.221s] INFO:colcon.colcon_core.shell:Creating package script '/home/jeff/theimc_robot/install/theimc_teleop/share/theimc_teleop/package.sh'
[9.222s] INFO:colcon.colcon_core.shell:Creating package script '/home/jeff/theimc_robot/install/theimc_teleop/share/theimc_teleop/package.bash'
[9.223s] INFO:colcon.colcon_core.shell:Creating package script '/home/jeff/theimc_robot/install/theimc_teleop/share/theimc_teleop/package.zsh'
[9.224s] Level 1:colcon.colcon_core.environment:create_file_with_runtime_dependencies(/home/jeff/theimc_robot/install/theimc_teleop/share/colcon-core/packages/theimc_teleop)
[32.623s] DEBUG:colcon.colcon_core.event_handler.log_command:Invoked command in '/home/jeff/theimc_robot/build/interfaces_pkg' returned '0': CMAKE_PREFIX_PATH=${CMAKE_PREFIX_PATH}:/home/jeff/theimc_robot/install/theimc_teleop:/home/jeff/theimc_robot/install/theimc_bringup:/home/jeff/theimc_robot/install/localizer_server:/home/jeff/theimc_robot/install/decision_making_pkg:/home/jeff/theimc_robot/install/debug_pkg:/home/jeff/theimc_robot/install/camera_perception_pkg:/opt/ros/humble /usr/bin/cmake --build /home/jeff/theimc_robot/build/interfaces_pkg -- -j6 -l6
[32.628s] DEBUG:colcon.colcon_core.event_handler.log_command:Invoking command in '/home/jeff/theimc_robot/build/interfaces_pkg': CMAKE_PREFIX_PATH=${CMAKE_PREFIX_PATH}:/home/jeff/theimc_robot/install/theimc_teleop:/home/jeff/theimc_robot/install/theimc_bringup:/home/jeff/theimc_robot/install/localizer_server:/home/jeff/theimc_robot/install/decision_making_pkg:/home/jeff/theimc_robot/install/debug_pkg:/home/jeff/theimc_robot/install/camera_perception_pkg:/opt/ros/humble /usr/bin/cmake --install /home/jeff/theimc_robot/build/interfaces_pkg
[39.996s] Level 1:colcon.colcon_core.environment:create_environment_scripts_only(interfaces_pkg)
[39.997s] Level 1:colcon.colcon_core.environment:checking '/home/jeff/theimc_robot/install/interfaces_pkg' for CMake module files
[39.999s] DEBUG:colcon.colcon_core.event_handler.log_command:Invoked command in '/home/jeff/theimc_robot/build/interfaces_pkg' returned '0': CMAKE_PREFIX_PATH=${CMAKE_PREFIX_PATH}:/home/jeff/theimc_robot/install/theimc_teleop:/home/jeff/theimc_robot/install/theimc_bringup:/home/jeff/theimc_robot/install/localizer_server:/home/jeff/theimc_robot/install/decision_making_pkg:/home/jeff/theimc_robot/install/debug_pkg:/home/jeff/theimc_robot/install/camera_perception_pkg:/opt/ros/humble /usr/bin/cmake --install /home/jeff/theimc_robot/build/interfaces_pkg
[40.001s] Level 1:colcon.colcon_core.environment:checking '/home/jeff/theimc_robot/install/interfaces_pkg' for CMake config files
[40.011s] Level 1:colcon.colcon_core.shell:create_environment_hook('interfaces_pkg', 'cmake_prefix_path')
[40.012s] INFO:colcon.colcon_core.shell:Creating environment hook '/home/jeff/theimc_robot/install/interfaces_pkg/share/interfaces_pkg/hook/cmake_prefix_path.ps1'
[40.014s] INFO:colcon.colcon_core.shell:Creating environment descriptor '/home/jeff/theimc_robot/install/interfaces_pkg/share/interfaces_pkg/hook/cmake_prefix_path.dsv'
[40.015s] INFO:colcon.colcon_core.shell:Creating environment hook '/home/jeff/theimc_robot/install/interfaces_pkg/share/interfaces_pkg/hook/cmake_prefix_path.sh'
[40.017s] Level 1:colcon.colcon_core.environment:checking '/home/jeff/theimc_robot/install/interfaces_pkg/lib'
[40.018s] Level 1:colcon.colcon_core.shell:create_environment_hook('interfaces_pkg', 'ld_library_path_lib')
[40.019s] INFO:colcon.colcon_core.shell:Creating environment hook '/home/jeff/theimc_robot/install/interfaces_pkg/share/interfaces_pkg/hook/ld_library_path_lib.ps1'
[40.020s] INFO:colcon.colcon_core.shell:Creating environment descriptor '/home/jeff/theimc_robot/install/interfaces_pkg/share/interfaces_pkg/hook/ld_library_path_lib.dsv'
[40.021s] INFO:colcon.colcon_core.shell:Creating environment hook '/home/jeff/theimc_robot/install/interfaces_pkg/share/interfaces_pkg/hook/ld_library_path_lib.sh'
[40.022s] Level 1:colcon.colcon_core.environment:checking '/home/jeff/theimc_robot/install/interfaces_pkg/bin'
[40.023s] Level 1:colcon.colcon_core.environment:checking '/home/jeff/theimc_robot/install/interfaces_pkg/lib/pkgconfig/interfaces_pkg.pc'
[40.024s] Level 1:colcon.colcon_core.environment:checking '/home/jeff/theimc_robot/install/interfaces_pkg/lib/python3.10/site-packages'
[40.025s] Level 1:colcon.colcon_core.environment:checking '/home/jeff/theimc_robot/install/interfaces_pkg/bin'
[40.026s] INFO:colcon.colcon_core.shell:Creating package script '/home/jeff/theimc_robot/install/interfaces_pkg/share/interfaces_pkg/package.ps1'
[40.028s] INFO:colcon.colcon_core.shell:Creating package descriptor '/home/jeff/theimc_robot/install/interfaces_pkg/share/interfaces_pkg/package.dsv'
[40.030s] INFO:colcon.colcon_core.shell:Creating package script '/home/jeff/theimc_robot/install/interfaces_pkg/share/interfaces_pkg/package.sh'
[40.032s] INFO:colcon.colcon_core.shell:Creating package script '/home/jeff/theimc_robot/install/interfaces_pkg/share/interfaces_pkg/package.bash'
[40.033s] INFO:colcon.colcon_core.shell:Creating package script '/home/jeff/theimc_robot/install/interfaces_pkg/share/interfaces_pkg/package.zsh'
[40.034s] Level 1:colcon.colcon_core.environment:create_file_with_runtime_dependencies(/home/jeff/theimc_robot/install/interfaces_pkg/share/colcon-core/packages/interfaces_pkg)
[40.036s] Level 1:colcon.colcon_core.environment:create_environment_scripts_only(interfaces_pkg)
[40.037s] Level 1:colcon.colcon_core.environment:checking '/home/jeff/theimc_robot/install/interfaces_pkg' for CMake module files
[40.040s] Level 1:colcon.colcon_core.environment:checking '/home/jeff/theimc_robot/install/interfaces_pkg' for CMake config files
[40.049s] Level 1:colcon.colcon_core.shell:create_environment_hook('interfaces_pkg', 'cmake_prefix_path')
[40.050s] INFO:colcon.colcon_core.shell:Creating environment hook '/home/jeff/theimc_robot/install/interfaces_pkg/share/interfaces_pkg/hook/cmake_prefix_path.ps1'
[40.051s] INFO:colcon.colcon_core.shell:Creating environment descriptor '/home/jeff/theimc_robot/install/interfaces_pkg/share/interfaces_pkg/hook/cmake_prefix_path.dsv'
[40.052s] INFO:colcon.colcon_core.shell:Creating environment hook '/home/jeff/theimc_robot/install/interfaces_pkg/share/interfaces_pkg/hook/cmake_prefix_path.sh'
[40.053s] Level 1:colcon.colcon_core.environment:checking '/home/jeff/theimc_robot/install/interfaces_pkg/lib'
[40.053s] Level 1:colcon.colcon_core.shell:create_environment_hook('interfaces_pkg', 'ld_library_path_lib')
[40.054s] INFO:colcon.colcon_core.shell:Creating environment hook '/home/jeff/theimc_robot/install/interfaces_pkg/share/interfaces_pkg/hook/ld_library_path_lib.ps1'
[40.055s] INFO:colcon.colcon_core.shell:Creating environment descriptor '/home/jeff/theimc_robot/install/interfaces_pkg/share/interfaces_pkg/hook/ld_library_path_lib.dsv'
[40.056s] INFO:colcon.colcon_core.shell:Creating environment hook '/home/jeff/theimc_robot/install/interfaces_pkg/share/interfaces_pkg/hook/ld_library_path_lib.sh'
[40.057s] Level 1:colcon.colcon_core.environment:checking '/home/jeff/theimc_robot/install/interfaces_pkg/bin'
[40.058s] Level 1:colcon.colcon_core.environment:checking '/home/jeff/theimc_robot/install/interfaces_pkg/lib/pkgconfig/interfaces_pkg.pc'
[40.058s] Level 1:colcon.colcon_core.environment:checking '/home/jeff/theimc_robot/install/interfaces_pkg/lib/python3.10/site-packages'
[40.059s] Level 1:colcon.colcon_core.environment:checking '/home/jeff/theimc_robot/install/interfaces_pkg/bin'
[40.060s] INFO:colcon.colcon_core.shell:Creating package script '/home/jeff/theimc_robot/install/interfaces_pkg/share/interfaces_pkg/package.ps1'
[40.062s] INFO:colcon.colcon_core.shell:Creating package descriptor '/home/jeff/theimc_robot/install/interfaces_pkg/share/interfaces_pkg/package.dsv'
[40.064s] INFO:colcon.colcon_core.shell:Creating package script '/home/jeff/theimc_robot/install/interfaces_pkg/share/interfaces_pkg/package.sh'
[40.065s] INFO:colcon.colcon_core.shell:Creating package script '/home/jeff/theimc_robot/install/interfaces_pkg/share/interfaces_pkg/package.bash'
[40.066s] INFO:colcon.colcon_core.shell:Creating package script '/home/jeff/theimc_robot/install/interfaces_pkg/share/interfaces_pkg/package.zsh'
[40.067s] Level 1:colcon.colcon_core.environment:create_file_with_runtime_dependencies(/home/jeff/theimc_robot/install/interfaces_pkg/share/colcon-core/packages/interfaces_pkg)
[40.068s] INFO:colcon.colcon_ros.task.ament_python.build:Building ROS package in '/home/jeff/theimc_robot/src/decision_making_pkg' with build type 'ament_python'
[40.068s] Level 1:colcon.colcon_core.shell:create_environment_hook('decision_making_pkg', 'ament_prefix_path')
[40.069s] INFO:colcon.colcon_core.shell:Creating environment hook '/home/jeff/theimc_robot/install/decision_making_pkg/share/decision_making_pkg/hook/ament_prefix_path.ps1'
[40.071s] INFO:colcon.colcon_core.shell:Creating environment descriptor '/home/jeff/theimc_robot/install/decision_making_pkg/share/decision_making_pkg/hook/ament_prefix_path.dsv'
[40.072s] INFO:colcon.colcon_core.shell:Creating environment hook '/home/jeff/theimc_robot/install/decision_making_pkg/share/decision_making_pkg/hook/ament_prefix_path.sh'
[40.073s] INFO:colcon.colcon_core.shell:Skip shell extension 'powershell' for command environment: Not usable outside of PowerShell
[40.074s] DEBUG:colcon.colcon_core.shell:Skip shell extension 'dsv' for command environment
[40.083s] INFO:colcon.colcon_ros.task.ament_cmake.build:Building ROS package in '/home/jeff/theimc_robot/src/theimc_bt_nodes' with build type 'ament_cmake'
[40.084s] INFO:colcon.colcon_cmake.task.cmake.build:Building CMake package in '/home/jeff/theimc_robot/src/theimc_bt_nodes'
[40.084s] INFO:colcon.colcon_core.shell:Skip shell extension 'powershell' for command environment: Not usable outside of PowerShell
[40.084s] DEBUG:colcon.colcon_core.shell:Skip shell extension 'dsv' for command environment
[40.686s] INFO:colcon.colcon_core.task.python.build:Building Python package in '/home/jeff/theimc_robot/src/decision_making_pkg'
[40.687s] INFO:colcon.colcon_core.shell:Skip shell extension 'powershell' for command environment: Not usable outside of PowerShell
[40.688s] DEBUG:colcon.colcon_core.shell:Skip shell extension 'dsv' for command environment
[40.711s] DEBUG:colcon.colcon_core.event_handler.log_command:Invoking command in '/home/jeff/theimc_robot/build/theimc_bt_nodes': CMAKE_PREFIX_PATH=/home/jeff/theimc_robot/install/theimc_navigation2:/home/jeff/theimc_robot/install/interfaces_pkg:/home/jeff/theimc_robot/install/theimc_bt_nodes:/home/jeff/theimc_robot/install/theimc_description:/home/jeff/theimc_robot/install/sllidar_ros2:/home/jeff/theimc_robot/install/theimc_teleop:/home/jeff/theimc_robot/install/theimc_bringup:/home/jeff/theimc_robot/install/localizer_server:/home/jeff/theimc_robot/install/decision_making_pkg:/home/jeff/theimc_robot/install/debug_pkg:/home/jeff/theimc_robot/install/camera_perception_pkg:/opt/ros/humble LD_LIBRARY_PATH=/home/jeff/theimc_robot/install/theimc_navigation2/lib:/home/jeff/theimc_robot/install/interfaces_pkg/lib:/usr/local/cuda/lib64:/usr/local/cuda/lib64:/home/jeff/theimc_robot/install/theimc_bt_nodes/lib:/opt/ros/humble/opt/rviz_ogre_vendor/lib:/opt/ros/humble/lib/aarch64-linux-gnu:/opt/ros/humble/lib /usr/bin/cmake /home/jeff/theimc_robot/src/theimc_bt_nodes -DAMENT_CMAKE_SYMLINK_INSTALL=1 -DCMAKE_INSTALL_PREFIX=/home/jeff/theimc_robot/install/theimc_bt_nodes
[41.502s] DEBUG:colcon.colcon_core.task.python.build:Available setuptools commands: rotate, install, clean, install_lib, upload_docs, build_scripts, saveopts, setopt, sdist, dist_info, easy_install, install_headers, install_scripts, egg_info, check, upload, bdist_wheel, install_data, install_egg_info, register, bdist_dumb, bdist_egg, test, build_clib, develop, bdist_rpm, bdist, build, symlink_data, build_ext, build_py, alias
[42.140s] DEBUG:colcon.colcon_core.task.python.build:Available setuptools 'develop' options: --local-snapshots-ok, --multi-version, --exclude-scripts, --optimize, --force-installation-into-system-dir, --upgrade, --find-links, --quiet, --version, --zip-ok, --allow-hosts, --no-user-cfg, --script-dir, --dry-run, --site-dirs, --install-layout, --uninstall, --editable, --build-directory, --verbose, --user, --no-find-links, --help, --no-deps, --index-url, --always-unzip, --install-dir, --prefix, --always-copy, --egg-path, --record
[42.142s] DEBUG:colcon.colcon_core.task.python.build:While undoing a previous installation files outside the Python library path are being ignored: /home/jeff/theimc_robot/install/decision_making_pkg/share/ament_index/resource_index/packages/decision_making_pkg
[42.142s] DEBUG:colcon.colcon_core.task.python.build:While undoing a previous installation files outside the Python library path are being ignored: /home/jeff/theimc_robot/install/decision_making_pkg/share/decision_making_pkg/package.xml
[42.143s] DEBUG:colcon.colcon_core.task.python.build:While undoing a previous installation files outside the Python library path are being ignored: /home/jeff/theimc_robot/install/decision_making_pkg/lib/decision_making_pkg/aruco_docker_node
[42.143s] DEBUG:colcon.colcon_core.task.python.build:While undoing a previous installation files outside the Python library path are being ignored: /home/jeff/theimc_robot/install/decision_making_pkg/lib/decision_making_pkg/rail_approach_action_server_node
[42.144s] DEBUG:colcon.colcon_core.task.python.build:While undoing a previous installation files outside the Python library path are being ignored: /home/jeff/theimc_robot/install/decision_making_pkg/lib/decision_making_pkg/rail_pd_controller_node
[42.150s] DEBUG:colcon.colcon_core.event_handler.log_command:Invoking command in '/home/jeff/theimc_robot/build/decision_making_pkg': CMAKE_PREFIX_PATH=/home/jeff/theimc_robot/install/interfaces_pkg:/home/jeff/theimc_robot/install/theimc_bt_nodes:/home/jeff/theimc_robot/install/theimc_navigation2:/home/jeff/theimc_robot/install/theimc_description:/home/jeff/theimc_robot/install/sllidar_ros2 LD_LIBRARY_PATH=/home/jeff/theimc_robot/install/interfaces_pkg/lib:/usr/local/cuda/lib64:/usr/local/cuda/lib64:/home/jeff/theimc_robot/install/theimc_bt_nodes/lib:/home/jeff/theimc_robot/install/theimc_navigation2/lib:/opt/ros/humble/opt/rviz_ogre_vendor/lib:/opt/ros/humble/lib/aarch64-linux-gnu:/opt/ros/humble/lib PYTHONPATH=/home/jeff/theimc_robot/build/decision_making_pkg/prefix_override:/usr/lib/python3/dist-packages/colcon_core/task/python/colcon_distutils_commands:/home/jeff/theimc_robot/install/decision_making_pkg/lib/python3.10/site-packages:${PYTHONPATH} /usr/bin/python3 -W ignore:setup.py install is deprecated -W ignore:easy_install command is deprecated setup.py develop --editable --build-directory /home/jeff/theimc_robot/build/decision_making_pkg/build --no-deps symlink_data --force
[42.494s] DEBUG:colcon.colcon_core.event_handler.log_command:Invoked command in '/home/jeff/theimc_robot/build/theimc_bt_nodes' returned '0': CMAKE_PREFIX_PATH=/home/jeff/theimc_robot/install/theimc_navigation2:/home/jeff/theimc_robot/install/interfaces_pkg:/home/jeff/theimc_robot/install/theimc_bt_nodes:/home/jeff/theimc_robot/install/theimc_description:/home/jeff/theimc_robot/install/sllidar_ros2:/home/jeff/theimc_robot/install/theimc_teleop:/home/jeff/theimc_robot/install/theimc_bringup:/home/jeff/theimc_robot/install/localizer_server:/home/jeff/theimc_robot/install/decision_making_pkg:/home/jeff/theimc_robot/install/debug_pkg:/home/jeff/theimc_robot/install/camera_perception_pkg:/opt/ros/humble LD_LIBRARY_PATH=/home/jeff/theimc_robot/install/theimc_navigation2/lib:/home/jeff/theimc_robot/install/interfaces_pkg/lib:/usr/local/cuda/lib64:/usr/local/cuda/lib64:/home/jeff/theimc_robot/install/theimc_bt_nodes/lib:/opt/ros/humble/opt/rviz_ogre_vendor/lib:/opt/ros/humble/lib/aarch64-linux-gnu:/opt/ros/humble/lib /usr/bin/cmake /home/jeff/theimc_robot/src/theimc_bt_nodes -DAMENT_CMAKE_SYMLINK_INSTALL=1 -DCMAKE_INSTALL_PREFIX=/home/jeff/theimc_robot/install/theimc_bt_nodes
[42.499s] DEBUG:colcon.colcon_core.event_handler.log_command:Invoking command in '/home/jeff/theimc_robot/build/theimc_bt_nodes': CMAKE_PREFIX_PATH=/home/jeff/theimc_robot/install/theimc_navigation2:/home/jeff/theimc_robot/install/interfaces_pkg:/home/jeff/theimc_robot/install/theimc_bt_nodes:/home/jeff/theimc_robot/install/theimc_description:/home/jeff/theimc_robot/install/sllidar_ros2:/home/jeff/theimc_robot/install/theimc_teleop:/home/jeff/theimc_robot/install/theimc_bringup:/home/jeff/theimc_robot/install/localizer_server:/home/jeff/theimc_robot/install/decision_making_pkg:/home/jeff/theimc_robot/install/debug_pkg:/home/jeff/theimc_robot/install/camera_perception_pkg:/opt/ros/humble LD_LIBRARY_PATH=/home/jeff/theimc_robot/install/theimc_navigation2/lib:/home/jeff/theimc_robot/install/interfaces_pkg/lib:/usr/local/cuda/lib64:/usr/local/cuda/lib64:/home/jeff/theimc_robot/install/theimc_bt_nodes/lib:/opt/ros/humble/opt/rviz_ogre_vendor/lib:/opt/ros/humble/lib/aarch64-linux-gnu:/opt/ros/humble/lib /usr/bin/cmake --build /home/jeff/theimc_robot/build/theimc_bt_nodes -- -j6 -l6
[43.238s] Level 1:colcon.colcon_core.shell:create_environment_hook('decision_making_pkg', 'pythonpath_develop')
[43.239s] INFO:colcon.colcon_core.shell:Creating environment hook '/home/jeff/theimc_robot/build/decision_making_pkg/share/decision_making_pkg/hook/pythonpath_develop.ps1'
[43.240s] DEBUG:colcon.colcon_core.event_handler.log_command:Invoked command in '/home/jeff/theimc_robot/build/decision_making_pkg' returned '0': CMAKE_PREFIX_PATH=/home/jeff/theimc_robot/install/interfaces_pkg:/home/jeff/theimc_robot/install/theimc_bt_nodes:/home/jeff/theimc_robot/install/theimc_navigation2:/home/jeff/theimc_robot/install/theimc_description:/home/jeff/theimc_robot/install/sllidar_ros2 LD_LIBRARY_PATH=/home/jeff/theimc_robot/install/interfaces_pkg/lib:/usr/local/cuda/lib64:/usr/local/cuda/lib64:/home/jeff/theimc_robot/install/theimc_bt_nodes/lib:/home/jeff/theimc_robot/install/theimc_navigation2/lib:/opt/ros/humble/opt/rviz_ogre_vendor/lib:/opt/ros/humble/lib/aarch64-linux-gnu:/opt/ros/humble/lib PYTHONPATH=/home/jeff/theimc_robot/build/decision_making_pkg/prefix_override:/usr/lib/python3/dist-packages/colcon_core/task/python/colcon_distutils_commands:/home/jeff/theimc_robot/install/decision_making_pkg/lib/python3.10/site-packages:${PYTHONPATH} /usr/bin/python3 -W ignore:setup.py install is deprecated -W ignore:easy_install command is deprecated setup.py develop --editable --build-directory /home/jeff/theimc_robot/build/decision_making_pkg/build --no-deps symlink_data --force
[43.241s] INFO:colcon.colcon_core.shell:Creating environment descriptor '/home/jeff/theimc_robot/build/decision_making_pkg/share/decision_making_pkg/hook/pythonpath_develop.dsv'
[43.242s] INFO:colcon.colcon_core.shell:Creating environment hook '/home/jeff/theimc_robot/build/decision_making_pkg/share/decision_making_pkg/hook/pythonpath_develop.sh'
[43.243s] Level 1:colcon.colcon_core.environment:checking '/home/jeff/theimc_robot/install/decision_making_pkg' for CMake module files
[43.244s] Level 1:colcon.colcon_core.environment:checking '/home/jeff/theimc_robot/install/decision_making_pkg' for CMake config files
[43.245s] Level 1:colcon.colcon_core.environment:checking '/home/jeff/theimc_robot/install/decision_making_pkg/lib'
[43.245s] Level 1:colcon.colcon_core.environment:checking '/home/jeff/theimc_robot/install/decision_making_pkg/bin'
[43.245s] Level 1:colcon.colcon_core.environment:checking '/home/jeff/theimc_robot/install/decision_making_pkg/lib/pkgconfig/decision_making_pkg.pc'
[43.246s] Level 1:colcon.colcon_core.environment:checking '/home/jeff/theimc_robot/install/decision_making_pkg/lib/python3.10/site-packages'
[43.246s] Level 1:colcon.colcon_core.shell:create_environment_hook('decision_making_pkg', 'pythonpath')
[43.247s] INFO:colcon.colcon_core.shell:Creating environment hook '/home/jeff/theimc_robot/install/decision_making_pkg/share/decision_making_pkg/hook/pythonpath.ps1'
[43.248s] INFO:colcon.colcon_core.shell:Creating environment descriptor '/home/jeff/theimc_robot/install/decision_making_pkg/share/decision_making_pkg/hook/pythonpath.dsv'
[43.249s] INFO:colcon.colcon_core.shell:Creating environment hook '/home/jeff/theimc_robot/install/decision_making_pkg/share/decision_making_pkg/hook/pythonpath.sh'
[43.250s] Level 1:colcon.colcon_core.environment:checking '/home/jeff/theimc_robot/install/decision_making_pkg/bin'
[43.250s] Level 1:colcon.colcon_core.environment:create_environment_scripts_only(decision_making_pkg)
[43.251s] INFO:colcon.colcon_core.shell:Creating package script '/home/jeff/theimc_robot/install/decision_making_pkg/share/decision_making_pkg/package.ps1'
[43.253s] INFO:colcon.colcon_core.shell:Creating package descriptor '/home/jeff/theimc_robot/install/decision_making_pkg/share/decision_making_pkg/package.dsv'
[43.254s] INFO:colcon.colcon_core.shell:Creating package script '/home/jeff/theimc_robot/install/decision_making_pkg/share/decision_making_pkg/package.sh'
[43.255s] INFO:colcon.colcon_core.shell:Creating package script '/home/jeff/theimc_robot/install/decision_making_pkg/share/decision_making_pkg/package.bash'
[43.255s] INFO:colcon.colcon_core.shell:Creating package script '/home/jeff/theimc_robot/install/decision_making_pkg/share/decision_making_pkg/package.zsh'
[43.256s] Level 1:colcon.colcon_core.environment:create_file_with_runtime_dependencies(/home/jeff/theimc_robot/install/decision_making_pkg/share/colcon-core/packages/decision_making_pkg)
[60.487s] DEBUG:colcon.colcon_core.event_handler.log_command:Invoked command in '/home/jeff/theimc_robot/build/theimc_bt_nodes' returned '0': CMAKE_PREFIX_PATH=/home/jeff/theimc_robot/install/theimc_navigation2:/home/jeff/theimc_robot/install/interfaces_pkg:/home/jeff/theimc_robot/install/theimc_bt_nodes:/home/jeff/theimc_robot/install/theimc_description:/home/jeff/theimc_robot/install/sllidar_ros2:/home/jeff/theimc_robot/install/theimc_teleop:/home/jeff/theimc_robot/install/theimc_bringup:/home/jeff/theimc_robot/install/localizer_server:/home/jeff/theimc_robot/install/decision_making_pkg:/home/jeff/theimc_robot/install/debug_pkg:/home/jeff/theimc_robot/install/camera_perception_pkg:/opt/ros/humble LD_LIBRARY_PATH=/home/jeff/theimc_robot/install/theimc_navigation2/lib:/home/jeff/theimc_robot/install/interfaces_pkg/lib:/usr/local/cuda/lib64:/usr/local/cuda/lib64:/home/jeff/theimc_robot/install/theimc_bt_nodes/lib:/opt/ros/humble/opt/rviz_ogre_vendor/lib:/opt/ros/humble/lib/aarch64-linux-gnu:/opt/ros/humble/lib /usr/bin/cmake --build /home/jeff/theimc_robot/build/theimc_bt_nodes -- -j6 -l6
[60.491s] DEBUG:colcon.colcon_core.event_handler.log_command:Invoking command in '/home/jeff/theimc_robot/build/theimc_bt_nodes': CMAKE_PREFIX_PATH=/home/jeff/theimc_robot/install/theimc_navigation2:/home/jeff/theimc_robot/install/interfaces_pkg:/home/jeff/theimc_robot/install/theimc_bt_nodes:/home/jeff/theimc_robot/install/theimc_description:/home/jeff/theimc_robot/install/sllidar_ros2:/home/jeff/theimc_robot/install/theimc_teleop:/home/jeff/theimc_robot/install/theimc_bringup:/home/jeff/theimc_robot/install/localizer_server:/home/jeff/theimc_robot/install/decision_making_pkg:/home/jeff/theimc_robot/install/debug_pkg:/home/jeff/theimc_robot/install/camera_perception_pkg:/opt/ros/humble LD_LIBRARY_PATH=/home/jeff/theimc_robot/install/theimc_navigation2/lib:/home/jeff/theimc_robot/install/interfaces_pkg/lib:/usr/local/cuda/lib64:/usr/local/cuda/lib64:/home/jeff/theimc_robot/install/theimc_bt_nodes/lib:/opt/ros/humble/opt/rviz_ogre_vendor/lib:/opt/ros/humble/lib/aarch64-linux-gnu:/opt/ros/humble/lib /usr/bin/cmake --install /home/jeff/theimc_robot/build/theimc_bt_nodes
[61.418s] Level 1:colcon.colcon_core.environment:create_environment_scripts_only(theimc_bt_nodes)
[61.419s] Level 1:colcon.colcon_core.environment:checking '/home/jeff/theimc_robot/install/theimc_bt_nodes' for CMake module files
[61.420s] DEBUG:colcon.colcon_core.event_handler.log_command:Invoked command in '/home/jeff/theimc_robot/build/theimc_bt_nodes' returned '0': CMAKE_PREFIX_PATH=/home/jeff/theimc_robot/install/theimc_navigation2:/home/jeff/theimc_robot/install/interfaces_pkg:/home/jeff/theimc_robot/install/theimc_bt_nodes:/home/jeff/theimc_robot/install/theimc_description:/home/jeff/theimc_robot/install/sllidar_ros2:/home/jeff/theimc_robot/install/theimc_teleop:/home/jeff/theimc_robot/install/theimc_bringup:/home/jeff/theimc_robot/install/localizer_server:/home/jeff/theimc_robot/install/decision_making_pkg:/home/jeff/theimc_robot/install/debug_pkg:/home/jeff/theimc_robot/install/camera_perception_pkg:/opt/ros/humble LD_LIBRARY_PATH=/home/jeff/theimc_robot/install/theimc_navigation2/lib:/home/jeff/theimc_robot/install/interfaces_pkg/lib:/usr/local/cuda/lib64:/usr/local/cuda/lib64:/home/jeff/theimc_robot/install/theimc_bt_nodes/lib:/opt/ros/humble/opt/rviz_ogre_vendor/lib:/opt/ros/humble/lib/aarch64-linux-gnu:/opt/ros/humble/lib /usr/bin/cmake --install /home/jeff/theimc_robot/build/theimc_bt_nodes
[61.422s] Level 1:colcon.colcon_core.environment:checking '/home/jeff/theimc_robot/install/theimc_bt_nodes' for CMake config files
[61.424s] Level 1:colcon.colcon_core.shell:create_environment_hook('theimc_bt_nodes', 'cmake_prefix_path')
[61.425s] INFO:colcon.colcon_core.shell:Creating environment hook '/home/jeff/theimc_robot/install/theimc_bt_nodes/share/theimc_bt_nodes/hook/cmake_prefix_path.ps1'
[61.427s] INFO:colcon.colcon_core.shell:Creating environment descriptor '/home/jeff/theimc_robot/install/theimc_bt_nodes/share/theimc_bt_nodes/hook/cmake_prefix_path.dsv'
[61.428s] INFO:colcon.colcon_core.shell:Creating environment hook '/home/jeff/theimc_robot/install/theimc_bt_nodes/share/theimc_bt_nodes/hook/cmake_prefix_path.sh'
[61.430s] Level 1:colcon.colcon_core.environment:checking '/home/jeff/theimc_robot/install/theimc_bt_nodes/lib'
[61.430s] Level 1:colcon.colcon_core.shell:create_environment_hook('theimc_bt_nodes', 'ld_library_path_lib')
[61.431s] INFO:colcon.colcon_core.shell:Creating environment hook '/home/jeff/theimc_robot/install/theimc_bt_nodes/share/theimc_bt_nodes/hook/ld_library_path_lib.ps1'
[61.433s] INFO:colcon.colcon_core.shell:Creating environment descriptor '/home/jeff/theimc_robot/install/theimc_bt_nodes/share/theimc_bt_nodes/hook/ld_library_path_lib.dsv'
[61.434s] INFO:colcon.colcon_core.shell:Creating environment hook '/home/jeff/theimc_robot/install/theimc_bt_nodes/share/theimc_bt_nodes/hook/ld_library_path_lib.sh'
[61.435s] Level 1:colcon.colcon_core.environment:checking '/home/jeff/theimc_robot/install/theimc_bt_nodes/bin'
[61.436s] Level 1:colcon.colcon_core.environment:checking '/home/jeff/theimc_robot/install/theimc_bt_nodes/lib/pkgconfig/theimc_bt_nodes.pc'
[61.437s] Level 1:colcon.colcon_core.environment:checking '/home/jeff/theimc_robot/install/theimc_bt_nodes/lib/python3.10/site-packages'
[61.438s] Level 1:colcon.colcon_core.environment:checking '/home/jeff/theimc_robot/install/theimc_bt_nodes/bin'
[61.439s] INFO:colcon.colcon_core.shell:Creating package script '/home/jeff/theimc_robot/install/theimc_bt_nodes/share/theimc_bt_nodes/package.ps1'
[61.442s] INFO:colcon.colcon_core.shell:Creating package descriptor '/home/jeff/theimc_robot/install/theimc_bt_nodes/share/theimc_bt_nodes/package.dsv'
[61.443s] INFO:colcon.colcon_core.shell:Creating package script '/home/jeff/theimc_robot/install/theimc_bt_nodes/share/theimc_bt_nodes/package.sh'
[61.445s] INFO:colcon.colcon_core.shell:Creating package script '/home/jeff/theimc_robot/install/theimc_bt_nodes/share/theimc_bt_nodes/package.bash'
[61.446s] INFO:colcon.colcon_core.shell:Creating package script '/home/jeff/theimc_robot/install/theimc_bt_nodes/share/theimc_bt_nodes/package.zsh'
[61.448s] Level 1:colcon.colcon_core.environment:create_file_with_runtime_dependencies(/home/jeff/theimc_robot/install/theimc_bt_nodes/share/colcon-core/packages/theimc_bt_nodes)
[61.450s] Level 1:colcon.colcon_core.environment:create_environment_scripts_only(theimc_bt_nodes)
[61.451s] Level 1:colcon.colcon_core.environment:checking '/home/jeff/theimc_robot/install/theimc_bt_nodes' for CMake module files
[61.452s] Level 1:colcon.colcon_core.environment:checking '/home/jeff/theimc_robot/install/theimc_bt_nodes' for CMake config files
[61.454s] Level 1:colcon.colcon_core.shell:create_environment_hook('theimc_bt_nodes', 'cmake_prefix_path')
[61.455s] INFO:colcon.colcon_core.shell:Creating environment hook '/home/jeff/theimc_robot/install/theimc_bt_nodes/share/theimc_bt_nodes/hook/cmake_prefix_path.ps1'
[61.456s] INFO:colcon.colcon_core.shell:Creating environment descriptor '/home/jeff/theimc_robot/install/theimc_bt_nodes/share/theimc_bt_nodes/hook/cmake_prefix_path.dsv'
[61.458s] INFO:colcon.colcon_core.shell:Creating environment hook '/home/jeff/theimc_robot/install/theimc_bt_nodes/share/theimc_bt_nodes/hook/cmake_prefix_path.sh'
[61.460s] Level 1:colcon.colcon_core.environment:checking '/home/jeff/theimc_robot/install/theimc_bt_nodes/lib'
[61.460s] Level 1:colcon.colcon_core.shell:create_environment_hook('theimc_bt_nodes', 'ld_library_path_lib')
[61.461s] INFO:colcon.colcon_core.shell:Creating environment hook '/home/jeff/theimc_robot/install/theimc_bt_nodes/share/theimc_bt_nodes/hook/ld_library_path_lib.ps1'
[61.462s] INFO:colcon.colcon_core.shell:Creating environment descriptor '/home/jeff/theimc_robot/install/theimc_bt_nodes/share/theimc_bt_nodes/hook/ld_library_path_lib.dsv'
[61.464s] INFO:colcon.colcon_core.shell:Creating environment hook '/home/jeff/theimc_robot/install/theimc_bt_nodes/share/theimc_bt_nodes/hook/ld_library_path_lib.sh'
[61.465s] Level 1:colcon.colcon_core.environment:checking '/home/jeff/theimc_robot/install/theimc_bt_nodes/bin'
[61.465s] Level 1:colcon.colcon_core.environment:checking '/home/jeff/theimc_robot/install/theimc_bt_nodes/lib/pkgconfig/theimc_bt_nodes.pc'
[61.466s] Level 1:colcon.colcon_core.environment:checking '/home/jeff/theimc_robot/install/theimc_bt_nodes/lib/python3.10/site-packages'
[61.467s] Level 1:colcon.colcon_core.environment:checking '/home/jeff/theimc_robot/install/theimc_bt_nodes/bin'
[61.469s] INFO:colcon.colcon_core.shell:Creating package script '/home/jeff/theimc_robot/install/theimc_bt_nodes/share/theimc_bt_nodes/package.ps1'
[61.471s] INFO:colcon.colcon_core.shell:Creating package descriptor '/home/jeff/theimc_robot/install/theimc_bt_nodes/share/theimc_bt_nodes/package.dsv'
[61.473s] INFO:colcon.colcon_core.shell:Creating package script '/home/jeff/theimc_robot/install/theimc_bt_nodes/share/theimc_bt_nodes/package.sh'
[61.474s] INFO:colcon.colcon_core.shell:Creating package script '/home/jeff/theimc_robot/install/theimc_bt_nodes/share/theimc_bt_nodes/package.bash'
[61.476s] INFO:colcon.colcon_core.shell:Creating package script '/home/jeff/theimc_robot/install/theimc_bt_nodes/share/theimc_bt_nodes/package.zsh'
[61.477s] Level 1:colcon.colcon_core.environment:create_file_with_runtime_dependencies(/home/jeff/theimc_robot/install/theimc_bt_nodes/share/colcon-core/packages/theimc_bt_nodes)
[61.478s] DEBUG:colcon.colcon_parallel_executor.executor.parallel:closing loop
[61.479s] DEBUG:colcon.colcon_parallel_executor.executor.parallel:loop closed
[61.479s] DEBUG:colcon.colcon_parallel_executor.executor.parallel:run_until_complete finished with '0'
[61.480s] DEBUG:colcon.colcon_core.event_reactor:joining thread
[61.482s] DEBUG:colcon.colcon_core.event_reactor:joined thread
[61.482s] INFO:colcon.colcon_core.shell:Creating prefix script '/home/jeff/theimc_robot/install/local_setup.ps1'
[61.486s] INFO:colcon.colcon_core.shell:Creating prefix util module '/home/jeff/theimc_robot/install/_local_setup_util_ps1.py'
[61.491s] INFO:colcon.colcon_core.shell:Creating prefix chain script '/home/jeff/theimc_robot/install/setup.ps1'
[61.497s] INFO:colcon.colcon_core.shell:Creating prefix script '/home/jeff/theimc_robot/install/local_setup.sh'
[61.499s] INFO:colcon.colcon_core.shell:Creating prefix util module '/home/jeff/theimc_robot/install/_local_setup_util_sh.py'
[61.501s] INFO:colcon.colcon_core.shell:Creating prefix chain script '/home/jeff/theimc_robot/install/setup.sh'
[61.507s] INFO:colcon.colcon_core.shell:Creating prefix script '/home/jeff/theimc_robot/install/local_setup.bash'
[61.508s] INFO:colcon.colcon_core.shell:Creating prefix chain script '/home/jeff/theimc_robot/install/setup.bash'
[61.512s] INFO:colcon.colcon_core.shell:Creating prefix script '/home/jeff/theimc_robot/install/local_setup.zsh'
[61.514s] INFO:colcon.colcon_core.shell:Creating prefix chain script '/home/jeff/theimc_robot/install/setup.zsh'
